debate_number,debate_id,title,label,motion,side,speaker,opponent,score,opponent_score,cohort,margin,generation_adjusted_score
1,craig-oconnor-god-debate-2026,Alex O'Connor vs William Lane Craig: Does God Exist?,Christian theism and suffering,"Does God exist, and do cosmology, fine-tuning, morality, resurrection, and suffering support or undermine Christian theism?",pro,William Lane Craig,Alex O'Connor,76,82,closed,-6,75.5085248234426
1,craig-oconnor-god-debate-2026,Alex O'Connor vs William Lane Craig: Does God Exist?,Christian theism and suffering,"Does God exist, and do cosmology, fine-tuning, morality, resurrection, and suffering support or undermine Christian theism?",con,Alex O'Connor,William Lane Craig,82,76,closed,6,81.5085248234426
2,craig-hitchens-god-existence-2009,William Lane Craig vs Christopher Hitchens: Does God Exist?,Christian theism and atheism,"Does God exist, and do cosmology, fine-tuning, morality, resurrection, suffering, and religion's record make Christian theism more plausible than atheism?",pro,William Lane Craig,Christopher Hitchens,78,82,closed,-4,77.5085248234426
2,craig-hitchens-god-existence-2009,William Lane Craig vs Christopher Hitchens: Does God Exist?,Christian theism and atheism,"Does God exist, and do cosmology, fine-tuning, morality, resurrection, suffering, and religion's record make Christian theism more plausible than atheism?",con,Christopher Hitchens,William Lane Craig,82,78,closed,4,81.5085248234426
3,hitchens-dsouza-religion-problem-2010,Christopher Hitchens vs Dinesh D'Souza: Is Religion the Problem?,Religion and public reason,"Is religion the problem, or does the God hypothesis better explain life, morality, purpose, and human experience than secular doubt?",pro,Christopher Hitchens,Dinesh D'Souza,83,75,closed,8,82.5085248234426
3,hitchens-dsouza-religion-problem-2010,Christopher Hitchens vs Dinesh D'Souza: Is Religion the Problem?,Religion and public reason,"Is religion the problem, or does the God hypothesis better explain life, morality, purpose, and human experience than secular doubt?",con,Dinesh D'Souza,Christopher Hitchens,75,83,closed,-8,74.5085248234426
4,lennox-atkins-science-explain-everything-2019,John Lennox vs Peter Atkins: Can Science Explain Everything?,Science and explanation,"Can science explain everything worth explaining, or do rationality, miracles, purpose, origins, morality, and meaning require a different kind of explanation?",pro,John Lennox,Peter Atkins,84,77,closed,7,83.5085248234426
4,lennox-atkins-science-explain-everything-2019,John Lennox vs Peter Atkins: Can Science Explain Everything?,Science and explanation,"Can science explain everything worth explaining, or do rationality, miracles, purpose, origins, morality, and meaning require a different kind of explanation?",con,Peter Atkins,John Lennox,77,84,closed,-7,76.5085248234426
5,dillahunty-ten-bruggencate-reasonable-god-2014,Matt Dillahunty vs Sye Ten Bruggencate: Is It Reasonable to Believe God Exists?,Logic and presuppositions,"Is belief in God reasonable, and can truth, logic, knowledge, induction, and evidence be accounted for without Christian revelation?",pro,Sye Ten Bruggencate,Matt Dillahunty,64,88,closed,-24,63.5085248234426
5,dillahunty-ten-bruggencate-reasonable-god-2014,Matt Dillahunty vs Sye Ten Bruggencate: Is It Reasonable to Believe God Exists?,Logic and presuppositions,"Is belief in God reasonable, and can truth, logic, knowledge, induction, and evidence be accounted for without Christian revelation?",con,Matt Dillahunty,Sye Ten Bruggencate,88,64,closed,24,87.5085248234426
6,dsouza-dillahunty-god-woman-2023,Dinesh D'Souza vs Matt Dillahunty: Does God Exist? What Is a Woman?,Theism and public reason,"Should beliefs about God, gender, politics, and social welfare be guided by faith-informed inference, empirical evidence, or secular-humanist consequences?",pro,Dinesh D'Souza,Matt Dillahunty,77,87,closed,-10,76.5085248234426
6,dsouza-dillahunty-god-woman-2023,Dinesh D'Souza vs Matt Dillahunty: Does God Exist? What Is a Woman?,Theism and public reason,"Should beliefs about God, gender, politics, and social welfare be guided by faith-informed inference, empirical evidence, or secular-humanist consequences?",con,Matt Dillahunty,Dinesh D'Souza,87,77,closed,10,86.5085248234426
7,wood-oconnor-jesus-claim-god-2025,David Wood vs Alex O'Connor: Did Jesus Claim to Be God?,New Testament christology,"Did Jesus personally claim divine identity, or do the relevant texts better show delegated authority, divine name-bearing, and later high christology?",pro,David Wood,Alex O'Connor,83,90,closed,-7,82.5085248234426
7,wood-oconnor-jesus-claim-god-2025,David Wood vs Alex O'Connor: Did Jesus Claim to Be God?,New Testament christology,"Did Jesus personally claim divine identity, or do the relevant texts better show delegated authority, divine name-bearing, and later high christology?",con,Alex O'Connor,David Wood,90,83,closed,7,89.5085248234426
8,wood-shermer-god-exist-2022,David Wood vs Michael Shermer: Does God Exist?,"Science, morality, and God","Does science, morality, evil, and explanatory method support theism more strongly than skeptical naturalism?",pro,David Wood,Michael Shermer,73,80,closed,-7,72.5085248234426
8,wood-shermer-god-exist-2022,David Wood vs Michael Shermer: Does God Exist?,"Science, morality, and God","Does science, morality, evil, and explanatory method support theism more strongly than skeptical naturalism?",con,Michael Shermer,David Wood,80,73,closed,7,79.5085248234426
9,peterson-dillahunty-god-debate-2023,Jordan Peterson vs Matt Dillahunty: The Greatest God Debate In History,God and religious meaning,"Does God-language name a real supernatural being, or does it function mainly as a religious, moral, and psychological substrate for meaning?",pro,Jordan Peterson,Matt Dillahunty,73,89,closed,-16,72.5085248234426
9,peterson-dillahunty-god-debate-2023,Jordan Peterson vs Matt Dillahunty: The Greatest God Debate In History,God and religious meaning,"Does God-language name a real supernatural being, or does it function mainly as a religious, moral, and psychological substrate for meaning?",con,Matt Dillahunty,Jordan Peterson,89,73,closed,16,88.5085248234426
10,craig-harris-moral-foundations-2011,William Lane Craig vs Sam Harris: The God Debate II,Moral foundations,Are the foundations of moral values and duties natural or supernatural?,pro,William Lane Craig,Sam Harris,79,79,closed,0,78.5085248234426
10,craig-harris-moral-foundations-2011,William Lane Craig vs Sam Harris: The God Debate II,Moral foundations,Are the foundations of moral values and duties natural or supernatural?,con,Sam Harris,William Lane Craig,79,79,closed,0,78.5085248234426
11,dsouza-ehrman-god-suffering-evil-2025,"Dinesh D'Souza vs Bart Ehrman: God, Suffering, and Evil",Problem of evil,"Can belief in a loving, powerful God survive the scale of suffering and evil in the world?",pro,Dinesh D'Souza,Bart Ehrman,79,87,closed,-8,78.5085248234426
11,dsouza-ehrman-god-suffering-evil-2025,"Dinesh D'Souza vs Bart Ehrman: God, Suffering, and Evil",Problem of evil,"Can belief in a loving, powerful God survive the scale of suffering and evil in the world?",con,Bart Ehrman,Dinesh D'Souza,87,79,closed,8,86.5085248234426
12,settecase-jump-evidence-for-god-2025,Joel Settecase vs Tom Jump: Is There Evidence for God?,Evidence and presuppositions,"Does evidence for God exist, or are logic, mathematics, and intelligibility better explained without Christian theism?",pro,Joel Settecase,Tom Jump,84,78,closed,6,83.5085248234426
12,settecase-jump-evidence-for-god-2025,Joel Settecase vs Tom Jump: Is There Evidence for God?,Evidence and presuppositions,"Does evidence for God exist, or are logic, mathematics, and intelligibility better explained without Christian theism?",con,Tom Jump,Joel Settecase,78,84,closed,-6,77.5085248234426
13,knechtle-oconnor-christian-morality-2025,"Cliffe Knechtle vs Alex O'Connor: Christianity, Scripture, and Morality",Christian ethics,"Can Christianity's claims about forgiveness, morality, divine judgment, conquest, and slavery withstand skeptical objections?",pro,Cliffe Knechtle,Alex O'Connor,76,87,closed,-11,75.5085248234426
13,knechtle-oconnor-christian-morality-2025,"Cliffe Knechtle vs Alex O'Connor: Christianity, Scripture, and Morality",Christian ethics,"Can Christianity's claims about forgiveness, morality, divine judgment, conquest, and slavery withstand skeptical objections?",con,Alex O'Connor,Cliffe Knechtle,87,76,closed,11,86.5085248234426
14,jones-carrier-god-existence-2025,Michael Jones vs Richard Carrier: Does God Exist?,God and naturalism,"Does the evidence from consciousness, emergence, morality, and cosmology make theism more plausible than naturalism?",pro,Michael Jones,Richard Carrier,74,73,closed,1,73.5085248234426
14,jones-carrier-god-existence-2025,Michael Jones vs Richard Carrier: Does God Exist?,God and naturalism,"Does the evidence from consciousness, emergence, morality, and cosmology make theism more plausible than naturalism?",con,Richard Carrier,Michael Jones,73,74,closed,-1,72.5085248234426
15,hitchens-lennox-is-god-great-2017,Christopher Hitchens vs John Lennox: Is God Great?,God and anti-theism,"Is God great, and does Christian theism better explain science, morality, dignity, and hope than Hitchens's anti-theistic critique?",pro,John Lennox,Christopher Hitchens,77,81,closed,-4,76.5085248234426
15,hitchens-lennox-is-god-great-2017,Christopher Hitchens vs John Lennox: Is God Great?,God and anti-theism,"Is God great, and does Christian theism better explain science, morality, dignity, and hope than Hitchens's anti-theistic critique?",con,Christopher Hitchens,John Lennox,81,77,closed,4,80.5085248234426
16,hirsi-ali-dawkins-god-debate-2024,Ayaan Hirsi Ali vs Richard Dawkins: The God Debate,Faith and civilization,"Can Hirsi Ali's Christian turn be justified by personal experience, truth, and civilizational need, or should Dawkins's atheist truth test reject it?",pro,Ayaan Hirsi Ali,Richard Dawkins,74,84,closed,-10,73.5085248234426
16,hirsi-ali-dawkins-god-debate-2024,Ayaan Hirsi Ali vs Richard Dawkins: The God Debate,Faith and civilization,"Can Hirsi Ali's Christian turn be justified by personal experience, truth, and civilizational need, or should Dawkins's atheist truth test reject it?",con,Richard Dawkins,Ayaan Hirsi Ali,84,74,closed,10,83.5085248234426
17,collins-oconnor-god-existence-2024,Francis Collins vs Alex O'Connor: Does God Exist?,Science and faith,"Do fine-tuning, morality, resurrection, revelation, and beauty make Christian theism more plausible than O'Connor's skeptical agnosticism?",pro,Francis Collins,Alex O'Connor,79,88,closed,-9,78.5085248234426
17,collins-oconnor-god-existence-2024,Francis Collins vs Alex O'Connor: Does God Exist?,Science and faith,"Do fine-tuning, morality, resurrection, revelation, and beauty make Christian theism more plausible than O'Connor's skeptical agnosticism?",con,Alex O'Connor,Francis Collins,88,79,closed,9,87.5085248234426
19,harris-oconnor-objective-morality-2024,Sam Harris vs Alex O'Connor: Objective Morality and Emotivism,Moral landscape and emotivism,"Can objective morality be grounded in facts about conscious well-being, or does ethical language reduce to emotive expression plus instrumental science?",pro,Sam Harris,Alex O'Connor,77,88,closed,-11,76.5085248234426
19,harris-oconnor-objective-morality-2024,Sam Harris vs Alex O'Connor: Objective Morality and Emotivism,Moral landscape and emotivism,"Can objective morality be grounded in facts about conscious well-being, or does ethical language reduce to emotive expression plus instrumental science?",con,Alex O'Connor,Sam Harris,88,77,closed,11,87.5085248234426
20,hitchens-hitchens-iraq-god-2008,"Christopher Hitchens vs Peter Hitchens: Iraq, God, and Moral Authority","Iraq, God, and moral authority","Was the invasion of Iraq defensible, and does religion supply or corrupt moral authority?",pro,Christopher Hitchens,Peter Hitchens,79,77,closed,2,78.5085248234426
20,hitchens-hitchens-iraq-god-2008,"Christopher Hitchens vs Peter Hitchens: Iraq, God, and Moral Authority","Iraq, God, and moral authority","Was the invasion of Iraq defensible, and does religion supply or corrupt moral authority?",con,Peter Hitchens,Christopher Hitchens,77,79,closed,-2,76.5085248234426
21,hitchens-wolpe-great-god-debate-2010,Christopher Hitchens vs Rabbi David Wolpe: The Great God Debate,"God, meaning, and faith","Does religious faith reveal God, moral meaning, and human freedom, or does it replace reason with projection, authority, and harmful consolation?",pro,Christopher Hitchens,Rabbi David Wolpe,85,76,closed,9,84.5085248234426
21,hitchens-wolpe-great-god-debate-2010,Christopher Hitchens vs Rabbi David Wolpe: The Great God Debate,"God, meaning, and faith","Does religious faith reveal God, moral meaning, and human freedom, or does it replace reason with projection, authority, and harmful consolation?",con,Rabbi David Wolpe,Christopher Hitchens,76,85,closed,-9,75.5085248234426
22,turek-hitchens-god-existence-2008,Frank Turek vs Christopher Hitchens: Does God Exist?,"Cosmology, design, and anti-theism","Does God exist, and do cosmology, design, morality, consciousness, and Christian claims outweigh the anti-theist critique of religion?",pro,Frank Turek,Christopher Hitchens,74,81,closed,-7,73.5085248234426
22,turek-hitchens-god-existence-2008,Frank Turek vs Christopher Hitchens: Does God Exist?,"Cosmology, design, and anti-theism","Does God exist, and do cosmology, design, morality, consciousness, and Christian claims outweigh the anti-theist critique of religion?",con,Christopher Hitchens,Frank Turek,81,74,closed,7,80.5085248234426
23,oconnor-biddle-objective-morality-2024,Alex O'Connor vs Craig Biddle: Is Morality Objective?,Objectivist morality and emotivism,"Is morality objectively grounded in the factual requirements of human life, or are moral claims expressions of emotion without truth value?",pro,Craig Biddle,Alex O'Connor,82,89,closed,-7,81.5085248234426
23,oconnor-biddle-objective-morality-2024,Alex O'Connor vs Craig Biddle: Is Morality Objective?,Objectivist morality and emotivism,"Is morality objectively grounded in the factual requirements of human life, or are moral claims expressions of emotion without truth value?",con,Alex O'Connor,Craig Biddle,89,82,closed,7,88.5085248234426
24,hitchens-olasky-religion-grace-2007,"Christopher Hitchens vs Marvin Olasky: Religion, Grace, and Secular Morality","Religion, grace, and secular morality","Does religion poison everything, or does Christianity provide grace, charity, moral transformation, and historical credibility that defeat that charge?",pro,Christopher Hitchens,Marvin Olasky,80,82,closed,-2,79.5085248234426
24,hitchens-olasky-religion-grace-2007,"Christopher Hitchens vs Marvin Olasky: Religion, Grace, and Secular Morality","Religion, grace, and secular morality","Does religion poison everything, or does Christianity provide grace, charity, moral transformation, and historical credibility that defeat that charge?",con,Marvin Olasky,Christopher Hitchens,82,80,closed,2,81.5085248234426
25,hitchens-ramadan-islam-peace-2010,Christopher Hitchens vs Tariq Ramadan: Is Islam a Religion of Peace?,Islam as peace or power,"Is Islam a religion of peace, or do its claims, institutions, and enforcement patterns make that description untenable?",pro,Christopher Hitchens,Tariq Ramadan,80,82,closed,-2,79.5085248234426
25,hitchens-ramadan-islam-peace-2010,Christopher Hitchens vs Tariq Ramadan: Is Islam a Religion of Peace?,Islam as peace or power,"Is Islam a religion of peace, or do its claims, institutions, and enforcement patterns make that description untenable?",con,Tariq Ramadan,Christopher Hitchens,82,80,closed,2,81.5085248234426
26,turek-hitchens-reality-theism-atheism-2011,Frank Turek vs Christopher Hitchens: What Best Explains Reality?,"Reality, theism, and atheism","What best explains reality: theism, with a personal creator and revelation, or atheism, with no supernatural dimension?",pro,Frank Turek,Christopher Hitchens,74,83,closed,-9,73.5085248234426
26,turek-hitchens-reality-theism-atheism-2011,Frank Turek vs Christopher Hitchens: What Best Explains Reality?,"Reality, theism, and atheism","What best explains reality: theism, with a personal creator and revelation, or atheism, with no supernatural dimension?",con,Christopher Hitchens,Frank Turek,83,74,closed,9,82.5085248234426
27,oconnor-turek-evil-moral-argument-2017,Alex O'Connor vs Frank Turek: The Moral Argument Debate,Evil and moral objectivity,"Does evil and objective morality point to God, or can agnostic atheism explain moral experience without accepting a divine moral ground?",pro,Frank Turek,Alex O'Connor,76,87,closed,-11,75.5085248234426
27,oconnor-turek-evil-moral-argument-2017,Alex O'Connor vs Frank Turek: The Moral Argument Debate,Evil and moral objectivity,"Does evil and objective morality point to God, or can agnostic atheism explain moral experience without accepting a divine moral ground?",con,Alex O'Connor,Frank Turek,87,76,closed,11,86.5085248234426
28,turek-shermer-reality-theism-atheism-2018,Frank Turek vs Michael Shermer: What Best Explains Reality?,"Reality, evidence, and skepticism","What best explains reality: theism grounded in God as the cause of creation, reason, information, morality, evil, and science, or skeptical naturalism grounded in evidence and scientific inquiry?",pro,Frank Turek,Michael Shermer,72,83,closed,-11,71.5085248234426
28,turek-shermer-reality-theism-atheism-2018,Frank Turek vs Michael Shermer: What Best Explains Reality?,"Reality, evidence, and skepticism","What best explains reality: theism grounded in God as the cause of creation, reason, information, morality, evil, and science, or skeptical naturalism grounded in evidence and scientific inquiry?",con,Michael Shermer,Frank Turek,83,72,closed,11,82.5085248234426
29,turek-silverman-reality-theism-atheism-2013,Frank Turek vs David Silverman: Which Better Explains Reality?,Reality and moral responsibility,"Which better explains reality: theism, with God as the ground of creation, reason, information, morality, evil, and science, or atheism, with natural inquiry and human responsibility?",pro,Frank Turek,David Silverman,77,78,closed,-1,76.5085248234426
29,turek-silverman-reality-theism-atheism-2013,Frank Turek vs David Silverman: Which Better Explains Reality?,Reality and moral responsibility,"Which better explains reality: theism, with God as the ground of creation, reason, information, morality, evil, and science, or atheism, with natural inquiry and human responsibility?",con,David Silverman,Frank Turek,78,77,closed,1,77.5085248234426
30,lowder-turek-naturalism-theism-2016,Jeffery Jay Lowder vs Frank Turek: Naturalism or Theism?,Naturalism and explanatory balance,"What better explains reality: naturalism, where the physical explains the mental, or theism, where God grounds creation, reason, information, morality, evil, and science?",pro,Jeffery Jay Lowder,Frank Turek,85,70,closed,15,84.5085248234426
30,lowder-turek-naturalism-theism-2016,Jeffery Jay Lowder vs Frank Turek: Naturalism or Theism?,Naturalism and explanatory balance,"What better explains reality: naturalism, where the physical explains the mental, or theism, where God grounds creation, reason, information, morality, evil, and science?",con,Frank Turek,Jeffery Jay Lowder,70,85,closed,-15,69.5085248234426
31,oconnor-craig-resurrection-2023,Alex O'Connor vs William Lane Craig: Did Jesus Rise From the Dead?,Resurrection and historical evidence,"Does the historical evidence make Jesus' resurrection the best explanation of the facts, or should skeptical alternatives and evidential caution prevent that conclusion?",pro,William Lane Craig,Alex O'Connor,86,88,closed,-2,85.5085248234426
31,oconnor-craig-resurrection-2023,Alex O'Connor vs William Lane Craig: Did Jesus Rise From the Dead?,Resurrection and historical evidence,"Does the historical evidence make Jesus' resurrection the best explanation of the facts, or should skeptical alternatives and evidential caution prevent that conclusion?",con,Alex O'Connor,William Lane Craig,88,86,closed,2,87.5085248234426
33,craig-carroll-god-cosmology-2014,William Lane Craig vs Sean Carroll: God and Cosmology,God and cosmological models,"Does contemporary cosmology make God's existence more probable, or do naturalistic cosmological models better explain the universe without theism?",pro,William Lane Craig,Sean Carroll,83,90,closed,-7,82.5085248234426
33,craig-carroll-god-cosmology-2014,William Lane Craig vs Sean Carroll: God and Cosmology,God and cosmological models,"Does contemporary cosmology make God's existence more probable, or do naturalistic cosmological models better explain the universe without theism?",con,Sean Carroll,William Lane Craig,90,83,closed,7,89.5085248234426
34,goff-carroll-consciousness-fundamental-2023,Philip Goff vs Sean Carroll: Is Consciousness Fundamental?,Consciousness and physicalism,"Is consciousness a fundamental feature of reality, or can physicalism explain conscious experience through higher-level descriptions of the physical world?",pro,Philip Goff,Sean Carroll,84,84,closed,0,83.5085248234426
34,goff-carroll-consciousness-fundamental-2023,Philip Goff vs Sean Carroll: Is Consciousness Fundamental?,Consciousness and physicalism,"Is consciousness a fundamental feature of reality, or can physicalism explain conscious experience through higher-level descriptions of the physical world?",con,Sean Carroll,Philip Goff,84,84,closed,0,83.5085248234426
36,carroll-halvorson-metaphysics-worldview-2016,Sean Carroll vs Hans Halvorson: Metaphysics,Metaphysics and scientific worldview,"How should scientific knowledge be integrated into naturalist and theistic worldviews, and do cosmology, fine-tuning, quantum mechanics, consciousness, morality, and meaning favor either metaphysical picture?",pro,Sean Carroll,Hans Halvorson,84,87,closed,-3,83.5085248234426
36,carroll-halvorson-metaphysics-worldview-2016,Sean Carroll vs Hans Halvorson: Metaphysics,Metaphysics and scientific worldview,"How should scientific knowledge be integrated into naturalist and theistic worldviews, and do cosmology, fine-tuning, quantum mechanics, consciousness, morality, and meaning favor either metaphysical picture?",con,Hans Halvorson,Sean Carroll,87,84,closed,3,86.5085248234426
37,ehrman-bass-resurrection-history-2023,Bart Ehrman vs Justin Bass: Did Jesus of Nazareth Rise From the Dead?,Resurrection and historical method,"Did Jesus of Nazareth historically rise from the dead, and do the early resurrection appearances, the unexpected messianic claim, Christianity's spread, and later visions make that explanation plausible?",pro,Justin Bass,Bart Ehrman,78,88,closed,-10,77.5085248234426
37,ehrman-bass-resurrection-history-2023,Bart Ehrman vs Justin Bass: Did Jesus of Nazareth Rise From the Dead?,Resurrection and historical method,"Did Jesus of Nazareth historically rise from the dead, and do the early resurrection appearances, the unexpected messianic claim, Christianity's spread, and later visions make that explanation plausible?",con,Bart Ehrman,Justin Bass,88,78,closed,10,87.5085248234426
38,mcdowell-ehrman-moral-objectivity-2026,"Sean McDowell vs Bart Ehrman: The Moral Argument, Guilt, and the Teachings of Jesus",Moral objectivity and Christian ethics,"Do Jesus' teachings and the West's moral transformation point to objective moral truths grounded beyond human preference, or can morality be explained as historically shaped human inclination without divine grounding?",pro,Sean McDowell,Bart Ehrman,86,82,closed,4,85.5085248234426
38,mcdowell-ehrman-moral-objectivity-2026,"Sean McDowell vs Bart Ehrman: The Moral Argument, Guilt, and the Teachings of Jesus",Moral objectivity and Christian ethics,"Do Jesus' teachings and the West's moral transformation point to objective moral truths grounded beyond human preference, or can morality be explained as historically shaped human inclination without divine grounding?",con,Bart Ehrman,Sean McDowell,82,86,closed,-4,81.5085248234426
39,lambert-jones-christian-faith-skepticism-2021,Derek Lambert vs Michael Jones: Atheist and Christian Discussion,Christian faith and skeptical inquiry,"Can Christian belief be rationally sustained amid skeptical challenges about faith, hell, resurrection evidence, biblical reliability, religious experience, the Exodus, and parallels with other ancient traditions?",pro,Michael Jones,Derek Lambert,79,81,closed,-2,78.5085248234426
39,lambert-jones-christian-faith-skepticism-2021,Derek Lambert vs Michael Jones: Atheist and Christian Discussion,Christian faith and skeptical inquiry,"Can Christian belief be rationally sustained amid skeptical challenges about faith, hell, resurrection evidence, biblical reliability, religious experience, the Exodus, and parallels with other ancient traditions?",con,Derek Lambert,Michael Jones,81,79,closed,2,80.5085248234426
40,enoch-bush-objective-moral-truths-2026,David Enoch vs Lance Bush: Are There Objective Moral Truths?,Moral realism and anti-realism,"Are there objective moral truths, and does moral realism or global normative anti-realism better explain ordinary moral judgment, deliberation, language, and disagreement?",pro,David Enoch,Lance Bush,85,84,closed,1,84.5085248234426
40,enoch-bush-objective-moral-truths-2026,David Enoch vs Lance Bush: Are There Objective Moral Truths?,Moral realism and anti-realism,"Are there objective moral truths, and does moral realism or global normative anti-realism better explain ordinary moral judgment, deliberation, language, and disagreement?",con,Lance Bush,David Enoch,84,85,closed,-1,83.5085248234426
41,huemer-bush-objective-moral-facts-2024,Michael Huemer vs Lance Bush: Do Objective Moral Facts Exist?,Objective moral facts and intuitionism,"Do objective moral facts exist, and can ethical intuitionism establish moral realism against anti-realist quietism, folk metaethical indeterminacy, and language-use objections?",pro,Michael Huemer,Lance Bush,85,83,closed,2,84.5085248234426
41,huemer-bush-objective-moral-facts-2024,Michael Huemer vs Lance Bush: Do Objective Moral Facts Exist?,Objective moral facts and intuitionism,"Do objective moral facts exist, and can ethical intuitionism establish moral realism against anti-realist quietism, folk metaethical indeterminacy, and language-use objections?",con,Lance Bush,Michael Huemer,83,85,closed,-2,82.5085248234426
42,schmid-tomaszewski-divine-simplicity-2020,Joe Schmid vs Chris Tomaszewski: Is Divine Simplicity True?,Divine simplicity and classical theism,"Is divine simplicity, understood as God's absence of real intrinsic parts or composition, coherent with classical theism, Trinitarian doctrine, divine freedom, and omniscient knowledge of contingent reality?",pro,Christopher Tomaszewski,Joseph Schmid,86,87,closed,-1,85.5085248234426
42,schmid-tomaszewski-divine-simplicity-2020,Joe Schmid vs Chris Tomaszewski: Is Divine Simplicity True?,Divine simplicity and classical theism,"Is divine simplicity, understood as God's absence of real intrinsic parts or composition, coherent with classical theism, Trinitarian doctrine, divine freedom, and omniscient knowledge of contingent reality?",con,Joseph Schmid,Christopher Tomaszewski,87,86,closed,1,86.5085248234426
43,meyer-halper-cosmology-fine-tuning-2026,Stephen Meyer vs Phil Halper: The Big Bang and Fine-Tuning,Big Bang fine-tuning and design,"Does modern cosmology, especially Big Bang evidence and cosmic fine-tuning, make theism or intelligent design a better explanation than naturalistic early-universe models?",pro,Stephen Meyer,Phil Halper,79,90,closed,-11,78.5085248234426
43,meyer-halper-cosmology-fine-tuning-2026,Stephen Meyer vs Phil Halper: The Big Bang and Fine-Tuning,Big Bang fine-tuning and design,"Does modern cosmology, especially Big Bang evidence and cosmic fine-tuning, make theism or intelligent design a better explanation than naturalistic early-universe models?",con,Phil Halper,Stephen Meyer,90,79,closed,11,89.5085248234426
44,oconnor-biddle-free-will-2025,Alex O'Connor vs Craig Biddle: Free Will - Do You Have It?,Free will and agent causation,"Do human beings have free will, either as ultimate control over action or as a volitional capacity to focus and use reason?",pro,Craig Biddle,Alex O'Connor,77,82,closed,-5,76.5085248234426
44,oconnor-biddle-free-will-2025,Alex O'Connor vs Craig Biddle: Free Will - Do You Have It?,Free will and agent causation,"Do human beings have free will, either as ultimate control over action or as a volitional capacity to focus and use reason?",con,Alex O'Connor,Craig Biddle,82,77,closed,5,81.5085248234426
46,shapiro-oconnor-atheist-delusion-society-2023,"Ben Shapiro vs Alex O'Connor: The Atheist Delusion, Free Will, and Society","Atheism, free will, and social order","Does atheism depend on borrowed religious or extra-natural assumptions about free will, morality, reason, and social order, or can secular life face the truth without religious scaffolding?",pro,Ben Shapiro,Alex O'Connor,71,87,closed,-16,70.5085248234426
46,shapiro-oconnor-atheist-delusion-society-2023,"Ben Shapiro vs Alex O'Connor: The Atheist Delusion, Free Will, and Society","Atheism, free will, and social order","Does atheism depend on borrowed religious or extra-natural assumptions about free will, morality, reason, and social order, or can secular life face the truth without religious scaffolding?",con,Alex O'Connor,Ben Shapiro,87,71,closed,16,86.5085248234426
47,jones-krauss-christianity-secular-ethics-2025,Michael Jones vs Lawrence Krauss: Christianity or Secular Ethics - What's Best for Society?,Christian social goods and secular inquiry,"Which is better for society: Christianity, understood as a Christian-value society with a largely Christian population, or secular ethics?",pro,Michael Jones,Lawrence Krauss,79,76,closed,3,78.5085248234426
47,jones-krauss-christianity-secular-ethics-2025,Michael Jones vs Lawrence Krauss: Christianity or Secular Ethics - What's Best for Society?,Christian social goods and secular inquiry,"Which is better for society: Christianity, understood as a Christian-value society with a largely Christian population, or secular ethics?",con,Lawrence Krauss,Michael Jones,76,79,closed,-3,75.5085248234426
48,scrivener-folley-hiddenness-evil-moral-narrative-2025,"Glen Scrivener vs Joe Folley: Morality, Evil, Consciousness, and Christian Narrative","Hiddenness, evil, and moral narrative","Does Christian theism better account for hiddenness, evil, consciousness, morality, and moral progress than agnostic or naturalistic alternatives?",pro,Glen Scrivener,Joe Folley,74,84,closed,-10,73.5085248234426
48,scrivener-folley-hiddenness-evil-moral-narrative-2025,"Glen Scrivener vs Joe Folley: Morality, Evil, Consciousness, and Christian Narrative","Hiddenness, evil, and moral narrative","Does Christian theism better account for hiddenness, evil, consciousness, morality, and moral progress than agnostic or naturalistic alternatives?",con,Joe Folley,Glen Scrivener,84,74,closed,10,83.5085248234426
49,dyer-dillahunty-transcendental-theism-2019,Jay Dyer vs Matt Dillahunty: Transcendental Argument for Theism,Transcendental theism and logic,"Does the transcendental argument show that Orthodox Christian theism is needed to ground logic, truth, induction, ethics, and knowledge?",pro,Jay Dyer,Matt Dillahunty,76,89,closed,-13,75.5085248234426
49,dyer-dillahunty-transcendental-theism-2019,Jay Dyer vs Matt Dillahunty: Transcendental Argument for Theism,Transcendental theism and logic,"Does the transcendental argument show that Orthodox Christian theism is needed to ground logic, truth, induction, ethics, and knowledge?",con,Matt Dillahunty,Jay Dyer,89,76,closed,13,88.5085248234426
50,knechtle-dillahunty-christianity-true-2023,Cliffe Knechtle vs Matt Dillahunty: Is Christianity True?,"Christianity, resurrection, and evidence","Is Christianity true, and do the Gospels, resurrection claims, moral meaning, and human value give sufficient warrant for Christian faith?",pro,Cliffe Knechtle,Matt Dillahunty,73,90,closed,-17,72.5085248234426
50,knechtle-dillahunty-christianity-true-2023,Cliffe Knechtle vs Matt Dillahunty: Is Christianity True?,"Christianity, resurrection, and evidence","Is Christianity true, and do the Gospels, resurrection claims, moral meaning, and human value give sufficient warrant for Christian faith?",con,Matt Dillahunty,Cliffe Knechtle,90,73,closed,17,89.5085248234426
51,lennox-atkins-duelling-professors-2012,John Lennox vs Peter Atkins: Duelling Professors on Science and God,"Design, DNA, and naturalism","Do science, design, DNA, natural law, morality, and human experience point toward Christian theism or toward an atheistic naturalist account?",pro,John Lennox,Peter Atkins,79,72,closed,7,78.5085248234426
51,lennox-atkins-duelling-professors-2012,John Lennox vs Peter Atkins: Duelling Professors on Science and God,"Design, DNA, and naturalism","Do science, design, DNA, natural law, morality, and human experience point toward Christian theism or toward an atheistic naturalist account?",con,Peter Atkins,John Lennox,72,79,closed,-7,71.5085248234426
52,horn-dillahunty-resurrection-reasonable-2021,Trent Horn vs Matt Dillahunty: Is Belief in the Resurrection Reasonable?,Resurrection reasonability and testimony,"Is it reasonable to believe Jesus of Nazareth rose from the dead, given historical testimony, expected evidence, background knowledge, and standards for unusual claims?",pro,Trent Horn,Matt Dillahunty,82,83,closed,-1,81.5085248234426
52,horn-dillahunty-resurrection-reasonable-2021,Trent Horn vs Matt Dillahunty: Is Belief in the Resurrection Reasonable?,Resurrection reasonability and testimony,"Is it reasonable to believe Jesus of Nazareth rose from the dead, given historical testimony, expected evidence, background knowledge, and standards for unusual claims?",con,Matt Dillahunty,Trent Horn,83,82,closed,1,82.5085248234426
53,oconnor-dsouza-bible-true-2024,Alex O'Connor vs Dinesh D'Souza: Is the Bible True?,Bible truth and moral authority,"Is the Bible true in historical, moral, allegorical, theological, and revelatory senses, or do contradictions and morally troubling texts undermine its truth claims?",pro,Dinesh D'Souza,Alex O'Connor,76,91,closed,-15,75.5085248234426
53,oconnor-dsouza-bible-true-2024,Alex O'Connor vs Dinesh D'Souza: Is the Bible True?,Bible truth and moral authority,"Is the Bible true in historical, moral, allegorical, theological, and revelatory senses, or do contradictions and morally troubling texts undermine its truth claims?",con,Alex O'Connor,Dinesh D'Souza,91,76,closed,15,90.5085248234426
54,jones-law-christianity-humanism-future-2025,Michael Jones vs Stephen Law: Christianity vs Humanism,"Christianity, humanism, and social future","Does Christianity or humanism offer a brighter future for humanity, especially for moral formation, social health, human rights, truth, and pluralistic freedom?",pro,Michael Jones,Stephen Law,72,81,closed,-9,71.5085248234426
54,jones-law-christianity-humanism-future-2025,Michael Jones vs Stephen Law: Christianity vs Humanism,"Christianity, humanism, and social future","Does Christianity or humanism offer a brighter future for humanity, especially for moral formation, social health, human rights, truth, and pluralistic freedom?",con,Stephen Law,Michael Jones,81,72,closed,9,80.5085248234426
55,craig-malpass-kalam-nothing-2026,William Lane Craig vs Alex Malpass: Can Something Come From Nothing?,"Kalam, nothing, and infinity","Does the Kalam cosmological argument show that the universe began to exist, has a cause, and points to a personal creator?",pro,William Lane Craig,Alex Malpass,75,91,closed,-16,74.5085248234426
55,craig-malpass-kalam-nothing-2026,William Lane Craig vs Alex Malpass: Can Something Come From Nothing?,"Kalam, nothing, and infinity","Does the Kalam cosmological argument show that the universe began to exist, has a cause, and points to a personal creator?",con,Alex Malpass,William Lane Craig,91,75,closed,16,90.5085248234426
56,huemer-lutz-morality-real-2026,Mike Huemer vs Matt Lutz: Is Morality Real?,Moral realism and error theory,"Are there objective moral facts, and can moral knowledge be justified by appearances rather than only by best-explanation evidence?",pro,Michael Huemer,Matt Lutz,88,81,closed,7,87.5085248234426
56,huemer-lutz-morality-real-2026,Mike Huemer vs Matt Lutz: Is Morality Real?,Moral realism and error theory,"Are there objective moral facts, and can moral knowledge be justified by appearances rather than only by best-explanation evidence?",con,Matt Lutz,Michael Huemer,81,88,closed,-7,80.5085248234426
57,scrivener-dillahunty-atheism-morality-2020,Glen Scrivener vs Matt Dillahunty: Can Atheism Deliver a Better World?,Atheism and Christian moral inheritance,Can atheism or secular humanism provide a better moral foundation for society than Christianity?,pro,Glen Scrivener,Matt Dillahunty,77,86,closed,-9,76.5085248234426
57,scrivener-dillahunty-atheism-morality-2020,Glen Scrivener vs Matt Dillahunty: Can Atheism Deliver a Better World?,Atheism and Christian moral inheritance,Can atheism or secular humanism provide a better moral foundation for society than Christianity?,con,Matt Dillahunty,Glen Scrivener,86,77,closed,9,85.5085248234426
58,dillahunty-slick-secular-humanism-christianity-2016,Matt Dillahunty vs Matt Slick: Is Secular Humanism Superior to Christianity?,Secular humanism and presuppositional critique,"Is secular humanism superior to Christianity at achieving human flourishing, rational decision-making, moral reasoning, and conflict resolution?",pro,Matt Dillahunty,Matt Slick,82,74,closed,8,81.5085248234426
58,dillahunty-slick-secular-humanism-christianity-2016,Matt Dillahunty vs Matt Slick: Is Secular Humanism Superior to Christianity?,Secular humanism and presuppositional critique,"Is secular humanism superior to Christianity at achieving human flourishing, rational decision-making, moral reasoning, and conflict resolution?",con,Matt Slick,Matt Dillahunty,74,82,closed,-8,73.5085248234426
59,bollore-halper-god-science-evidence-2026,Michel-Yves Bollore vs Phil Halper: Does Science Point to God?,"God, science, and cosmic evidence","Do cosmology, fine-tuning, origin-of-life research, biblical claims, and suffering make the Christian God more or less plausible?",pro,Michel-Yves Bolloré,Phil Halper,69,88,closed,-19,68.5085248234426
59,bollore-halper-god-science-evidence-2026,Michel-Yves Bollore vs Phil Halper: Does Science Point to God?,"God, science, and cosmic evidence","Do cosmology, fine-tuning, origin-of-life research, biblical claims, and suffering make the Christian God more or less plausible?",con,Phil Halper,Michel-Yves Bolloré,88,69,closed,19,87.5085248234426
60,horn-oconnor-jesus-resurrection-2026,Trent Horn vs Alex O'Connor: Did Jesus Rise From the Dead?,Resurrection witnesses and rival miracles,"Did Jesus physically rise from the dead, and do early Christian testimony, rival miracle claims, martyrdom, and the empty tomb make that conclusion historically reasonable?",pro,Trent Horn,Alex O'Connor,78,86,closed,-8,77.5085248234426
60,horn-oconnor-jesus-resurrection-2026,Trent Horn vs Alex O'Connor: Did Jesus Rise From the Dead?,Resurrection witnesses and rival miracles,"Did Jesus physically rise from the dead, and do early Christian testimony, rival miracle claims, martyrdom, and the empty tomb make that conclusion historically reasonable?",con,Alex O'Connor,Trent Horn,86,78,closed,8,85.5085248234426
61,scrivener-oconnor-morality-bible-slavery-2026,"Glen Scrivener vs Alex O'Connor: Morality, Freedom, Slavery, and the Bible",Biblical slavery and moral inheritance,"Did Christian faith give the modern West its beliefs in kindness, equality, freedom, consent, and abolition, or are those values better explained by mixed traditions, social struggle, and secular moral development?",pro,Glen Scrivener,Alex O'Connor,81,89,closed,-8,80.5085248234426
61,scrivener-oconnor-morality-bible-slavery-2026,"Glen Scrivener vs Alex O'Connor: Morality, Freedom, Slavery, and the Bible",Biblical slavery and moral inheritance,"Did Christian faith give the modern West its beliefs in kindness, equality, freedom, consent, and abolition, or are those values better explained by mixed traditions, social struggle, and secular moral development?",con,Alex O'Connor,Glen Scrivener,89,81,closed,8,88.5085248234426
62,pageau-folley-logos-meaning-resurrection-2026,"Jonathan Pageau vs Joe Folley: Genesis, Jesus, Science, and Faith","Patterns, Logos, and secular meaning","Do patterns, symbolism, Genesis, resurrection, worship, and social meaning point toward God as Logos, or can they be explained by human cognition, pragmatic abstraction, and bottom-up social life?",pro,Jonathan Pageau,Joe Folley,76,88,closed,-12,75.5085248234426
62,pageau-folley-logos-meaning-resurrection-2026,"Jonathan Pageau vs Joe Folley: Genesis, Jesus, Science, and Faith","Patterns, Logos, and secular meaning","Do patterns, symbolism, Genesis, resurrection, worship, and social meaning point toward God as Logos, or can they be explained by human cognition, pragmatic abstraction, and bottom-up social life?",con,Joe Folley,Jonathan Pageau,88,76,closed,12,87.5085248234426
63,butt-shermer-god-bible-2023,Kyle Butt vs Michael Shermer: Does the God of the Bible Exist?,Biblical theism and skeptical evidence,"Does the God of the Bible exist, and do causation, design, morality, Jesus, religious diversity, suffering, and evidential standards support or undermine that claim?",pro,Kyle Butt,Michael Shermer,71,86,closed,-15,70.5085248234426
63,butt-shermer-god-bible-2023,Kyle Butt vs Michael Shermer: Does the God of the Bible Exist?,Biblical theism and skeptical evidence,"Does the God of the Bible exist, and do causation, design, morality, Jesus, religious diversity, suffering, and evidential standards support or undermine that claim?",con,Michael Shermer,Kyle Butt,86,71,closed,15,85.5085248234426
64,pine-watkins-god-existence-2020,Gregory Pine vs Ben Watkins: Does God Exist?,Thomistic theism and analytic atheism,"Does God exist, and do Thomistic arguments from being, act and potency, divine simplicity, revelation, evil, freedom, and changing knowledge support or undermine classical theism?",pro,Gregory Pine,Ben Watkins,79,86,closed,-7,78.5085248234426
64,pine-watkins-god-existence-2020,Gregory Pine vs Ben Watkins: Does God Exist?,Thomistic theism and analytic atheism,"Does God exist, and do Thomistic arguments from being, act and potency, divine simplicity, revelation, evil, freedom, and changing knowledge support or undermine classical theism?",con,Ben Watkins,Gregory Pine,86,79,closed,7,85.5085248234426
65,donahue-malpass-fine-tuning-god-2026,Miles K. Donahue vs Alex Malpass: Does Fine-Tuning Point to God?,Fine-tuning priors and naturalism,"Does cosmic fine-tuning provide strong evidence for God, or can naturalistic alternatives, hypothesis-space ambiguity, and doubts about divine psychology undercut that inference?",pro,Miles Donahue,Alex Malpass,79,80,closed,-1,78.5085248234426
65,donahue-malpass-fine-tuning-god-2026,Miles K. Donahue vs Alex Malpass: Does Fine-Tuning Point to God?,Fine-tuning priors and naturalism,"Does cosmic fine-tuning provide strong evidence for God, or can naturalistic alternatives, hypothesis-space ambiguity, and doubts about divine psychology undercut that inference?",con,Alex Malpass,Miles Donahue,80,79,closed,1,79.5085248234426
66,donahue-fodor-case-against-christianity-2025,Miles K. Donahue vs James Fodor: The Case Against Christianity,"Christianity, evidence, and disagreement","Do philosophical arguments, biblical beauty, religious experience, and resurrection evidence make Christianity credible, or do evil, disagreement, expert dissent, and Christian moral failure make it unlikely?",pro,Miles Donahue,James Fodor,81,83,closed,-2,80.5085248234426
66,donahue-fodor-case-against-christianity-2025,Miles K. Donahue vs James Fodor: The Case Against Christianity,"Christianity, evidence, and disagreement","Do philosophical arguments, biblical beauty, religious experience, and resurrection evidence make Christianity credible, or do evil, disagreement, expert dissent, and Christian moral failure make it unlikely?",con,James Fodor,Miles Donahue,83,81,closed,2,82.5085248234426
67,jones-fodor-digital-physics-god-2021,Michael Jones vs James Fodor: The Digital Physics Argument for God,Digital physics and theistic idealism,"Does digital physics, emergent spacetime, quantum information, and idealist metaphysics make God the best explanation of reality, or is a materialist ontology simpler and better disciplined?",pro,Michael Jones,James Fodor,71,87,closed,-16,70.5085248234426
67,jones-fodor-digital-physics-god-2021,Michael Jones vs James Fodor: The Digital Physics Argument for God,Digital physics and theistic idealism,"Does digital physics, emergent spacetime, quantum information, and idealist metaphysics make God the best explanation of reality, or is a materialist ontology simpler and better disciplined?",con,James Fodor,Michael Jones,87,71,closed,16,86.5085248234426
68,jones-dillahunty-quantum-idealism-demonstrability-2026,Michael Jones vs Matt Dillahunty: Quantum Idealism and Demonstrability,Quantum idealism and demonstrability,"Does quantum mechanics and idealism provide good reason to treat consciousness or a divine mind as fundamental, or does the claim fail public demonstrability and physical-interaction tests?",pro,Michael Jones,Matt Dillahunty,69,86,closed,-17,68.5085248234426
68,jones-dillahunty-quantum-idealism-demonstrability-2026,Michael Jones vs Matt Dillahunty: Quantum Idealism and Demonstrability,Quantum idealism and demonstrability,"Does quantum mechanics and idealism provide good reason to treat consciousness or a divine mind as fundamental, or does the claim fail public demonstrability and physical-interaction tests?",con,Matt Dillahunty,Michael Jones,86,69,closed,17,85.5085248234426
69,winger-dillahunty-resurrection-unreasonable-2019,Mike Winger vs Matt Dillahunty: Is Belief in the Resurrection Unreasonable?,Resurrection burden and history,"Is belief in Jesus' resurrection reasonable given the historical claims, testimonial sources, rival explanations, and evidential burden for supernatural causation?",pro,Mike Winger,Matt Dillahunty,80,86,closed,-6,79.5085248234426
69,winger-dillahunty-resurrection-unreasonable-2019,Mike Winger vs Matt Dillahunty: Is Belief in the Resurrection Unreasonable?,Resurrection burden and history,"Is belief in Jesus' resurrection reasonable given the historical claims, testimonial sources, rival explanations, and evidential burden for supernatural causation?",con,Matt Dillahunty,Mike Winger,86,80,closed,6,85.5085248234426
70,malpass-anderson-logic-god-2021,Alex Malpass vs James Anderson: Does Logic Prove God?,Logic and divine conceptualism,"Does the existence of necessary truths or laws of logic support a necessarily existing divine mind, or can propositions be explained without God?",pro,James Anderson,Alex Malpass,86,82,closed,4,85.5085248234426
70,malpass-anderson-logic-god-2021,Alex Malpass vs James Anderson: Does Logic Prove God?,Logic and divine conceptualism,"Does the existence of necessary truths or laws of logic support a necessarily existing divine mind, or can propositions be explained without God?",con,Alex Malpass,James Anderson,82,86,closed,-4,81.5085248234426
72,dyer-malpass-tag-argument-2019,Jay Dyer vs Alex Malpass: The TAG Argument,"TAG, induction, and logic","Does the transcendental argument show that logic, induction, knowledge, and ethics require the Orthodox Christian God, or can those preconditions be understood without that presupposition?",pro,Jay Dyer,Alex Malpass,74,91,closed,-17,73.5085248234426
72,dyer-malpass-tag-argument-2019,Jay Dyer vs Alex Malpass: The TAG Argument,"TAG, induction, and logic","Does the transcendental argument show that logic, induction, knowledge, and ethics require the Orthodox Christian God, or can those preconditions be understood without that presupposition?",con,Alex Malpass,Jay Dyer,91,74,closed,17,90.5085248234426
73,hawkins-folley-free-will-compatibilism-2026,Nathan Hawkins vs Joe Folley: Do We Really Have Free Will?,Libertarian freedom and compatibilism,"Does human freedom require libertarian alternative possibilities and sourcehood, or can compatibilist notions of will, responsibility, and practical agency survive determinism?",pro,Nathan Hawkins,Joe Folley,83,89,closed,-6,82.5085248234426
73,hawkins-folley-free-will-compatibilism-2026,Nathan Hawkins vs Joe Folley: Do We Really Have Free Will?,Libertarian freedom and compatibilism,"Does human freedom require libertarian alternative possibilities and sourcehood, or can compatibilist notions of will, responsibility, and practical agency survive determinism?",con,Joe Folley,Nathan Hawkins,89,83,closed,6,88.5085248234426
74,rasmussen-malpass-suffering-causal-finitism-2021,"Josh Rasmussen vs Alex Malpass: Suffering, Theism, and Causal Finitism","Suffering, theism, and causal finitude","Do Grim Reaper-style paradoxes support causal finitism, and does the existence and distribution of suffering favor theism or the hypothesis of indifference?",pro,Josh Rasmussen,Alex Malpass,82,89,closed,-7,81.5085248234426
74,rasmussen-malpass-suffering-causal-finitism-2021,"Josh Rasmussen vs Alex Malpass: Suffering, Theism, and Causal Finitism","Suffering, theism, and causal finitude","Do Grim Reaper-style paradoxes support causal finitism, and does the existence and distribution of suffering favor theism or the hypothesis of indifference?",con,Alex Malpass,Josh Rasmussen,89,82,closed,7,88.5085248234426
75,rasmussen-clifton-contingency-argument-2019,Josh Rasmussen vs Scott Clifton: Is the Contingency Argument Persuasive?,Contingency and necessary foundation,Is the argument from contingency persuasive in moving from contingent reality to a necessary or automatically actual foundation?,pro,Josh Rasmussen,Scott Clifton,79,87,closed,-8,78.5085248234426
75,rasmussen-clifton-contingency-argument-2019,Josh Rasmussen vs Scott Clifton: Is the Contingency Argument Persuasive?,Contingency and necessary foundation,Is the argument from contingency persuasive in moving from contingent reality to a necessary or automatically actual foundation?,con,Scott Clifton,Josh Rasmussen,87,79,closed,8,86.5085248234426
76,craig-oppy-mathematics-theism-2020,William Lane Craig vs Graham Oppy: Does Math Point to God?,Mathematics and theism,Does the surprising applicability of mathematics to the physical world support theism better than naturalism?,pro,William Lane Craig,Graham Oppy,81,84,closed,-3,80.5085248234426
76,craig-oppy-mathematics-theism-2020,William Lane Craig vs Graham Oppy: Does Math Point to God?,Mathematics and theism,Does the surprising applicability of mathematics to the physical world support theism better than naturalism?,con,Graham Oppy,William Lane Craig,84,81,closed,3,83.5085248234426
77,feser-oppy-arguments-for-god-2020,Ed Feser vs Graham Oppy: Are There Any Good Arguments for God?,Argument standards and Aristotelian proof,"Are there good arguments for God, and does Feser's Aristotelian proof survive Oppy's theory-comparison and persistence objections?",pro,Ed Feser,Graham Oppy,86,81,closed,5,85.5085248234426
77,feser-oppy-arguments-for-god-2020,Ed Feser vs Graham Oppy: Are There Any Good Arguments for God?,Argument standards and Aristotelian proof,"Are there good arguments for God, and does Feser's Aristotelian proof survive Oppy's theory-comparison and persistence objections?",con,Graham Oppy,Ed Feser,81,86,closed,-5,80.5085248234426
78,albrecht-oppy-resurrection-ancient-christianity-2023,William Albrecht vs Graham Oppy: Resurrection and Ancient Christianity,Resurrection and ancient Christianity,"Do Paul's letters, Gospel transmission, hostile witnesses, and early church structures make the bodily resurrection and Catholic continuity historically credible?",pro,William Albrecht,Graham Oppy,76,83,closed,-7,75.5085248234426
78,albrecht-oppy-resurrection-ancient-christianity-2023,William Albrecht vs Graham Oppy: Resurrection and Ancient Christianity,Resurrection and ancient Christianity,"Do Paul's letters, Gospel transmission, hostile witnesses, and early church structures make the bodily resurrection and Catholic continuity historically credible?",con,Graham Oppy,William Albrecht,83,76,closed,7,82.5085248234426
79,swinburne-oppy-theism-probability-2022,Richard Swinburne vs Graham Oppy: Is Theism Probable?,Probability of theism,"Is theism more probable than naturalism when judged by simplicity, explanatory scope, fine-tuning, consciousness, and modality?",pro,Richard Swinburne,Graham Oppy,80,85,closed,-5,79.5085248234426
79,swinburne-oppy-theism-probability-2022,Richard Swinburne vs Graham Oppy: Is Theism Probable?,Probability of theism,"Is theism more probable than naturalism when judged by simplicity, explanatory scope, fine-tuning, consciousness, and modality?",con,Graham Oppy,Richard Swinburne,85,80,closed,5,84.5085248234426
80,rasmussen-schmid-argument-from-limits-2023,Josh Rasmussen vs Joe Schmid: The Argument from Limits,Argument from limits,Does the argument from arbitrary limits successfully move from a fundamental reality or necessary foundation toward God-like perfection?,pro,Josh Rasmussen,Joseph Schmid,84,90,closed,-6,83.5085248234426
80,rasmussen-schmid-argument-from-limits-2023,Josh Rasmussen vs Joe Schmid: The Argument from Limits,Argument from limits,Does the argument from arbitrary limits successfully move from a fundamental reality or necessary foundation toward God-like perfection?,con,Joseph Schmid,Josh Rasmussen,90,84,closed,6,89.5085248234426
81,rasmussen-oppy-ultimate-reality-naturalism-2020,"Josh Rasmussen vs Graham Oppy: Theism, Naturalism, and Ultimate Reality",Ultimate reality and naturalism,"Is a theistic supreme foundation or a naturalistic initial reality the better account of ultimate reality, mind, and worldview simplicity?",pro,Josh Rasmussen,Graham Oppy,81,85,closed,-4,80.5085248234426
81,rasmussen-oppy-ultimate-reality-naturalism-2020,"Josh Rasmussen vs Graham Oppy: Theism, Naturalism, and Ultimate Reality",Ultimate reality and naturalism,"Is a theistic supreme foundation or a naturalistic initial reality the better account of ultimate reality, mind, and worldview simplicity?",con,Graham Oppy,Josh Rasmussen,85,81,closed,4,84.5085248234426
82,bush-mcallister-moral-anti-realism-realism-2025,Lance Bush vs Derek McAllister: Moral Anti-Realism vs Realism,Metaethical anti-realism and realism,"Does moral realism have a common-sense, historical, or semantic advantage over moral anti-realism?",pro,Lance Bush,Derek McAllister,90,76,closed,14,89.5085248234426
82,bush-mcallister-moral-anti-realism-realism-2025,Lance Bush vs Derek McAllister: Moral Anti-Realism vs Realism,Metaethical anti-realism and realism,"Does moral realism have a common-sense, historical, or semantic advantage over moral anti-realism?",con,Derek McAllister,Lance Bush,76,90,closed,-14,75.5085248234426
83,loke-oppy-kalam-causal-principle-2020,Andrew Loke vs Graham Oppy: Is the Kalam Sound?,Kalam causal principle and necessity,Does Loke's reformulated Kalam cosmological argument successfully establish a beginningless personal creator of the universe?,pro,Andrew Loke,Graham Oppy,74,86,closed,-12,73.5085248234426
83,loke-oppy-kalam-causal-principle-2020,Andrew Loke vs Graham Oppy: Is the Kalam Sound?,Kalam causal principle and necessity,Does Loke's reformulated Kalam cosmological argument successfully establish a beginningless personal creator of the universe?,con,Graham Oppy,Andrew Loke,86,74,closed,12,85.5085248234426
85,atkins-fox-god-science-future-humanity-2024,Peter Atkins vs Keith Fox: God vs Science Debate,"Science, God, and human futures","Do science, evolution, and future technology make God unnecessary, or do value, personhood, origins, and hope point beyond scientific materialism?",pro,Peter Atkins,Keith Fox,70,85,closed,-15,69.5085248234426
85,atkins-fox-god-science-future-humanity-2024,Peter Atkins vs Keith Fox: God vs Science Debate,"Science, God, and human futures","Do science, evolution, and future technology make God unnecessary, or do value, personhood, origins, and hope point beyond scientific materialism?",con,Keith Fox,Peter Atkins,85,70,closed,15,84.5085248234426
86,egnor-dillahunty-god-existence-2021,Michael Egnor vs Matt Dillahunty: Does God Exist?,"Thomism, hiddenness, and morality","Does God exist, and do Thomistic proofs, moral law, and natural theology meet the burden of proof against skeptical atheism?",pro,Michael Egnor,Matt Dillahunty,71,83,closed,-12,70.5085248234426
86,egnor-dillahunty-god-existence-2021,Michael Egnor vs Matt Dillahunty: Does God Exist?,"Thomism, hiddenness, and morality","Does God exist, and do Thomistic proofs, moral law, and natural theology meet the burden of proof against skeptical atheism?",con,Matt Dillahunty,Michael Egnor,83,71,closed,12,82.5085248234426
87,christopoulos-dillahunty-resurrection-historical-event-2024,Than Christopoulos vs Matt Dillahunty: Is the Resurrection a Historical Event?,Resurrection probability and source reliability,Does the historical evidence make Jesus' resurrection more probable than competing hypotheses?,pro,Than Christopoulos,Matt Dillahunty,79,88,closed,-9,78.5085248234426
87,christopoulos-dillahunty-resurrection-historical-event-2024,Than Christopoulos vs Matt Dillahunty: Is the Resurrection a Historical Event?,Resurrection probability and source reliability,Does the historical evidence make Jesus' resurrection more probable than competing hypotheses?,con,Matt Dillahunty,Than Christopoulos,88,79,closed,9,87.5085248234426
88,sechler-dillahunty-perfect-mind-universe-2022,Zac Sechler vs Matt Dillahunty: Did a Perfect Mind Create the Universe?,Perfect mind and explanatory power,"Did a perfect mind create the universe, and do simplicity, moral agents, beauty, fine-tuning, meaning, and purpose favor that hypothesis over non-theism?",pro,Zac Sechler,Matt Dillahunty,79,83,closed,-4,78.5085248234426
88,sechler-dillahunty-perfect-mind-universe-2022,Zac Sechler vs Matt Dillahunty: Did a Perfect Mind Create the Universe?,Perfect mind and explanatory power,"Did a perfect mind create the universe, and do simplicity, moral agents, beauty, fine-tuning, meaning, and purpose favor that hypothesis over non-theism?",con,Matt Dillahunty,Zac Sechler,83,79,closed,4,82.5085248234426
89,bignon-oppy-religious-experience-god-2022,Guillaume Bignon vs Graham Oppy: Religious Experience and the Case for God,Religious experience and rationality,"Can Bignon's conversion story, religious experience, and supporting arguments rationally support Christian belief, or do rival experiences and naturalist explanations undercut their evidential force?",pro,Guillaume Bignon,Graham Oppy,82,87,closed,-5,81.5085248234426
89,bignon-oppy-religious-experience-god-2022,Guillaume Bignon vs Graham Oppy: Religious Experience and the Case for God,Religious experience and rationality,"Can Bignon's conversion story, religious experience, and supporting arguments rationally support Christian belief, or do rival experiences and naturalist explanations undercut their evidential force?",con,Graham Oppy,Guillaume Bignon,87,82,closed,5,86.5085248234426
90,akin-ehrman-gospels-historically-reliable-2022,Jimmy Akin vs Bart Ehrman: Are the Gospels Historically Reliable?,Gospel reliability and contradictions,"Are the canonical Gospels historically reliable despite alleged contradictions in the birth narratives, resurrection accounts, and Jesus' self-presentation?",pro,Jimmy Akin,Bart Ehrman,81,88,closed,-7,80.5085248234426
90,akin-ehrman-gospels-historically-reliable-2022,Jimmy Akin vs Bart Ehrman: Are the Gospels Historically Reliable?,Gospel reliability and contradictions,"Are the canonical Gospels historically reliable despite alleged contradictions in the birth narratives, resurrection accounts, and Jesus' self-presentation?",con,Bart Ehrman,Jimmy Akin,88,81,closed,7,87.5085248234426
91,cutter-oppy-mind-brain-harmony-god-2025,Brian Cutter vs Graham Oppy: Does Mind-Brain Harmony Point to God?,Psychophysical harmony and theism,"Does psychophysical harmony, the apparent fit between conscious states and physical or functional states, provide evidence for God over naturalism?",pro,Brian Cutter,Graham Oppy,85,85,closed,0,84.5085248234426
91,cutter-oppy-mind-brain-harmony-god-2025,Brian Cutter vs Graham Oppy: Does Mind-Brain Harmony Point to God?,Psychophysical harmony and theism,"Does psychophysical harmony, the apparent fit between conscious states and physical or functional states, provide evidence for God over naturalism?",con,Graham Oppy,Brian Cutter,85,85,closed,0,84.5085248234426
92,craig-malpass-universe-begin-exist-2020,William Lane Craig vs Alex Malpass: Did the Universe Begin to Exist?,Kalam beginning and temporal infinity,Do actual-infinity and successive-addition arguments give adequate philosophical support for the Kalam claim that the universe began to exist?,pro,William Lane Craig,Alex Malpass,79,90,closed,-11,78.5085248234426
92,craig-malpass-universe-begin-exist-2020,William Lane Craig vs Alex Malpass: Did the Universe Begin to Exist?,Kalam beginning and temporal infinity,Do actual-infinity and successive-addition arguments give adequate philosophical support for the Kalam claim that the universe began to exist?,con,Alex Malpass,William Lane Craig,90,79,closed,11,89.5085248234426
93,hunter-dillahunty-christian-god-exist-2019,Braxton Hunter vs Matt Dillahunty: Does the Christian God Exist?,Christian God evidential standards,"Does the Christian God exist, and do libertarian freedom, the Kalam argument, resurrection evidence, hiddenness, and inconsistent revelation make Christian theism more reasonable than skepticism?",pro,Braxton Hunter,Matt Dillahunty,77,86,closed,-9,76.5085248234426
93,hunter-dillahunty-christian-god-exist-2019,Braxton Hunter vs Matt Dillahunty: Does the Christian God Exist?,Christian God evidential standards,"Does the Christian God exist, and do libertarian freedom, the Kalam argument, resurrection evidence, hiddenness, and inconsistent revelation make Christian theism more reasonable than skepticism?",con,Matt Dillahunty,Braxton Hunter,86,77,closed,9,85.5085248234426
94,swinburne-huemer-theism-coherent-2026,Richard Swinburne vs Michael Huemer: Is Theism Coherent?,Theism coherence and divine infinity,"Is theism coherent, especially if God is described as omnipotent, omniscient, perfectly good, and infinite in power or knowledge?",pro,Richard Swinburne,Michael Huemer,75,83,closed,-8,74.5085248234426
94,swinburne-huemer-theism-coherent-2026,Richard Swinburne vs Michael Huemer: Is Theism Coherent?,Theism coherence and divine infinity,"Is theism coherent, especially if God is described as omnipotent, omniscient, perfectly good, and infinite in power or knowledge?",con,Michael Huemer,Richard Swinburne,83,75,closed,8,82.5085248234426
97,holland-grayling-christianity-human-values-2019,Tom Holland vs A. C. Grayling: Did Christianity Give Us Our Human Values?,Human values and Christian inheritance,"Did Christianity give the modern West its human values, or do dignity, equality, humanism, science, and moral concern owe more to classical, Axial Age, Enlightenment, and secular sources?",pro,Tom Holland,AC Grayling,78,84,closed,-6,77.5085248234426
97,holland-grayling-christianity-human-values-2019,Tom Holland vs A. C. Grayling: Did Christianity Give Us Our Human Values?,Human values and Christian inheritance,"Did Christianity give the modern West its human values, or do dignity, equality, humanism, science, and moral concern owe more to classical, Axial Age, Enlightenment, and secular sources?",con,AC Grayling,Tom Holland,84,78,closed,6,83.5085248234426
98,craig-grayling-evil-god-reasonable-2011,William Lane Craig vs A. C. Grayling: Is Belief in God Reasonable in Light of Evil?,Evil and divine reasonableness,"Is belief in God reasonable in light of tsunamis, childhood cancer, moral evil, and the apparent harshness of the natural world?",pro,William Lane Craig,AC Grayling,84,86,closed,-2,83.5085248234426
98,craig-grayling-evil-god-reasonable-2011,William Lane Craig vs A. C. Grayling: Is Belief in God Reasonable in Light of Evil?,Evil and divine reasonableness,"Is belief in God reasonable in light of tsunamis, childhood cancer, moral evil, and the apparent harshness of the natural world?",con,AC Grayling,William Lane Craig,86,84,closed,2,85.5085248234426
99,jones-jump-digital-physics-god-2019,Michael Jones vs Tom Jump: Does God Exist?,Digital physics and naturalistic pantheism,"Does God exist, and do emergent spacetime, quantum consciousness, idealism, and the limits of metaphysical knowledge make theism more reasonable than naturalistic alternatives?",pro,Michael Jones,Tom Jump,76,80,closed,-4,75.5085248234426
99,jones-jump-digital-physics-god-2019,Michael Jones vs Tom Jump: Does God Exist?,Digital physics and naturalistic pantheism,"Does God exist, and do emergent spacetime, quantum consciousness, idealism, and the limits of metaphysical knowledge make theism more reasonable than naturalistic alternatives?",con,Tom Jump,Michael Jones,80,76,closed,4,79.5085248234426
100,jones-dillahunty-emergent-mind-god-2020,Michael Jones vs Matt Dillahunty: Reason to Believe in God?,Emergent mind and evidential burden,"Do digital physics, cosmic consciousness, and introspective idealism provide good reasons to believe in a necessary immaterial mind, or do those arguments fail demonstrability, probability, and burden-of-proof standards?",pro,Michael Jones,Matt Dillahunty,73,91,closed,-18,72.5085248234426
100,jones-dillahunty-emergent-mind-god-2020,Michael Jones vs Matt Dillahunty: Reason to Believe in God?,Emergent mind and evidential burden,"Do digital physics, cosmic consciousness, and introspective idealism provide good reasons to believe in a necessary immaterial mind, or do those arguments fail demonstrability, probability, and burden-of-proof standards?",con,Matt Dillahunty,Michael Jones,91,73,closed,18,90.5085248234426
101,woodford-scrivener-religion-poisons-everything-2026,Stephen Woodford vs Glen Scrivener: Does Religion Poison Everything?,Religion poison and Christian humanism,"Does religion poison everything by adding doctrine, dogma, revelation, and moral harm to human decency, or does Christianity supply the sacred ideals and institutions that made modern compassion possible?",pro,Stephen Woodford,Glen Scrivener,83,80,closed,3,82.5085248234426
101,woodford-scrivener-religion-poisons-everything-2026,Stephen Woodford vs Glen Scrivener: Does Religion Poison Everything?,Religion poison and Christian humanism,"Does religion poison everything by adding doctrine, dogma, revelation, and moral harm to human decency, or does Christianity supply the sacred ideals and institutions that made modern compassion possible?",con,Glen Scrivener,Stephen Woodford,80,83,closed,-3,79.5085248234426
102,woodford-brierley-christianity-rational-2019,Stephen Woodford vs Justin Brierley: Is Christianity Rational?,Christian rationality and evidence,"Is Christianity rational, and do its claims about God, morality, reason, and resurrection meet proportionate evidential standards?",pro,Stephen Woodford,Justin Brierley,82,77,closed,5,81.5085248234426
102,woodford-brierley-christianity-rational-2019,Stephen Woodford vs Justin Brierley: Is Christianity Rational?,Christian rationality and evidence,"Is Christianity rational, and do its claims about God, morality, reason, and resurrection meet proportionate evidential standards?",con,Justin Brierley,Stephen Woodford,77,82,closed,-5,76.5085248234426
103,woodford-edwards-rational-belief-god-2023,Stephen Woodford vs Simon Edwards: Is It Rational to Believe in God?,Rational theism and gratuitous evil,"Is belief in an all-powerful, all-loving God rational given alleged gratuitous evil, salvation confusion, rationality, design, and morality?",pro,Stephen Woodford,Simon Edwards,82,78,closed,4,81.5085248234426
103,woodford-edwards-rational-belief-god-2023,Stephen Woodford vs Simon Edwards: Is It Rational to Believe in God?,Rational theism and gratuitous evil,"Is belief in an all-powerful, all-loving God rational given alleged gratuitous evil, salvation confusion, rationality, design, and morality?",con,Simon Edwards,Stephen Woodford,78,82,closed,-4,77.5085248234426
104,oconnor-baker-hytch-argument-from-reason-2020,Alex O'Connor vs Max Baker-Hytch: The Argument for God From Reason,"Reason, intentionality, and naturalism",Does rationality undermine naturalism and make a theistic or otherwise non-naturalist account of mind more probable?,pro,Max Baker-Hytch,Alex O'Connor,84,82,closed,2,83.5085248234426
104,oconnor-baker-hytch-argument-from-reason-2020,Alex O'Connor vs Max Baker-Hytch: The Argument for God From Reason,"Reason, intentionality, and naturalism",Does rationality undermine naturalism and make a theistic or otherwise non-naturalist account of mind more probable?,con,Alex O'Connor,Max Baker-Hytch,82,84,closed,-2,81.5085248234426
106,peterson-blackmore-god-meaning-life-2018,Jordan Peterson vs Susan Blackmore: Do We Need God to Make Sense of Life?,"God, archetypes, and memes","Do humans need God, religious stories, or religiously inherited values to make sense of life, meaning, morality, suffering, and action?",pro,Jordan Peterson,Susan Blackmore,74,85,closed,-11,73.5085248234426
106,peterson-blackmore-god-meaning-life-2018,Jordan Peterson vs Susan Blackmore: Do We Need God to Make Sense of Life?,"God, archetypes, and memes","Do humans need God, religious stories, or religiously inherited values to make sense of life, meaning, morality, suffering, and action?",con,Susan Blackmore,Jordan Peterson,85,74,closed,11,84.5085248234426
107,lennox-ruse-science-faith-evidence-god-2018,"John Lennox vs Michael Ruse: Science, Faith, and the Evidence for God","Science, faith, and divine evidence","Do science, mathematics, miracle claims, moral experience, and the problem of evil support an evidence-based Christian faith or a more cautious agnostic naturalism?",pro,John Lennox,Michael Ruse,79,85,closed,-6,78.5085248234426
107,lennox-ruse-science-faith-evidence-god-2018,"John Lennox vs Michael Ruse: Science, Faith, and the Evidence for God","Science, faith, and divine evidence","Do science, mathematics, miracle claims, moral experience, and the problem of evil support an evidence-based Christian faith or a more cautious agnostic naturalism?",con,Michael Ruse,John Lennox,85,79,closed,6,84.5085248234426
108,ward-ruse-mind-consciousness-god-2013,"Keith Ward vs Michael Ruse: Mind, Consciousness, and God","Mind, consciousness, and God","Does human consciousness, religious and moral experience, and free agency make best sense within a God-centered mind-first reality, or can agnostic naturalism absorb those mysteries without theism?",pro,Keith Ward,Michael Ruse,80,82,closed,-2,79.5085248234426
108,ward-ruse-mind-consciousness-god-2013,"Keith Ward vs Michael Ruse: Mind, Consciousness, and God","Mind, consciousness, and God","Does human consciousness, religious and moral experience, and free agency make best sense within a God-centered mind-first reality, or can agnostic naturalism absorb those mysteries without theism?",con,Michael Ruse,Keith Ward,82,80,closed,2,81.5085248234426
109,mclatchie-oconnor-theism-naturalism-reality-2022,Jonathan McLatchie vs Alex O'Connor: Theism or Naturalism?,"Theism, naturalism, and reality","Theism or naturalism: which provides a better account of reality, including biological information, resurrection testimony, divine hiddenness, religious geography, and suffering?",pro,Jonathan McLatchie,Alex O'Connor,74,83,closed,-9,73.5085248234426
109,mclatchie-oconnor-theism-naturalism-reality-2022,Jonathan McLatchie vs Alex O'Connor: Theism or Naturalism?,"Theism, naturalism, and reality","Theism or naturalism: which provides a better account of reality, including biological information, resurrection testimony, divine hiddenness, religious geography, and suffering?",con,Alex O'Connor,Jonathan McLatchie,83,74,closed,9,82.5085248234426
110,tour-garte-evolution-agency-christian-faith-2025,"James Tour vs Sy Garte: Evolution, Agency, and Christian Faith","Evolution, agency, and Christian faith","Can Christian faith be reconciled with evolutionary theory by emphasizing agency, cognition, and natural genetic engineering, or do unresolved mechanisms in origins, body plans, fossils, and human uniqueness make evolutionary confidence overreach?",pro,James Tour,Sy Garte,79,80,closed,-1,78.5085248234426
110,tour-garte-evolution-agency-christian-faith-2025,"James Tour vs Sy Garte: Evolution, Agency, and Christian Faith","Evolution, agency, and Christian faith","Can Christian faith be reconciled with evolutionary theory by emphasizing agency, cognition, and natural genetic engineering, or do unresolved mechanisms in origins, body plans, fossils, and human uniqueness make evolutionary confidence overreach?",con,Sy Garte,James Tour,80,79,closed,1,79.5085248234426
111,tour-farina-origin-life-cluelessness-2023,Dave Farina vs James Tour: Are We Clueless About the Origin of Life?,Origin of life cluelessness,"Are scientists currently clueless about the origin of life, or do prebiotic chemistry, ribozyme research, and systems chemistry already provide viable pathways toward abiogenesis?",pro,James Tour,Dave Farina,80,79,closed,1,79.5085248234426
111,tour-farina-origin-life-cluelessness-2023,Dave Farina vs James Tour: Are We Clueless About the Origin of Life?,Origin of life cluelessness,"Are scientists currently clueless about the origin of life, or do prebiotic chemistry, ribozyme research, and systems chemistry already provide viable pathways toward abiogenesis?",con,Dave Farina,James Tour,79,80,closed,-1,78.5085248234426
112,copan-woodford-belief-god-reasonable-2024,Paul Copan vs Stephen Woodford: Is Belief in God Reasonable?,Reasonable belief in God,"Is belief in God reasonable, given cosmology, fine-tuning, consciousness, rationality, morality, evil, religious history, and the record of scientific explanation?",pro,Paul Copan,Stephen Woodford,78,81,closed,-3,77.5085248234426
112,copan-woodford-belief-god-reasonable-2024,Paul Copan vs Stephen Woodford: Is Belief in God Reasonable?,Reasonable belief in God,"Is belief in God reasonable, given cosmology, fine-tuning, consciousness, rationality, morality, evil, religious history, and the record of scientific explanation?",con,Stephen Woodford,Paul Copan,81,78,closed,3,80.5085248234426
113,dirckx-woodford-god-suffering-2024,Sharon Dirckx vs Stephen Woodford: Why Doesn't God Stop Suffering?,God and suffering,"Does the reality of suffering make belief in an all-powerful, all-loving God unreasonable, or does the Christian framework of a broken world, divine presence, justice, and future healing make better sense of it?",pro,Sharon Dirckx,Stephen Woodford,79,80,closed,-1,78.5085248234426
113,dirckx-woodford-god-suffering-2024,Sharon Dirckx vs Stephen Woodford: Why Doesn't God Stop Suffering?,God and suffering,"Does the reality of suffering make belief in an all-powerful, all-loving God unreasonable, or does the Christian framework of a broken world, divine presence, justice, and future healing make better sense of it?",con,Stephen Woodford,Sharon Dirckx,80,79,closed,1,79.5085248234426
114,dirckx-goff-consciousness-points-god-2019,Sharon Dirckx vs Philip Goff: Does Consciousness Point to God?,Consciousness pointing to God,"Does consciousness point beyond materialism to God, or can a non-theistic panpsychist framework explain conscious experience without adding theism?",pro,Sharon Dirckx,Philip Goff,79,81,closed,-2,78.5085248234426
114,dirckx-goff-consciousness-points-god-2019,Sharon Dirckx vs Philip Goff: Does Consciousness Point to God?,Consciousness pointing to God,"Does consciousness point beyond materialism to God, or can a non-theistic panpsychist framework explain conscious experience without adding theism?",con,Philip Goff,Sharon Dirckx,81,79,closed,2,80.5085248234426
116,bertuzzi-schieber-evil-evidence-2019,Cameron Bertuzzi vs Justin Schieber: The Problem of Evil,Evil as evidence,"Do facts about pain, pleasure, languishing, and horrendous evil count as evidence for naturalism over theism, or can soul-building and skeptical theism neutralize that evidential force?",pro,Cameron Bertuzzi,Justin Schieber,78,87,closed,-9,77.5085248234426
116,bertuzzi-schieber-evil-evidence-2019,Cameron Bertuzzi vs Justin Schieber: The Problem of Evil,Evil as evidence,"Do facts about pain, pleasure, languishing, and horrendous evil count as evidence for naturalism over theism, or can soul-building and skeptical theism neutralize that evidential force?",con,Justin Schieber,Cameron Bertuzzi,87,78,closed,9,86.5085248234426
117,bertuzzi-oconnor-contingency-argument-2018,Alex O'Connor vs Cameron Bertuzzi: Something From Nothing?,Contingency and nothingness,"Does the contingency argument show that contingent reality requires a necessary foundation identifiable as God, or can determinism, composition worries, and a necessary-universe option block the inference?",pro,Cameron Bertuzzi,Alex O'Connor,81,87,closed,-6,80.5085248234426
117,bertuzzi-oconnor-contingency-argument-2018,Alex O'Connor vs Cameron Bertuzzi: Something From Nothing?,Contingency and nothingness,"Does the contingency argument show that contingent reality requires a necessary foundation identifiable as God, or can determinism, composition worries, and a necessary-universe option block the inference?",con,Alex O'Connor,Cameron Bertuzzi,87,81,closed,6,86.5085248234426
118,hernandez-schieber-god-existence-2023,Eric Hernandez vs Justin Schieber: Does God Exist?,"Evil, mind, and hiddenness","Does theism or atheistic naturalism better explain evil, objective morality, knowledge, rationality, consciousness, free will, animal suffering, cosmic hostility, and non-resistant nonbelief?",pro,Eric Hernandez,Justin Schieber,74,85,closed,-11,73.5085248234426
118,hernandez-schieber-god-existence-2023,Eric Hernandez vs Justin Schieber: Does God Exist?,"Evil, mind, and hiddenness","Does theism or atheistic naturalism better explain evil, objective morality, knowledge, rationality, consciousness, free will, animal suffering, cosmic hostility, and non-resistant nonbelief?",con,Justin Schieber,Eric Hernandez,85,74,closed,11,84.5085248234426
119,jones-oconnor-hell-2023,Michael Jones vs Alex O'Connor: Does God Send People to Hell?,"Hell, self-exile, and grace","Can the Christian doctrine of hell be morally justified as self-chosen exile, sanctifying grace, and possible annihilation rather than external torture?",pro,Michael Jones,Alex O'Connor,80,87,closed,-7,79.5085248234426
119,jones-oconnor-hell-2023,Michael Jones vs Alex O'Connor: Does God Send People to Hell?,"Hell, self-exile, and grace","Can the Christian doctrine of hell be morally justified as self-chosen exile, sanctifying grace, and possible annihilation rather than external torture?",con,Alex O'Connor,Michael Jones,87,80,closed,7,86.5085248234426
120,mclatchie-oconnor-christianity-true-2019,Jonathan McLatchie vs Alex O'Connor: Is Christianity True?,Resurrection and biblical morality,"Is Christianity true, especially in light of resurrection evidence, Gospel reliability, and the moral authority of biblical teaching?",pro,Jonathan McLatchie,Alex O'Connor,83,83,closed,0,82.5085248234426
120,mclatchie-oconnor-christianity-true-2019,Jonathan McLatchie vs Alex O'Connor: Is Christianity True?,Resurrection and biblical morality,"Is Christianity true, especially in light of resurrection evidence, Gospel reliability, and the moral authority of biblical teaching?",con,Alex O'Connor,Jonathan McLatchie,83,83,closed,0,82.5085248234426
121,dawkins-lennox-science-buried-god-2017,Richard Dawkins vs John Lennox: Has Science Buried God?,"Science, miracles, and God","Has science buried God, or can Christian theism still explain rationality, design, miracles, morality, and fine-tuning?",pro,John Lennox,Richard Dawkins,76,82,closed,-6,75.5085248234426
121,dawkins-lennox-science-buried-god-2017,Richard Dawkins vs John Lennox: Has Science Buried God?,"Science, miracles, and God","Has science buried God, or can Christian theism still explain rationality, design, miracles, morality, and fine-tuning?",con,Richard Dawkins,John Lennox,82,76,closed,6,81.5085248234426
122,horn-oconnor-god-existence-2020,Trent Horn vs Alex O'Connor: Does God Exist?,"God, contingency, and evil","Does God exist, and do contingency, sufficient reason, moral realism, evil, animal suffering, and quantum randomness support or undermine theism?",pro,Trent Horn,Alex O'Connor,77,83,closed,-6,76.5085248234426
122,horn-oconnor-god-existence-2020,Trent Horn vs Alex O'Connor: Does God Exist?,"God, contingency, and evil","Does God exist, and do contingency, sufficient reason, moral realism, evil, animal suffering, and quantum randomness support or undermine theism?",con,Alex O'Connor,Trent Horn,83,77,closed,6,82.5085248234426
123,oconnor-pine-divine-hiddenness-2024,Gregory Pine vs Alex O'Connor: The Divine Hiddenness Problem,Divine hiddenness and seeking,"Does divine hiddenness, uneven religious geography, sincere nonbelief, hell, and original sin count against Catholic theism, or can grace, providence, and creaturely agency explain them?",pro,Gregory Pine,Alex O'Connor,74,87,closed,-13,73.5085248234426
123,oconnor-pine-divine-hiddenness-2024,Gregory Pine vs Alex O'Connor: The Divine Hiddenness Problem,Divine hiddenness and seeking,"Does divine hiddenness, uneven religious geography, sincere nonbelief, hell, and original sin count against Catholic theism, or can grace, providence, and creaturely agency explain them?",con,Alex O'Connor,Gregory Pine,87,74,closed,13,86.5085248234426
124,harris-peterson-god-atheism-bible-2018,"Sam Harris vs Jordan Peterson: God, Atheism, The Bible, Jesus","Religion, myth, and moral truth","Can religious stories, God-language, and biblical tradition ground moral truth and meaning, or should moral realism, well-being, and open inquiry replace dogmatic religious frameworks?",pro,Jordan Peterson,Sam Harris,78,84,closed,-6,77.5085248234426
124,harris-peterson-god-atheism-bible-2018,"Sam Harris vs Jordan Peterson: God, Atheism, The Bible, Jesus","Religion, myth, and moral truth","Can religious stories, God-language, and biblical tradition ground moral truth and meaning, or should moral realism, well-being, and open inquiry replace dogmatic religious frameworks?",con,Sam Harris,Jordan Peterson,84,78,closed,6,83.5085248234426
126,craig-clifton-kalam-cosmological-argument-2021,William Lane Craig vs Scott Clifton: The Kalam Cosmological Argument,Kalam cosmological argument,"Does the Kalam causal premise justify a transcendent cause of the universe, or is ordinary causation too bound to space, time, and material conditions to support that inference?",pro,William Lane Craig,Scott Clifton,82,88,closed,-6,81.5085248234426
126,craig-clifton-kalam-cosmological-argument-2021,William Lane Craig vs Scott Clifton: The Kalam Cosmological Argument,Kalam cosmological argument,"Does the Kalam causal premise justify a transcendent cause of the universe, or is ordinary causation too bound to space, time, and material conditions to support that inference?",con,Scott Clifton,William Lane Craig,88,82,closed,6,87.5085248234426
127,slick-clifton-objective-morality-god-2014,Matt Slick vs Scott Clifton: Does Objective Morality Require God?,Objective morality and theistic foundations,"Does objective morality require God as its necessary foundation, or can secular moral reasoning explain the relevant moral truths and obligations?",pro,Matt Slick,Scott Clifton,70,89,closed,-19,69.5085248234426
127,slick-clifton-objective-morality-god-2014,Matt Slick vs Scott Clifton: Does Objective Morality Require God?,Objective morality and theistic foundations,"Does objective morality require God as its necessary foundation, or can secular moral reasoning explain the relevant moral truths and obligations?",con,Scott Clifton,Matt Slick,89,70,closed,19,88.5085248234426
128,craig-law-evil-god-challenge-2011,William Lane Craig vs Stephen Law: Does God Exist?,Evil God challenge and theism,"Does God exist, and do Craig's cumulative arguments overcome Law's evidential problem of evil and evil-God symmetry challenge?",pro,William Lane Craig,Stephen Law,76,88,closed,-12,75.5085248234426
128,craig-law-evil-god-challenge-2011,William Lane Craig vs Stephen Law: Does God Exist?,Evil God challenge and theism,"Does God exist, and do Craig's cumulative arguments overcome Law's evidential problem of evil and evil-God symmetry challenge?",con,Stephen Law,William Lane Craig,88,76,closed,12,87.5085248234426
129,plantinga-law-eaan-rational-belief-2010,Alvin Plantinga vs Stephen Law: Is the EAAN Successful?,Evolutionary argument and rational belief,Is the evolutionary argument against naturalism successful at showing that naturalism plus evolution gives its believers a defeater for trusting their cognitive faculties?,pro,Alvin Plantinga,Stephen Law,81,81,closed,0,80.5085248234426
129,plantinga-law-eaan-rational-belief-2010,Alvin Plantinga vs Stephen Law: Is the EAAN Successful?,Evolutionary argument and rational belief,Is the evolutionary argument against naturalism successful at showing that naturalism plus evolution gives its believers a defeater for trusting their cognitive faculties?,con,Stephen Law,Alvin Plantinga,81,81,closed,0,80.5085248234426
130,licona-carrier-resurrection-history-2010,Mike Licona vs Richard Carrier: Did Jesus Rise From the Dead?,Resurrection evidence and natural explanations,"Did Jesus rise from the dead, and does the resurrection hypothesis better explain early Christian testimony than naturalistic alternatives?",pro,Michael Licona,Richard Carrier,80,83,closed,-3,79.5085248234426
130,licona-carrier-resurrection-history-2010,Mike Licona vs Richard Carrier: Did Jesus Rise From the Dead?,Resurrection evidence and natural explanations,"Did Jesus rise from the dead, and does the resurrection hypothesis better explain early Christian testimony than naturalistic alternatives?",con,Richard Carrier,Michael Licona,83,80,closed,3,82.5085248234426
131,boyce-carrier-historical-jesus-mythicism-2022,Stephen Boyce vs Richard Carrier: Did Jesus Exist?,Historical Jesus and mythicism,"Did Jesus exist as a historical person, or did early Christian belief begin with a celestial or mythic Christ later placed in history?",pro,Stephen Boyce,Richard Carrier,78,83,closed,-5,77.5085248234426
131,boyce-carrier-historical-jesus-mythicism-2022,Stephen Boyce vs Richard Carrier: Did Jesus Exist?,Historical Jesus and mythicism,"Did Jesus exist as a historical person, or did early Christian belief begin with a celestial or mythic Christ later placed in history?",con,Richard Carrier,Stephen Boyce,83,78,closed,5,82.5085248234426
132,mclatchie-carrier-paul-celestial-jesus-2018,Jonathan McLatchie vs Richard Carrier: Did Paul Believe in a Celestial Jesus?,Paul and celestial Jesus mythicism,"Did Paul understand Jesus as an earthly historical person, or as a celestial figure whose death and resurrection occurred in a mythic heavenly realm?",pro,Jonathan McLatchie,Richard Carrier,80,83,closed,-3,79.5085248234426
132,mclatchie-carrier-paul-celestial-jesus-2018,Jonathan McLatchie vs Richard Carrier: Did Paul Believe in a Celestial Jesus?,Paul and celestial Jesus mythicism,"Did Paul understand Jesus as an earthly historical person, or as a celestial figure whose death and resurrection occurred in a mythic heavenly realm?",con,Richard Carrier,Jonathan McLatchie,83,80,closed,3,82.5085248234426
133,hawkins-folley-free-will-idealism-2026,"Nathan Hawkins vs Joe Folley: Free Will, Compatibilism, and Idealism","Free will, agency, and idealism",Can libertarian free will and Bradleyan idealism answer determinist and naturalist pressure better than compatibilist pragmatism?,pro,Nathan Hawkins,Joe Folley,77,85,closed,-8,76.5085248234426
133,hawkins-folley-free-will-idealism-2026,"Nathan Hawkins vs Joe Folley: Free Will, Compatibilism, and Idealism","Free will, agency, and idealism",Can libertarian free will and Bradleyan idealism answer determinist and naturalist pressure better than compatibilist pragmatism?,con,Joe Folley,Nathan Hawkins,85,77,closed,8,84.5085248234426
134,macdonald-carrier-jesus-mythicism-mimesis-2025,Dennis R. MacDonald vs Richard Carrier: Did Jesus Exist?,"Historical Jesus, mythicism, and mimesis","Did Jesus exist as a historical Jewish teacher later mythologized, or did early Christianity begin with a revelatory Christ only later placed in history?",pro,Dennis R. MacDonald,Richard Carrier,79,81,closed,-2,78.5085248234426
134,macdonald-carrier-jesus-mythicism-mimesis-2025,Dennis R. MacDonald vs Richard Carrier: Did Jesus Exist?,"Historical Jesus, mythicism, and mimesis","Did Jesus exist as a historical Jewish teacher later mythologized, or did early Christianity begin with a revelatory Christ only later placed in history?",con,Richard Carrier,Dennis R. MacDonald,81,79,closed,2,80.5085248234426
135,ehrman-price-historical-jesus-mythicism-2016,Bart Ehrman vs Robert Price: Did Jesus Exist?,"Historical Jesus, mythicism, and textual evidence","Did a first-century Jewish preacher named Jesus exist behind the Christian traditions, or did Christianity develop from mythic and scriptural materials without such a person?",pro,Bart Ehrman,Robert Price,86,81,closed,5,85.5085248234426
135,ehrman-price-historical-jesus-mythicism-2016,Bart Ehrman vs Robert Price: Did Jesus Exist?,"Historical Jesus, mythicism, and textual evidence","Did a first-century Jewish preacher named Jesus exist behind the Christian traditions, or did Christianity develop from mythic and scriptural materials without such a person?",con,Robert Price,Bart Ehrman,81,86,closed,-5,80.5085248234426
136,douthat-ehrman-resurrection-gospel-history-2026,Ross Douthat vs Bart Ehrman: Did Jesus Rise From the Dead?,"Resurrection, Gospel testimony, and belief","How much historical confidence should readers place in the Gospels and resurrection accounts: reliable witness traces or later traditions shaped by memory, theology, and debate?",pro,Ross Douthat,Bart Ehrman,84,86,closed,-2,83.5085248234426
136,douthat-ehrman-resurrection-gospel-history-2026,Ross Douthat vs Bart Ehrman: Did Jesus Rise From the Dead?,"Resurrection, Gospel testimony, and belief","How much historical confidence should readers place in the Gospels and resurrection accounts: reliable witness traces or later traditions shaped by memory, theology, and debate?",con,Bart Ehrman,Ross Douthat,86,84,closed,2,85.5085248234426
137,price-craig-resurrection-historical-analogy-1999,Robert Price vs William Lane Craig: Did Jesus Rise From the Dead?,"Resurrection, historical analogy, and evidence","Do the earliest Christian sources establish burial, an empty tomb, appearances, and resurrection belief such that God raising Jesus best explains the evidence?",pro,William Lane Craig,Robert Price,83,80,closed,3,82.5085248234426
137,price-craig-resurrection-historical-analogy-1999,Robert Price vs William Lane Craig: Did Jesus Rise From the Dead?,"Resurrection, historical analogy, and evidence","Do the earliest Christian sources establish burial, an empty tomb, appearances, and resurrection belief such that God raising Jesus best explains the evidence?",con,Robert Price,William Lane Craig,80,83,closed,-3,79.5085248234426
138,albrecht-price-bodily-resurrection-2022,William Albrecht vs Robert Price: Did Jesus Bodily Rise from the Dead?,"Bodily resurrection, ancient parallels, and testimony","Did Jesus Christ bodily rise from the dead, as early Christian sources claim?",pro,William Albrecht,Robert Price,78,80,closed,-2,77.5085248234426
138,albrecht-price-bodily-resurrection-2022,William Albrecht vs Robert Price: Did Jesus Bodily Rise from the Dead?,"Bodily resurrection, ancient parallels, and testimony","Did Jesus Christ bodily rise from the dead, as early Christian sources claim?",con,Robert Price,William Albrecht,80,78,closed,2,79.5085248234426
139,adelstein-dillahunty-belief-god-2025,Matthew Adelstein vs Matt Dillahunty: Should We Believe in God?,"Theism, fine-tuning, and anthropic evidence","Should we believe in an all-knowing, all-powerful, morally perfect being?",pro,Matthew Adelstein,Matt Dillahunty,81,89,closed,-8,80.5085248234426
139,adelstein-dillahunty-belief-god-2025,Matthew Adelstein vs Matt Dillahunty: Should We Believe in God?,"Theism, fine-tuning, and anthropic evidence","Should we believe in an all-knowing, all-powerful, morally perfect being?",con,Matt Dillahunty,Matthew Adelstein,89,81,closed,8,88.5085248234426
140,rhodes-dillahunty-evidence-god-2021,Kenny Rhodes vs Matt Dillahunty: Is There Evidence for God?,"Classical theism, essence, and evidence",Is there good evidence for the existence of the God of classical theism?,pro,Kenny Rhodes,Matt Dillahunty,70,88,closed,-18,69.5085248234426
140,rhodes-dillahunty-evidence-god-2021,Kenny Rhodes vs Matt Dillahunty: Is There Evidence for God?,"Classical theism, essence, and evidence",Is there good evidence for the existence of the God of classical theism?,con,Matt Dillahunty,Kenny Rhodes,88,70,closed,18,87.5085248234426
141,fischer-dillahunty-axiomatic-evidence-god-2020,Ben Fischer vs Matt Dillahunty: Is There Good Evidence for God?,Axiomatic first cause and evidence,"Is there good evidence for God, rather than merely an asserted epistemic starting point?",pro,Ben Fischer,Matt Dillahunty,68,86,closed,-18,67.5085248234426
141,fischer-dillahunty-axiomatic-evidence-god-2020,Ben Fischer vs Matt Dillahunty: Is There Good Evidence for God?,Axiomatic first cause and evidence,"Is there good evidence for God, rather than merely an asserted epistemic starting point?",con,Matt Dillahunty,Ben Fischer,86,68,closed,18,85.5085248234426
142,comfort-dillahunty-gospel-atonement-2020,Ray Comfort vs Matt Dillahunty: Does the Gospel Make Sense?,Gospel atonement and moral responsibility,"Does the Christian gospel's account of sin, atonement, and salvation make moral and explanatory sense?",pro,Ray Comfort,Matt Dillahunty,68,86,closed,-18,67.5085248234426
142,comfort-dillahunty-gospel-atonement-2020,Ray Comfort vs Matt Dillahunty: Does the Gospel Make Sense?,Gospel atonement and moral responsibility,"Does the Christian gospel's account of sin, atonement, and salvation make moral and explanatory sense?",con,Matt Dillahunty,Ray Comfort,86,68,closed,18,85.5085248234426
143,vela-dillahunty-transcendental-evidence-god-2020,Tyler Vela vs Matt Dillahunty: Is There Good Evidence for God?,Transcendental logic and divine evidence,Do laws of logic and other transcendental facts provide good evidence for a necessary personal God?,pro,Tyler Vela,Matt Dillahunty,76,84,closed,-8,75.5085248234426
143,vela-dillahunty-transcendental-evidence-god-2020,Tyler Vela vs Matt Dillahunty: Is There Good Evidence for God?,Transcendental logic and divine evidence,Do laws of logic and other transcendental facts provide good evidence for a necessary personal God?,con,Matt Dillahunty,Tyler Vela,84,76,closed,8,83.5085248234426
144,plantinga-dennett-evolution-naturalism-2018,"Alvin Plantinga vs Daniel Dennett: Science, Religion, and Evolution","Evolution, naturalism, and divine design","Are evolutionary science and theistic religion compatible, and does naturalism plus evolution undercut trust in human cognition?",pro,Alvin Plantinga,Daniel Dennett,83,84,closed,-1,82.5085248234426
144,plantinga-dennett-evolution-naturalism-2018,"Alvin Plantinga vs Daniel Dennett: Science, Religion, and Evolution","Evolution, naturalism, and divine design","Are evolutionary science and theistic religion compatible, and does naturalism plus evolution undercut trust in human cognition?",con,Daniel Dennett,Alvin Plantinga,84,83,closed,1,83.5085248234426
145,dennett-dsouza-god-human-invention-2007,Daniel Dennett vs Dinesh D'Souza: Is God a Human Invention?,"Religion, naturalism, and divine explanation","Is God a human invention, or do cosmological fine-tuning, morality, consciousness, and religious experience provide rational support for a real divine creator?",pro,Daniel Dennett,Dinesh D'Souza,80,75,closed,5,79.5085248234426
145,dennett-dsouza-god-human-invention-2007,Daniel Dennett vs Dinesh D'Souza: Is God a Human Invention?,"Religion, naturalism, and divine explanation","Is God a human invention, or do cosmological fine-tuning, morality, consciousness, and religious experience provide rational support for a real divine creator?",con,Dinesh D'Souza,Daniel Dennett,75,80,closed,-5,74.5085248234426
146,harris-dennett-free-will-2018,Sam Harris vs Daniel Dennett: Does Free Will Exist?,"Determinism, agency, and responsibility","Does determinism or indeterminism undermine free will and moral responsibility, or can reasons-responsive agency provide a compatibilist form of freedom worth preserving?",pro,Sam Harris,Daniel Dennett,82,88,closed,-6,81.5085248234426
146,harris-dennett-free-will-2018,Sam Harris vs Daniel Dennett: Does Free Will Exist?,"Determinism, agency, and responsibility","Does determinism or indeterminism undermine free will and moral responsibility, or can reasons-responsive agency provide a compatibilist form of freedom worth preserving?",con,Daniel Dennett,Sam Harris,88,82,closed,6,87.5085248234426
147,dennett-clayton-naturalism-ultimate-reality-2012,Daniel Dennett vs Philip Clayton: Naturalism and Ultimate Reality,"Naturalism, mind, and ultimate reality","Does naturalism fully explain mind, intentionality, morality, and reality, or does a religious account of ultimate reality offer an additional explanatory framework?",pro,Daniel Dennett,Philip Clayton,85,82,closed,3,84.5085248234426
147,dennett-clayton-naturalism-ultimate-reality-2012,Daniel Dennett vs Philip Clayton: Naturalism and Ultimate Reality,"Naturalism, mind, and ultimate reality","Does naturalism fully explain mind, intentionality, morality, and reality, or does a religious account of ultimate reality offer an additional explanatory framework?",con,Philip Clayton,Daniel Dennett,82,85,closed,-3,81.5085248234426
148,baggett-dillahunty-moral-argument-2018,David Baggett vs Matt Dillahunty: The Moral Argument for God,"Moral authority, God, and secular ethics","Do objective moral facts, moral knowledge, moral transformation, and moral rationality make theism a better explanation than secular ethical theories?",pro,David Baggett,Matt Dillahunty,85,86,closed,-1,84.5085248234426
148,baggett-dillahunty-moral-argument-2018,David Baggett vs Matt Dillahunty: The Moral Argument for God,"Moral authority, God, and secular ethics","Do objective moral facts, moral knowledge, moral transformation, and moral rationality make theism a better explanation than secular ethical theories?",con,Matt Dillahunty,David Baggett,86,85,closed,1,85.5085248234426
150,licona-dillahunty-resurrection-evidence-2017,Mike Licona vs Matt Dillahunty: Was Jesus Raised from the Dead?,"Miracles, resurrection, and historical evidence","Did Jesus rise from the dead, and can historical evidence plus allegedly supernatural phenomena justify that conclusion?",pro,Michael Licona,Matt Dillahunty,79,88,closed,-9,78.5085248234426
150,licona-dillahunty-resurrection-evidence-2017,Mike Licona vs Matt Dillahunty: Was Jesus Raised from the Dead?,"Miracles, resurrection, and historical evidence","Did Jesus rise from the dead, and can historical evidence plus allegedly supernatural phenomena justify that conclusion?",con,Matt Dillahunty,Michael Licona,88,79,closed,9,87.5085248234426
151,wood-dillahunty-god-secular-humanism-2020,David Wood vs Matt Dillahunty: God or Secular Humanism?,Moral obligation and human flourishing,Which gives a better foundation for ethics: God or secular humanism?,pro,David Wood,Matt Dillahunty,79,84,closed,-5,78.5085248234426
151,wood-dillahunty-god-secular-humanism-2020,David Wood vs Matt Dillahunty: God or Secular Humanism?,Moral obligation and human flourishing,Which gives a better foundation for ethics: God or secular humanism?,con,Matt Dillahunty,David Wood,84,79,closed,5,83.5085248234426
152,knechtle-aron-ra-god-existence-2023,Stuart Knechtle vs Aron Ra: Does God Exist?,"Design, logic, and God","Does God exist, and do design, morality, logic, and experience support that conclusion?",pro,Stuart Knechtle,Aron Ra,71,78,closed,-7,70.5085248234426
152,knechtle-aron-ra-god-existence-2023,Stuart Knechtle vs Aron Ra: Does God Exist?,"Design, logic, and God","Does God exist, and do design, morality, logic, and experience support that conclusion?",con,Aron Ra,Stuart Knechtle,78,71,closed,7,77.5085248234426
153,oconnor-carter-free-will-determinism-2024,Alex O'Connor vs Dr Alex Carter: Free Will and Determinism,Free will and compatibilism,"Do determinism and unchosen desires eliminate free will, or can determined agents be free when acting voluntarily and without coercion?",pro,Alex O'Connor,Alex Carter,79,82,closed,-3,78.5085248234426
153,oconnor-carter-free-will-determinism-2024,Alex O'Connor vs Dr Alex Carter: Free Will and Determinism,Free will and compatibilism,"Do determinism and unchosen desires eliminate free will, or can determined agents be free when acting voluntarily and without coercion?",con,Alex Carter,Alex O'Connor,82,79,closed,3,81.5085248234426
155,turek-shermer-morality-god-science-2015,Frank Turek vs Michael Shermer: Is Morality Better Explained by God or Science?,Moral objectivity and divine grounding,"Is objective morality better explained by God as its personal ground, or by science, evolution, and human flourishing?",pro,Frank Turek,Michael Shermer,76,79,closed,-3,75.5085248234426
155,turek-shermer-morality-god-science-2015,Frank Turek vs Michael Shermer: Is Morality Better Explained by God or Science?,Moral objectivity and divine grounding,"Is objective morality better explained by God as its personal ground, or by science, evolution, and human flourishing?",con,Michael Shermer,Frank Turek,79,76,closed,3,78.5085248234426
156,harris-prager-religion-morality-public-reason-2014,"Sam Harris vs Dennis Prager: Religion, Morality, and Public Reason","Religion, moral reasoning, and social order","Does religious belief better ground moral knowledge and identify social evil, or can secular ethical realism guide moral progress without sacred texts?",pro,Dennis Prager,Sam Harris,70,81,closed,-11,69.5085248234426
156,harris-prager-religion-morality-public-reason-2014,"Sam Harris vs Dennis Prager: Religion, Morality, and Public Reason","Religion, moral reasoning, and social order","Does religious belief better ground moral knowledge and identify social evil, or can secular ethical realism guide moral progress without sacred texts?",con,Sam Harris,Dennis Prager,81,70,closed,11,80.5085248234426
157,dillahunty-howitt-christianity-true-2023,Matt Dillahunty vs Lewis Howitt: Is Christianity True?,"Logic, reason, and divine grounding","Is Christianity true, and do the grounding of logic, a necessary cause, divine hiddenness, and the relation of reason to revelation support or undermine it?",pro,Lewis Howitt,Matt Dillahunty,71,88,closed,-17,70.5085248234426
157,dillahunty-howitt-christianity-true-2023,Matt Dillahunty vs Lewis Howitt: Is Christianity True?,"Logic, reason, and divine grounding","Is Christianity true, and do the grounding of logic, a necessary cause, divine hiddenness, and the relation of reason to revelation support or undermine it?",con,Matt Dillahunty,Lewis Howitt,88,71,closed,17,87.5085248234426
158,dillahunty-mclatchie-resurrection-evidence-2020,Matt Dillahunty vs Jonathan McLatchie: Is There Strong Evidence for the Resurrection?,"Resurrection, testimony, and history","Is there strong historical evidence that Jesus rose from the dead, or are the surviving Christian reports too indirect and insufficiently testable to establish a resurrection?",pro,Jonathan McLatchie,Matt Dillahunty,78,83,closed,-5,77.5085248234426
158,dillahunty-mclatchie-resurrection-evidence-2020,Matt Dillahunty vs Jonathan McLatchie: Is There Strong Evidence for the Resurrection?,"Resurrection, testimony, and history","Is there strong historical evidence that Jesus rose from the dead, or are the surviving Christian reports too indirect and insufficiently testable to establish a resurrection?",con,Matt Dillahunty,Jonathan McLatchie,83,78,closed,5,82.5085248234426
159,wood-aron-ra-naturalism-2023,David Wood vs Aron Ra: Is Naturalism True?,"Naturalism, evolution, and rationality","Is naturalism true, or does an evolutionary naturalist account of human cognition undermine the rational confidence required to affirm naturalism?",pro,David Wood,Aron Ra,81,79,closed,2,80.5085248234426
159,wood-aron-ra-naturalism-2023,David Wood vs Aron Ra: Is Naturalism True?,"Naturalism, evolution, and rationality","Is naturalism true, or does an evolutionary naturalist account of human cognition undermine the rational confidence required to affirm naturalism?",con,Aron Ra,David Wood,79,81,closed,-2,78.5085248234426
160,pinker-douthat-do-we-need-god-2026,Steven Pinker vs Ross Douthat: Do We Need God?,"Religion, secularism, and human flourishing","Are people and societies better off with belief in God, or can secular reason and institutions provide morality, purpose, and social cooperation more effectively?",pro,Ross Douthat,Steven Pinker,80,85,closed,-5,79.5085248234426
160,pinker-douthat-do-we-need-god-2026,Steven Pinker vs Ross Douthat: Do We Need God?,"Religion, secularism, and human flourishing","Are people and societies better off with belief in God, or can secular reason and institutions provide morality, purpose, and social cooperation more effectively?",con,Steven Pinker,Ross Douthat,85,80,closed,5,84.5085248234426
161,craig-millican-does-god-exist-2011,William Lane Craig vs Peter Millican: Does God Exist?,God and skeptical empiricism,"Does the evidence from cosmology, fine-tuning, morality, Jesus' resurrection, and religious experience make Christian theism more reasonable than skeptical atheism?",pro,William Lane Craig,Peter Millican,75,87,closed,-12,74.5085248234426
161,craig-millican-does-god-exist-2011,William Lane Craig vs Peter Millican: Does God Exist?,God and skeptical empiricism,"Does the evidence from cosmology, fine-tuning, morality, Jesus' resurrection, and religious experience make Christian theism more reasonable than skeptical atheism?",con,Peter Millican,William Lane Craig,87,75,closed,12,86.5085248234426
162,craig-kagan-god-morality-2009,William Lane Craig vs Shelly Kagan: Is God Necessary for Morality?,Moral grounding and ultimate accountability,"Is God necessary for objective moral values, duties, human significance, and accountability, or can a secular moral realism provide an adequate foundation?",pro,William Lane Craig,Shelly Kagan,76,85,closed,-9,75.5085248234426
162,craig-kagan-god-morality-2009,William Lane Craig vs Shelly Kagan: Is God Necessary for Morality?,Moral grounding and ultimate accountability,"Is God necessary for objective moral values, duties, human significance, and accountability, or can a secular moral realism provide an adequate foundation?",con,Shelly Kagan,William Lane Craig,85,76,closed,9,84.5085248234426
163,craig-draper-existence-of-god-1997,William Lane Craig vs Paul Draper: The Existence of God,God and comparative evidence,"Does the total evidence concerning the universe, life, morality, Jesus, religious experience, suffering, and hiddenness favor theism over naturalism?",pro,William Lane Craig,Paul Draper,78,85,closed,-7,77.5085248234426
163,craig-draper-existence-of-god-1997,William Lane Craig vs Paul Draper: The Existence of God,God and comparative evidence,"Does the total evidence concerning the universe, life, morality, Jesus, religious experience, suffering, and hiddenness favor theism over naturalism?",con,Paul Draper,William Lane Craig,85,78,closed,7,84.5085248234426
164,craig-wielenberg-god-morality-2018,William Lane Craig vs Erik Wielenberg: God and Morality,Moral realism and divine authority,What is the best account of objective moral values and duties: the nature and commands of God or godless normative realism?,pro,William Lane Craig,Erik Wielenberg,80,84,closed,-4,79.5085248234426
164,craig-wielenberg-god-morality-2018,William Lane Craig vs Erik Wielenberg: God and Morality,Moral realism and divine authority,What is the best account of objective moral values and duties: the nature and commands of God or godless normative realism?,con,Erik Wielenberg,William Lane Craig,84,80,closed,4,83.5085248234426
165,craig-rosenberg-faith-god-reasonable-2013,William Lane Craig vs Alex Rosenberg: Is Faith in God Reasonable?,"Theism, naturalism, and reasonable belief",Is belief in the personal God of classical theism intellectually reasonable?,pro,William Lane Craig,Alex Rosenberg,81,76,closed,5,80.5085248234426
165,craig-rosenberg-faith-god-reasonable-2013,William Lane Craig vs Alex Rosenberg: Is Faith in God Reasonable?,"Theism, naturalism, and reasonable belief",Is belief in the personal God of classical theism intellectually reasonable?,con,Alex Rosenberg,William Lane Craig,76,81,closed,-5,75.5085248234426
166,craig-atkins-does-god-exist-2011,William Lane Craig vs Peter Atkins: Does God Exist?,Theistic arguments and scientific naturalism,Does God exist as the transcendent personal cause and moral foundation of reality?,pro,William Lane Craig,Peter Atkins,83,73,closed,10,82.5085248234426
166,craig-atkins-does-god-exist-2011,William Lane Craig vs Peter Atkins: Does God Exist?,Theistic arguments and scientific naturalism,Does God exist as the transcendent personal cause and moral foundation of reality?,con,Peter Atkins,William Lane Craig,73,83,closed,-10,72.5085248234426
167,craig-shook-existence-god-2008,William Lane Craig vs John Shook: The Existence of God,"Naturalism, supernaturalism, and explanatory bridges","Does the available philosophical, scientific, moral, historical, and experiential evidence support God's existence?",pro,William Lane Craig,John Shook,76,83,closed,-7,75.5085248234426
167,craig-shook-existence-god-2008,William Lane Craig vs John Shook: The Existence of God,"Naturalism, supernaturalism, and explanatory bridges","Does the available philosophical, scientific, moral, historical, and experiential evidence support God's existence?",con,John Shook,William Lane Craig,83,76,closed,7,82.5085248234426
168,craig-krauss-evidence-god-2012,William Lane Craig vs Lawrence Krauss: Is There Evidence for God?,"Evidence, cosmology, and divine explanation","Does the greater weight of philosophical, scientific, moral, and historical evidence support God's existence?",pro,William Lane Craig,Lawrence Krauss,83,81,closed,2,82.5085248234426
168,craig-krauss-evidence-god-2012,William Lane Craig vs Lawrence Krauss: Is There Evidence for God?,"Evidence, cosmology, and divine explanation","Does the greater weight of philosophical, scientific, moral, and historical evidence support God's existence?",con,Lawrence Krauss,William Lane Craig,81,83,closed,-2,80.5085248234426
169,lennox-krauss-universe-god-question-2013,"John Lennox vs Lawrence Krauss: Science, the Universe, and the God Question","Cosmology, fine-tuning, and explanatory scope","Do modern cosmology, fine-tuning, and the universe's existence support a divine mind or a self-contained natural account?",pro,John Lennox,Lawrence Krauss,76,84,closed,-8,75.5085248234426
169,lennox-krauss-universe-god-question-2013,"John Lennox vs Lawrence Krauss: Science, the Universe, and the God Question","Cosmology, fine-tuning, and explanatory scope","Do modern cosmology, fine-tuning, and the universe's existence support a divine mind or a self-contained natural account?",con,Lawrence Krauss,John Lennox,84,76,closed,8,83.5085248234426
170,singer-lennox-is-there-god-2011,Peter Singer vs John Lennox: Is There a God?,"Reason, morality, suffering, and resurrection","Given science, human rationality, morality, suffering, and the historical claims about Jesus, is belief in the biblical God rational?",pro,John Lennox,Peter Singer,75,86,closed,-11,74.5085248234426
170,singer-lennox-is-there-god-2011,Peter Singer vs John Lennox: Is There a God?,"Reason, morality, suffering, and resurrection","Given science, human rationality, morality, suffering, and the historical claims about Jesus, is belief in the biblical God rational?",con,Peter Singer,John Lennox,86,75,closed,11,85.5085248234426
171,hitchens-blair-religion-force-good-2010,Christopher Hitchens vs Tony Blair: Is Religion a Force for Good in the World?,Religion's social benefits and harms,"On balance, is religion a force for good in the world?",pro,Tony Blair,Christopher Hitchens,83,85,closed,-2,82.5085248234426
171,hitchens-blair-religion-force-good-2010,Christopher Hitchens vs Tony Blair: Is Religion a Force for Good in the World?,Religion's social benefits and harms,"On balance, is religion a force for good in the world?",con,Christopher Hitchens,Tony Blair,85,83,closed,2,84.5085248234426
172,hitchens-mcgrath-religious-belief-2007,Christopher Hitchens vs Alister McGrath: Poison or Cure? Religious Belief in the Modern World,"Religious truth, morality, violence, and meaning","Is religious belief in the modern world intellectually credible and morally constructive, or is it an evidentially unsupported source of coercion and harm?",pro,Alister McGrath,Christopher Hitchens,80,80,closed,0,79.5085248234426
172,hitchens-mcgrath-religious-belief-2007,Christopher Hitchens vs Alister McGrath: Poison or Cure? Religious Belief in the Modern World,"Religious truth, morality, violence, and meaning","Is religious belief in the modern world intellectually credible and morally constructive, or is it an evidentially unsupported source of coercion and harm?",con,Christopher Hitchens,Alister McGrath,80,80,closed,0,79.5085248234426
175,oppy-pearce-is-there-a-god-2022,Graham Oppy vs Kenny Pearce: Is There a God?,Theism and naturalistic explanation,Does theism offer a better overall explanation of reality than naturalism?,pro,Kenny Pearce,Graham Oppy,84,88,closed,-4,83.5085248234426
175,oppy-pearce-is-there-a-god-2022,Graham Oppy vs Kenny Pearce: Is There a God?,Theism and naturalistic explanation,Does theism offer a better overall explanation of reality than naturalism?,con,Graham Oppy,Kenny Pearce,88,84,closed,4,87.5085248234426
176,ehrman-peter-williams-gospels-historically-reliable-2018,Bart Ehrman vs Peter J. Williams: Are the Gospels Historically Reliable?,Historical reliability of the Gospels,"Are the canonical Gospels historically reliable accounts of Jesus' life, teaching, death, and resurrection?",pro,Peter J. Williams,Bart Ehrman,83,86,closed,-3,82.5085248234426
176,ehrman-peter-williams-gospels-historically-reliable-2018,Bart Ehrman vs Peter J. Williams: Are the Gospels Historically Reliable?,Historical reliability of the Gospels,"Are the canonical Gospels historically reliable accounts of Jesus' life, teaching, death, and resurrection?",con,Bart Ehrman,Peter J. Williams,86,83,closed,3,85.5085248234426
177,ehrman-wallace-trust-text-new-testament-2011,Bart Ehrman vs Daniel B. Wallace: Can We Trust the Text of the New Testament?,New Testament textual reconstruction,Can textual criticism recover the wording of the original New Testament with enough confidence for the text to be trusted?,pro,Daniel B. Wallace,Bart Ehrman,83,88,closed,-5,82.5085248234426
177,ehrman-wallace-trust-text-new-testament-2011,Bart Ehrman vs Daniel B. Wallace: Can We Trust the Text of the New Testament?,New Testament textual reconstruction,Can textual criticism recover the wording of the original New Testament with enough confidence for the text to be trusted?,con,Bart Ehrman,Daniel B. Wallace,88,83,closed,5,87.5085248234426
178,ehrman-licona-who-wrote-gospels-2025,Bart Ehrman vs Michael Licona: Who Wrote the Gospels?,Authorship of the canonical Gospels,"Were the canonical Gospels written by, or under the authority of, Matthew, Mark, Luke, and John?",pro,Michael Licona,Bart Ehrman,81,87,closed,-6,80.5085248234426
178,ehrman-licona-who-wrote-gospels-2025,Bart Ehrman vs Michael Licona: Who Wrote the Gospels?,Authorship of the canonical Gospels,"Were the canonical Gospels written by, or under the authority of, Matthew, Mark, Luke, and John?",con,Bart Ehrman,Michael Licona,87,81,closed,6,86.5085248234426
179,craig-ehrman-historical-evidence-resurrection-2006,William Lane Craig vs Bart Ehrman: Is There Historical Evidence for the Resurrection?,Historical evidence for Jesus' resurrection,Does the historical evidence make Jesus' bodily resurrection the best explanation of what followed his crucifixion?,pro,William Lane Craig,Bart Ehrman,84,83,closed,1,83.5085248234426
179,craig-ehrman-historical-evidence-resurrection-2006,William Lane Craig vs Bart Ehrman: Is There Historical Evidence for the Resurrection?,Historical evidence for Jesus' resurrection,Does the historical evidence make Jesus' bodily resurrection the best explanation of what followed his crucifixion?,con,Bart Ehrman,William Lane Craig,83,84,closed,-1,82.5085248234426
180,ally-licona-did-jesus-rise-dead-2004,Shabir Ally vs Michael Licona: Did Jesus Rise from the Dead?,The bodily resurrection of Jesus,Does the historical evidence establish that Jesus physically rose from the dead?,pro,Michael Licona,Shabir Ally,83,85,closed,-2,82.5085248234426
180,ally-licona-did-jesus-rise-dead-2004,Shabir Ally vs Michael Licona: Did Jesus Rise from the Dead?,The bodily resurrection of Jesus,Does the historical evidence establish that Jesus physically rose from the dead?,con,Shabir Ally,Michael Licona,85,83,closed,2,84.5085248234426
181,habermas-flew-did-jesus-rise-dead-2000,Gary Habermas vs Antony Flew: Did Jesus Rise from the Dead?,Historical and philosophical evidence for resurrection,Does the historical evidence make Jesus' bodily resurrection a rational conclusion?,pro,Gary Habermas,Antony Flew,87,86,closed,1,86.5085248234426
181,habermas-flew-did-jesus-rise-dead-2000,Gary Habermas vs Antony Flew: Did Jesus Rise from the Dead?,Historical and philosophical evidence for resurrection,Does the historical evidence make Jesus' bodily resurrection a rational conclusion?,con,Antony Flew,Gary Habermas,86,87,closed,-1,85.5085248234426
182,white-ally-sin-salvation-quran-bible-2013,James White vs Shabir Ally: Sin and Salvation in the Qur'an and the Bible,"Sin, forgiveness, and salvation",Which account of sin and salvation—the Qur'an's direct forgiveness and moral accounting or the Bible's grace through Christ's atonement—is more coherent and scripturally grounded?,pro,James White,Shabir Ally,79,79,closed,0,78.5085248234426
182,white-ally-sin-salvation-quran-bible-2013,James White vs Shabir Ally: Sin and Salvation in the Qur'an and the Bible,"Sin, forgiveness, and salvation",Which account of sin and salvation—the Qur'an's direct forgiveness and moral accounting or the Bible's grace through Christ's atonement—is more coherent and scripturally grounded?,con,Shabir Ally,James White,79,79,closed,0,78.5085248234426
183,enoch-clarke-doane-moral-realism-objectivity-2026,David Enoch vs Justin Clarke-Doane: Moral Realism and Objectivity,Moral realism and normative objectivity,Can stance-independent moral facts genuinely vindicate normative objectivity by settling what agents should do?,pro,David Enoch,Justin Clarke-Doane,84,88,closed,-4,83.5085248234426
183,enoch-clarke-doane-moral-realism-objectivity-2026,David Enoch vs Justin Clarke-Doane: Moral Realism and Objectivity,Moral realism and normative objectivity,Can stance-independent moral facts genuinely vindicate normative objectivity by settling what agents should do?,con,Justin Clarke-Doane,David Enoch,88,84,closed,4,87.5085248234426
185,dennett-caruso-free-will-responsibility-2021,Daniel Dennett vs Gregg Caruso: Free Will and Moral Responsibility,"Compatibilism, desert, and punishment","Does the natural human capacity for reasons-responsive control justify free will, moral desert, and responsibility practices?",pro,Daniel Dennett,Gregg Caruso,79,89,closed,-10,78.5085248234426
185,dennett-caruso-free-will-responsibility-2021,Daniel Dennett vs Gregg Caruso: Free Will and Moral Responsibility,"Compatibilism, desert, and punishment","Does the natural human capacity for reasons-responsive control justify free will, moral desert, and responsibility practices?",con,Gregg Caruso,Daniel Dennett,89,79,closed,10,88.5085248234426
186,huemer-sapolsky-free-will-determinism-2024,Michael Huemer vs Robert Sapolsky: Does Free Will Exist—and Does It Matter?,"Agency, biological causation, and responsibility","Do people sometimes control which of multiple genuinely available actions occurs, and does that freedom justify responsibility?",pro,Michael Huemer,Robert Sapolsky,83,80,closed,3,82.5085248234426
186,huemer-sapolsky-free-will-determinism-2024,Michael Huemer vs Robert Sapolsky: Does Free Will Exist—and Does It Matter?,"Agency, biological causation, and responsibility","Do people sometimes control which of multiple genuinely available actions occurs, and does that freedom justify responsibility?",con,Robert Sapolsky,Michael Huemer,80,83,closed,-3,79.5085248234426
187,ward-dennett-more-than-matter-2019,Keith Ward vs Daniel Dennett: Are We More Than Matter?,"Mind, consciousness, purpose, and free will","Are consciousness, personal identity, purpose, value, and free agency irreducible to the physical world?",pro,Keith Ward,Daniel Dennett,76,83,closed,-7,75.5085248234426
187,ward-dennett-more-than-matter-2019,Keith Ward vs Daniel Dennett: Are We More Than Matter?,"Mind, consciousness, purpose, and free will","Are consciousness, personal identity, purpose, value, and free agency irreducible to the physical world?",con,Daniel Dennett,Keith Ward,83,76,closed,7,82.5085248234426
188,kastrup-blackmore-consciousness-idealism-2023,Bernardo Kastrup vs Susan Blackmore: What Is Consciousness?,"Analytic idealism, neutral monism, and the self-model",Is consciousness the ontological foundation of reality rather than an emergent property of matter?,pro,Bernardo Kastrup,Susan Blackmore,83,86,closed,-3,82.5085248234426
188,kastrup-blackmore-consciousness-idealism-2023,Bernardo Kastrup vs Susan Blackmore: What Is Consciousness?,"Analytic idealism, neutral monism, and the self-model",Is consciousness the ontological foundation of reality rather than an emergent property of matter?,con,Susan Blackmore,Bernardo Kastrup,86,83,closed,3,85.5085248234426
189,tour-cronin-origin-of-life-2020,James Tour vs Lee Cronin: Are We Close to Discovering the Origin of Life?,Origin of life chemistry and evidential overstatement,Does current origin-of-life research substantially overstate how close it is to explaining the emergence of life?,pro,James Tour,Lee Cronin,82,80,closed,2,81.5085248234426
189,tour-cronin-origin-of-life-2020,James Tour vs Lee Cronin: Are We Close to Discovering the Origin of Life?,Origin of life chemistry and evidential overstatement,Does current origin-of-life research substantially overstate how close it is to explaining the emergence of life?,con,Lee Cronin,James Tour,80,82,closed,-2,79.5085248234426
190,huemer-oppy-souls-personal-identity-2022,Michael Huemer vs Graham Oppy: Do Souls Exist?,"Mind, souls, and personal identity",Do conscious persons possess nonphysical mental substances that can survive bodily death?,pro,Michael Huemer,Graham Oppy,76,84,closed,-8,75.5085248234426
190,huemer-oppy-souls-personal-identity-2022,Michael Huemer vs Graham Oppy: Do Souls Exist?,"Mind, souls, and personal identity",Do conscious persons possess nonphysical mental substances that can survive bodily death?,con,Graham Oppy,Michael Huemer,84,76,closed,8,83.5085248234426
191,ruse-rana-origin-life-evolution-design-2013,Michael Ruse vs Fuz Rana: Evolution or Design at Life's Origin?,Origin of life and cellular design,Are natural processes sufficient to explain the origin of life and the complexity of the cell?,pro,Michael Ruse,Fuz Rana,82,81,closed,1,81.5085248234426
191,ruse-rana-origin-life-evolution-design-2013,Michael Ruse vs Fuz Rana: Evolution or Design at Life's Origin?,Origin of life and cellular design,Are natural processes sufficient to explain the origin of life and the complexity of the cell?,con,Fuz Rana,Michael Ruse,81,82,closed,-1,80.5085248234426
192,tour-swamidass-origin-life-chemistry-2020,James Tour vs S. Joshua Swamidass: How Close Is Origin-of-Life Science?,Prebiotic chemistry and scientific agnosticism,Has science come meaningfully close to explaining how life first arose from nonliving chemistry?,pro,James Tour,S. Joshua Swamidass,80,78,closed,2,79.5085248234426
192,tour-swamidass-origin-life-chemistry-2020,James Tour vs S. Joshua Swamidass: How Close Is Origin-of-Life Science?,Prebiotic chemistry and scientific agnosticism,Has science come meaningfully close to explaining how life first arose from nonliving chemistry?,con,S. Joshua Swamidass,James Tour,78,80,closed,-2,77.5085248234426
193,crossan-licona-historical-jesus-2018,John Dominic Crossan vs Michael Licona: Who Was the Historical Jesus?,"Gospels, miracles, identity, and resurrection","What can historians verify about Jesus, and do the sources support his divine identity and bodily resurrection?",pro,John Dominic Crossan,Michael Licona,82,84,closed,-2,81.5085248234426
193,crossan-licona-historical-jesus-2018,John Dominic Crossan vs Michael Licona: Who Was the Historical Jesus?,"Gospels, miracles, identity, and resurrection","What can historians verify about Jesus, and do the sources support his divine identity and bodily resurrection?",con,Michael Licona,John Dominic Crossan,84,82,closed,2,83.5085248234426
194,swinburne-millican-does-god-exist-2022,Richard Swinburne vs Peter Millican: Does God Exist?,"Simplicity, cosmic order, and evil",Is God the simplest and most probable explanation of the universe and its general features?,pro,Richard Swinburne,Peter Millican,81,88,closed,-7,80.5085248234426
194,swinburne-millican-does-god-exist-2022,Richard Swinburne vs Peter Millican: Does God Exist?,"Simplicity, cosmic order, and evil",Is God the simplest and most probable explanation of the universe and its general features?,con,Peter Millican,Richard Swinburne,88,81,closed,7,87.5085248234426
195,russell-copleston-existence-of-god-1948,Bertrand Russell vs Frederick Copleston: Does God Exist?,"Contingency, experience, and morality","Can God's existence be established through contingency, religious experience, or moral obligation?",pro,Frederick Copleston,Bertrand Russell,78,80,closed,-2,77.5085248234426
195,russell-copleston-existence-of-god-1948,Bertrand Russell vs Frederick Copleston: Does God Exist?,"Contingency, experience, and morality","Can God's existence be established through contingency, religious experience, or moral obligation?",con,Bertrand Russell,Frederick Copleston,80,78,closed,2,79.5085248234426
196,huemer-rasmussen-god-existence-2026,Michael Huemer vs Joshua Rasmussen: Does God Exist?,"God, infinity, and explanatory comparison",Does God exist?,pro,Josh Rasmussen,Michael Huemer,77,79,standalone,-2,79.66588050314465
196,huemer-rasmussen-god-existence-2026,Michael Huemer vs Joshua Rasmussen: Does God Exist?,"God, infinity, and explanatory comparison",Does God exist?,con,Michael Huemer,Josh Rasmussen,79,77,standalone,2,81.66588050314465
197,mcgilchrist-seth-consciousness-god-2026,Iain McGilchrist vs Anil Seth: Does Consciousness Point to God?,"Consciousness, purpose, and God",Does consciousness fundamentally pervade reality and point toward God?,pro,Iain McGilchrist,Anil Seth,74,83,standalone,-9,76.66588050314465
197,mcgilchrist-seth-consciousness-god-2026,Iain McGilchrist vs Anil Seth: Does Consciousness Point to God?,"Consciousness, purpose, and God",Does consciousness fundamentally pervade reality and point toward God?,con,Anil Seth,Iain McGilchrist,83,74,standalone,9,85.66588050314465
198,ferrer-dillahunty-god-morality-2018,John Ferrer vs Matt Dillahunty: Do We Need God for Morality?,God and the foundations of morality,Do we need God for morality?,pro,John Ferrer,Matt Dillahunty,67,83,standalone,-16,69.66588050314465
198,ferrer-dillahunty-god-morality-2018,John Ferrer vs Matt Dillahunty: Do We Need God for Morality?,God and the foundations of morality,Do we need God for morality?,con,Matt Dillahunty,John Ferrer,83,67,standalone,16,85.66588050314465
199,crummett-watkins-soul-existence-2020,Dustin Crummett vs Ben Watkins: Does the Soul Exist?,Soul and mind–body identity,Does the soul exist?,pro,Dustin Crummett,Ben Watkins,82,81,standalone,1,84.66588050314465
199,crummett-watkins-soul-existence-2020,Dustin Crummett vs Ben Watkins: Does the Soul Exist?,Soul and mind–body identity,Does the soul exist?,con,Ben Watkins,Dustin Crummett,81,82,standalone,-1,83.66588050314465
200,craig-stenger-god-existence-2010,William Lane Craig vs Victor Stenger: Does God Exist?,God and scientific naturalism,Does God exist?,pro,William Lane Craig,Victor Stenger,76,69,standalone,7,78.66588050314465
200,craig-stenger-god-existence-2010,William Lane Craig vs Victor Stenger: Does God Exist?,God and scientific naturalism,Does God exist?,con,Victor Stenger,William Lane Craig,69,76,standalone,-7,71.66588050314465
201,hernandez-dillahunty-soul-existence-2015,Does the Soul Exist? Eric Hernandez vs. Matt Dillahunty (2015),"Soul, mind, and physical personhood",Does the soul exist?,pro,Eric Hernandez,Matt Dillahunty,68,82,standalone,-14,70.66588050314465
201,hernandez-dillahunty-soul-existence-2015,Does the Soul Exist? Eric Hernandez vs. Matt Dillahunty (2015),"Soul, mind, and physical personhood",Does the soul exist?,con,Matt Dillahunty,Eric Hernandez,82,68,standalone,14,84.66588050314465
202,dawkins-lennox-god-delusion-2007,Is Belief in God a Delusion? Richard Dawkins vs. John Lennox (2007),The God Delusion and Christian theism,Is belief in the Christian God a delusion?,pro,Richard Dawkins,John Lennox,76,72,standalone,4,78.66588050314465
202,dawkins-lennox-god-delusion-2007,Is Belief in God a Delusion? Richard Dawkins vs. John Lennox (2007),The God Delusion and Christian theism,Is belief in the Christian God a delusion?,con,John Lennox,Richard Dawkins,72,76,standalone,-4,74.66588050314465
203,craig-flew-god-existence-1998,Does God Exist? William Lane Craig vs. Antony Flew (1998),Evidence for and against God's existence,Does God exist?,pro,William Lane Craig,Antony Flew,74,77,standalone,-3,76.66588050314465
203,craig-flew-god-existence-1998,Does God Exist? William Lane Craig vs. Antony Flew (1998),Evidence for and against God's existence,Does God exist?,con,Antony Flew,William Lane Craig,77,74,standalone,3,79.66588050314465
204,singer-dsouza-morality-without-god-2008,Can There Be Morality Without God? Dinesh D'Souza vs. Peter Singer (2008),Morality without God,Can there be morality without God?,pro,Dinesh D'Souza,Peter Singer,71,81,standalone,-10,73.66588050314465
204,singer-dsouza-morality-without-god-2008,Can There Be Morality Without God? Dinesh D'Souza vs. Peter Singer (2008),Morality without God,Can there be morality without God?,con,Peter Singer,Dinesh D'Souza,81,71,standalone,10,83.66588050314465
205,horn-watkins-god-existence-2021,Does God Exist? Trent Horn vs. Ben Watkins (2021),Cumulative theism and divine imperfection,Does God exist?,pro,Trent Horn,Ben Watkins,71,75,standalone,-4,73.66588050314465
205,horn-watkins-god-existence-2021,Does God Exist? Trent Horn vs. Ben Watkins (2021),Cumulative theism and divine imperfection,Does God exist?,con,Ben Watkins,Trent Horn,75,71,standalone,4,77.66588050314465
206,williams-dawkins-god-science-reality-2026,"God, Science and the Poetry of Reality: Rowan Williams vs. Richard Dawkins (2026)","God, science, and the poetry of reality",What best explains the poetry of reality: God or science?,pro,Rowan Williams,Richard Dawkins,76,77,standalone,-1,78.66588050314465
206,williams-dawkins-god-science-reality-2026,"God, Science and the Poetry of Reality: Rowan Williams vs. Richard Dawkins (2026)","God, science, and the poetry of reality",What best explains the poetry of reality: God or science?,con,Richard Dawkins,Rowan Williams,77,76,standalone,1,79.66588050314465
207,peterson-dawkins-memes-archetypes-truth-2024,"Memes, Archetypes, and Religious Truth: Jordan Peterson vs. Richard Dawkins (2024)","Memes, archetypes, and religious truth",Do archetypes and religious narratives convey truths that factual naturalism misses?,pro,Jordan Peterson,Richard Dawkins,74,86,standalone,-12,76.66588050314465
207,peterson-dawkins-memes-archetypes-truth-2024,"Memes, Archetypes, and Religious Truth: Jordan Peterson vs. Richard Dawkins (2024)","Memes, archetypes, and religious truth",Do archetypes and religious narratives convey truths that factual naturalism misses?,con,Richard Dawkins,Jordan Peterson,86,74,standalone,12,88.66588050314465
208,vela-jones-divine-hiddenness-christian-love-2023,Divine Hiddenness and Christian Love: Tyler Vela vs. Michael Jones (2023),Divine hiddenness and Christian love,Is divine hiddenness compatible with Christianity’s claim that God is perfectly loving?,pro,Tyler Vela,Michael Jones,83,78,standalone,5,85.66588050314465
208,vela-jones-divine-hiddenness-christian-love-2023,Divine Hiddenness and Christian Love: Tyler Vela vs. Michael Jones (2023),Divine hiddenness and Christian love,Is divine hiddenness compatible with Christianity’s claim that God is perfectly loving?,con,Michael Jones,Tyler Vela,78,83,standalone,-5,80.66588050314465
209,oconnor-ruegger-divine-hiddenness-loving-god-2022,Divine Hiddenness and a Loving God: Alex O'Connor vs. Lukas Ruegger (2022),Divine hiddenness and a loving God,Does divine hiddenness make the existence of a perfectly loving God unlikely?,pro,Alex O'Connor,Lukas Ruegger,85,75,standalone,10,87.66588050314465
209,oconnor-ruegger-divine-hiddenness-loving-god-2022,Divine Hiddenness and a Loving God: Alex O'Connor vs. Lukas Ruegger (2022),Divine hiddenness and a loving God,Does divine hiddenness make the existence of a perfectly loving God unlikely?,con,Lukas Ruegger,Alex O'Connor,75,85,standalone,-10,77.66588050314465
210,paterson-schmid-divine-hiddenness-relationship-2026,Divine Hiddenness and Religious Evidence: Joe Schmid vs. Dan Paterson (2026),"Divine hiddenness, relationship, and religious evidence",Does divine hiddenness provide significant evidence against a perfectly loving God?,pro,Joseph Schmid,Dan Paterson,88,83,standalone,5,90.66588050314465
210,paterson-schmid-divine-hiddenness-relationship-2026,Divine Hiddenness and Religious Evidence: Joe Schmid vs. Dan Paterson (2026),"Divine hiddenness, relationship, and religious evidence",Does divine hiddenness provide significant evidence against a perfectly loving God?,con,Dan Paterson,Joseph Schmid,83,88,standalone,-5,85.66588050314465
211,baggini-baker-hytch-divine-hiddenness-2025,Divine Hiddenness and Evidential Ambiguity: Julian Baggini vs. Max Baker-Hytch (2025),"Divine hiddenness, evidential ambiguity, and belief",Does divine hiddenness provide good evidence against God's existence?,pro,Julian Baggini,Max Baker-Hytch,80,82,standalone,-2,82.66588050314465
211,baggini-baker-hytch-divine-hiddenness-2025,Divine Hiddenness and Evidential Ambiguity: Julian Baggini vs. Max Baker-Hytch (2025),"Divine hiddenness, evidential ambiguity, and belief",Does divine hiddenness provide good evidence against God's existence?,con,Max Baker-Hytch,Julian Baggini,82,80,standalone,2,84.66588050314465
212,craig-carrier-resurrection-2009,Resurrection Evidence and Naturalistic Alternatives: William Lane Craig vs. Richard Carrier (2009),"Resurrection evidence, Gospel sources, and natural explanations",Did Jesus rise from the dead?,pro,William Lane Craig,Richard Carrier,80,80,standalone,0,82.66588050314465
212,craig-carrier-resurrection-2009,Resurrection Evidence and Naturalistic Alternatives: William Lane Craig vs. Richard Carrier (2009),"Resurrection evidence, Gospel sources, and natural explanations",Did Jesus rise from the dead?,con,Richard Carrier,William Lane Craig,80,80,standalone,0,82.66588050314465
213,peterson-zizek-capitalism-marxism-happiness-2019,"Capitalism, Marxism, and Human Happiness: Jordan Peterson vs. Slavoj Žižek (2019)","Capitalism, Marxism, and human happiness",Does capitalism provide a greater opportunity for human happiness than Marxism?,pro,Jordan Peterson,Slavoj Žižek,75,78,standalone,-3,77.66588050314465
213,peterson-zizek-capitalism-marxism-happiness-2019,"Capitalism, Marxism, and Human Happiness: Jordan Peterson vs. Slavoj Žižek (2019)","Capitalism, Marxism, and human happiness",Does capitalism provide a greater opportunity for human happiness than Marxism?,con,Slavoj Žižek,Jordan Peterson,78,75,standalone,3,80.66588050314465
214,pageau-woodford-metaphorical-truth-2020,Metaphorical Truth and Religious Patterns: Jonathan Pageau vs. Stephen Woodford (2020),Metaphorical truth and religious patterns,Do religious patterns disclose enduring truths that should guide contemporary life?,pro,Jonathan Pageau,Stephen Woodford,74,78,standalone,-4,76.66588050314465
214,pageau-woodford-metaphorical-truth-2020,Metaphorical Truth and Religious Patterns: Jonathan Pageau vs. Stephen Woodford (2020),Metaphorical truth and religious patterns,Do religious patterns disclose enduring truths that should guide contemporary life?,con,Stephen Woodford,Jonathan Pageau,78,74,standalone,4,80.66588050314465
215,horn-oconnor-christian-belief-2022,Why Be a Christian? Trent Horn vs. Alex O'Connor (2022),Christian belief and skeptical objections,Does the available evidence warrant Christian belief?,pro,Trent Horn,Alex O'Connor,74,84,standalone,-10,76.66588050314465
215,horn-oconnor-christian-belief-2022,Why Be a Christian? Trent Horn vs. Alex O'Connor (2022),Christian belief and skeptical objections,Does the available evidence warrant Christian belief?,con,Alex O'Connor,Trent Horn,84,74,standalone,10,86.66588050314465
216,harris-wolpe-religion-science-2007,"Religion, Science, and Meaning: Sam Harris vs. David Wolpe (2007)",Religious faith and secular naturalism,Does religion provide justified knowledge and meaning beyond science?,pro,Rabbi David Wolpe,Sam Harris,68,83,standalone,-15,70.66588050314465
216,harris-wolpe-religion-science-2007,"Religion, Science, and Meaning: Sam Harris vs. David Wolpe (2007)",Religious faith and secular naturalism,Does religion provide justified knowledge and meaning beyond science?,con,Sam Harris,Rabbi David Wolpe,83,68,standalone,15,85.66588050314465
217,douthat-oconnor-religious-belief-obligation-2026,Religious Belief as an Obligation: Ross Douthat vs. Alex O'Connor (2026),Religious belief and evidential obligation,Does the available evidence make religious belief an obligation?,pro,Ross Douthat,Alex O'Connor,69,84,standalone,-15,71.66588050314465
217,douthat-oconnor-religious-belief-obligation-2026,Religious Belief as an Obligation: Ross Douthat vs. Alex O'Connor (2026),Religious belief and evidential obligation,Does the available evidence make religious belief an obligation?,con,Alex O'Connor,Ross Douthat,84,69,standalone,15,86.66588050314465
218,mcgrath-oconnor-new-atheism-failure-2023,Has New Atheism Failed? Alister McGrath vs. Alex O'Connor (2023),New Atheism and its legacy,Has New Atheism failed?,pro,Alister McGrath,Alex O'Connor,73,83,standalone,-10,75.66588050314465
218,mcgrath-oconnor-new-atheism-failure-2023,Has New Atheism Failed? Alister McGrath vs. Alex O'Connor (2023),New Atheism and its legacy,Has New Atheism failed?,con,Alex O'Connor,Alister McGrath,83,73,standalone,10,85.66588050314465
219,shermer-mcgrath-god-imagination-2017,Is God a Figment of Our Imagination? Michael Shermer vs. Alister McGrath (2017),"God, imagination, and explanatory evidence",Is God a figment of our imagination?,pro,Michael Shermer,Alister McGrath,77,72,standalone,5,79.66588050314465
219,shermer-mcgrath-god-imagination-2017,Is God a Figment of Our Imagination? Michael Shermer vs. Alister McGrath (2017),"God, imagination, and explanatory evidence",Is God a figment of our imagination?,con,Alister McGrath,Michael Shermer,72,77,standalone,-5,74.66588050314465
220,hirsi-ali-oconnor-christian-conversion-2024,Does Christian Conversion Establish Truth? Ayaan Hirsi Ali vs. Alex O'Connor (2024),"Christian conversion, truth, and cultural value",Do personal transformation and Christianity's cultural value justify belief that Christianity is true?,pro,Ayaan Hirsi Ali,Alex O'Connor,71,83,standalone,-12,73.66588050314465
220,hirsi-ali-oconnor-christian-conversion-2024,Does Christian Conversion Establish Truth? Ayaan Hirsi Ali vs. Alex O'Connor (2024),"Christian conversion, truth, and cultural value",Do personal transformation and Christianity's cultural value justify belief that Christianity is true?,con,Alex O'Connor,Ayaan Hirsi Ali,83,71,standalone,12,85.66588050314465
221,huemer-loeb-moral-realism-2022,Is Moral Realism Better Supported? Michael Huemer vs. Don Loeb (2022),"Moral realism, intuition, and disagreement",Is stance-independent moral realism better supported than moral anti-realism?,pro,Michael Huemer,Don Loeb,80,82,standalone,-2,82.66588050314465
221,huemer-loeb-moral-realism-2022,Is Moral Realism Better Supported? Michael Huemer vs. Don Loeb (2022),"Moral realism, intuition, and disagreement",Is stance-independent moral realism better supported than moral anti-realism?,con,Don Loeb,Michael Huemer,82,80,standalone,2,84.66588050314465
222,lennox-shermer-god-existence-2008,Does God Exist? John Lennox vs. Michael Shermer (2008),"God, evidence, and scientific explanation",Does God exist?,pro,John Lennox,Michael Shermer,76,81,standalone,-5,78.66588050314465
222,lennox-shermer-god-existence-2008,Does God Exist? John Lennox vs. Michael Shermer (2008),"God, evidence, and scientific explanation",Does God exist?,con,Michael Shermer,John Lennox,81,76,standalone,5,83.66588050314465
223,collins-dawkins-science-belief-god-2022,Science and Belief in God: Francis Collins vs. Richard Dawkins (2022),Scientific understanding and belief in God,Does scientific understanding leave rational grounds for belief in God?,pro,Francis Collins,Richard Dawkins,76,83,standalone,-7,78.66588050314465
223,collins-dawkins-science-belief-god-2022,Science and Belief in God: Francis Collins vs. Richard Dawkins (2022),Scientific understanding and belief in God,Does scientific understanding leave rational grounds for belief in God?,con,Richard Dawkins,Francis Collins,83,76,standalone,7,85.66588050314465
224,hossenfelder-kastrup-superdeterminism-2022,Is Superdeterminism Scientifically Justified? Sabine Hossenfelder vs. Bernardo Kastrup (2022),"Superdeterminism, statistical independence, and measurement",Does superdeterminism provide a scientifically justified route to resolving quantum mechanics’ measurement problem?,pro,Sabine Hossenfelder,Bernardo Kastrup,85,82,standalone,3,87.66588050314465
224,hossenfelder-kastrup-superdeterminism-2022,Is Superdeterminism Scientifically Justified? Sabine Hossenfelder vs. Bernardo Kastrup (2022),"Superdeterminism, statistical independence, and measurement",Does superdeterminism provide a scientifically justified route to resolving quantum mechanics’ measurement problem?,con,Bernardo Kastrup,Sabine Hossenfelder,82,85,standalone,-3,84.66588050314465
225,kastrup-jump-analytic-idealism-materialism-2023,Does Analytic Idealism Explain Consciousness Better? Bernardo Kastrup vs. Tom Jump (2023),Analytic idealism and materialist explanation,Does analytic idealism explain consciousness and reality better than materialism?,pro,Bernardo Kastrup,Tom Jump,83,80,standalone,3,85.66588050314465
225,kastrup-jump-analytic-idealism-materialism-2023,Does Analytic Idealism Explain Consciousness Better? Bernardo Kastrup vs. Tom Jump (2023),Analytic idealism and materialist explanation,Does analytic idealism explain consciousness and reality better than materialism?,con,Tom Jump,Bernardo Kastrup,80,83,standalone,-3,82.66588050314465
226,horn-white-purgatory-2024,Is the Doctrine of Purgatory True? Trent Horn vs. James White (2024),Purgatory and postmortem purification,Is the doctrine of purgatory true?,pro,Trent Horn,James White,79,80,standalone,-1,81.66588050314465
226,horn-white-purgatory-2024,Is the Doctrine of Purgatory True? Trent Horn vs. James White (2024),Purgatory and postmortem purification,Is the doctrine of purgatory true?,con,James White,Trent Horn,80,79,standalone,1,82.66588050314465
227,oldfield-marriott-meaning-without-god-2026,Is God the Answer to Our Meaning Crisis? Elizabeth Oldfield vs. James Marriott (2026),"God, secular life, and meaning",Is life's meaning ultimately grounded in God or humanly generated within a meaningless universe?,pro,Elizabeth Oldfield,James Marriott,75,78,standalone,-3,77.66588050314465
227,oldfield-marriott-meaning-without-god-2026,Is God the Answer to Our Meaning Crisis? Elizabeth Oldfield vs. James Marriott (2026),"God, secular life, and meaning",Is life's meaning ultimately grounded in God or humanly generated within a meaningless universe?,con,James Marriott,Elizabeth Oldfield,78,75,standalone,3,80.66588050314465
228,ehrman-evans-new-testament-misquote-jesus-2010,Does the New Testament Misquote Jesus? Bart Ehrman vs. Craig Evans (2010),New Testament reliability and Jesus,Does the New Testament misquote Jesus?,pro,Bart Ehrman,Craig Evans,85,83,standalone,2,87.66588050314465
228,ehrman-evans-new-testament-misquote-jesus-2010,Does the New Testament Misquote Jesus? Bart Ehrman vs. Craig Evans (2010),New Testament reliability and Jesus,Does the New Testament misquote Jesus?,con,Craig Evans,Bart Ehrman,83,85,standalone,-2,85.66588050314465
