number,id,title,youtube,cohort,topic,narrow,theist_speaker,non_theist_speaker,theist_words,non_theist_words,unknown_words,excluded_words,source_words,teaser_spans,source_note,theist_unsupported,theist_protected_slogan,theist_protected_any,theist_borderline_unsupported,theist_borderline_protected,theist_unsupported_with_emotion,non_theist_unsupported,non_theist_protected_slogan,non_theist_protected_any,non_theist_borderline_unsupported,non_theist_borderline_protected,non_theist_unsupported_with_emotion,theist_unsupported_rate,theist_protected_slogan_rate,theist_protected_any_rate,theist_borderline_unsupported_rate,theist_borderline_protected_rate,non_theist_unsupported_rate,non_theist_protected_slogan_rate,non_theist_protected_any_rate,non_theist_borderline_unsupported_rate,non_theist_borderline_protected_rate
1,craig-oconnor-god-debate-2026,Alex O'Connor vs William Lane Craig: Does God Exist?,https://www.youtube.com/watch?v=TAW6-_L4z9M,earlier,"Evil, suffering & hiddenness",True,William Lane Craig,Alex O'Connor,5941,7957,611,4034,18543,0,"Reviewed all supplied events, E0–E3084, without tools. This is transcript-only annotation; scientific and historical assertions were not independently verified. Several events combine speakers, omit turn markers, or contain apparent transcription errors. U marks inseparably mixed or genuinely uncertain events; brief acknowledgments do not otherwise displace the substantive speaker. Identification anchors sometimes span intervening replies and were checked against context.",0,0,4,2,1,0,0,0,0,0,0,0,0.0,0.0,6.732873253660999,3.3664366268304997,1.6832183134152499,0.0,0.0,0.0,0.0,0.0
2,craig-hitchens-god-existence-2009,William Lane Craig vs Christopher Hitchens: Does God Exist?,https://www.youtube.com/watch?v=0tYm41hb48o,earlier,General theism & naturalism,True,William Lane Craig,Christopher Hitchens,9956,10060,11,3529,23556,0,"Reviewed all supplied events E0–E3196. This is a transcript-only annotation; apparent transcription errors are preserved in quotations. Standalone audience reactions and housekeeping are O; reactions embedded within substantive speech remain with that speaker. E1745 mixes speakers, and E3077 does not securely identify its speaker. Hitchens's quotations of Craig's books and other people's claims are not treated as Hitchens's endorsements or automatically as Craig's live speech. No edited teaser replay was identifiable.",0,0,1,3,2,0,4,0,0,0,1,4,0.0,0.0,1.004419445560466,3.0132583366813983,2.008838891120932,3.9761431411530817,0.0,0.0,0.0,0.9940357852882704
3,hitchens-dsouza-religion-problem-2010,Christopher Hitchens vs Dinesh D'Souza: Is Religion the Problem?,https://www.youtube.com/watch?v=9V85OykSDT8,earlier,"Religion, culture & meaning",False,Dinesh D'Souza,Christopher Hitchens,7002,7577,171,3187,17937,0,"Reviewed all supplied events E0–E2661. Attribution uses the transcript's turn structure; events containing inseparable speaker transitions are U. Automatic transcription errors and missing speaker labels limit precision. Quotations preserve supplied wording. No edited teaser replays were identifiable. Historical and scientific assertions were assessed for their argumentative use, not independently verified.",0,0,0,0,0,0,1,0,0,0,0,1,0.0,0.0,0.0,0.0,0.0,1.3197835554968984,0.0,0.0,0.0,0.0
5,dillahunty-ten-bruggencate-reasonable-god-2014,Matt Dillahunty vs Sye Ten Bruggencate: Is It Reasonable to Believe God Exists?,https://www.youtube.com/watch?v=OL8LREmbDi0,earlier,"Mind, reason & logic",True,Sye Ten Bruggencate,Matt Dillahunty,6373,9226,2804,3754,22157,22,"Reviewed all supplied events, E0–E3199. The transcript has substantial transcription errors, no reliable speaker labels, and many events containing a speaker change. U marks those inseparably mixed events; neighboring turns remain attributed where context identifies them. Recorded excerpts played during B's presentations are O, not fresh A speech. These appear to be historical clips rather than editorial teasers replaying later debate speech; their exclusion ranges are listed separately. Findings concern these particular uses, not the truth of either worldview.",15,12,15,2,5,9,0,0,0,1,1,0,23.53679585752393,18.829436686019143,23.53679585752393,3.138239447669857,7.845598619174643,0.0,0.0,0.0,1.0838933448948624,1.0838933448948624
6,dsouza-dillahunty-god-woman-2023,Dinesh D'Souza vs Matt Dillahunty: Does God Exist? What Is a Woman?,https://www.youtube.com/watch?v=mEM1AhlH9eI,earlier,"Religion, culture & meaning",False,Dinesh D'Souza,Matt Dillahunty,10114,8589,2412,1017,22132,0,"Reviewed all supplied events 0–3234. Annotation concerns the uses of claims in this transcript, not their external factual accuracy. Numerous events contain both speakers; these receive U where their speech cannot be separated at event boundaries. Automatic-transcription errors and an apparent gap between E2163 and E2164 limit interpretation. No identifiable edited teaser replay appears in the supplied text.",1,1,3,1,1,1,0,0,0,0,0,0,0.9887284951552304,0.9887284951552304,2.966185485465691,0.9887284951552304,0.9887284951552304,0.0,0.0,0.0,0.0,0.0
7,wood-oconnor-jesus-claim-god-2025,David Wood vs Alex O'Connor: Did Jesus Claim to Be God?,https://www.youtube.com/watch?v=_hrN4Mn8m1w,earlier,"Scripture, revelation & doctrine",False,David Wood,Alex O'Connor,12392,11688,1011,2135,27226,0,"Reviewed all supplied events, E0–E3878, without tools. Attribution follows conversational context where the supplied anchors encompass multiple speakers. U marks event boundaries containing inseparable speaker changes or genuinely uncertain voices. The transcript contains transcription errors, missing words, and an apparent gap around E834–E835; quotations preserve its wording. No edited teaser replays were identifiable. Findings concern rhetorical use, not the correctness of the historical or theological arguments.",0,0,0,1,1,0,0,0,0,0,0,0,0.0,0.0,0.0,0.8069722401549386,0.8069722401549386,0.0,0.0,0.0,0.0,0.0
8,wood-shermer-god-exist-2022,David Wood vs Michael Shermer: Does God Exist?,https://www.youtube.com/watch?v=xKd2Ht5Bs-k,earlier,General theism & naturalism,True,David Wood,Michael Shermer,10267,10068,195,1976,22506,0,"Reviewed all supplied events E0–E3879. The transcript contains transcription errors, incomplete phrases, and several events containing speaker changes; these are preserved in quotations and marked U where inseparable. Attribution follows turn context rather than ideology. No identifiable edited teaser replays occur in the supplied text. Historical quotations and empirical claims were not independently verified.",1,1,5,0,0,1,0,0,1,3,1,0,0.9739943508327652,0.9739943508327652,4.869971754163826,0.0,0.0,0.0,0.0,0.9932459276916965,2.9797377830750893,0.9932459276916965
9,peterson-dillahunty-god-debate-2023,Jordan Peterson vs Matt Dillahunty: The Greatest God Debate In History,https://www.youtube.com/watch?v=9nQUg4QeI_Y,earlier,"Religion, culture & meaning",False,Jordan Peterson,Matt Dillahunty,6628,8603,624,1606,17461,0,"Reviewed all supplied events E0–E2934. This is transcript-only annotation: several events contain clipped words, overlapping turns, or transcription errors. Attribution follows the substantive speaker through incidental acknowledgments; U marks inseparable substantive speaker changes or genuinely uncertain fragments. Identification anchors were checked against surrounding exchanges rather than treated as uninterrupted speaker ranges. No edited teaser replay was identifiable in the supplied text.",3,2,3,1,0,3,0,0,0,0,0,0,4.526252263126132,3.017501508750754,4.526252263126132,1.508750754375377,0.0,0.0,0.0,0.0,0.0,0.0
10,craig-harris-moral-foundations-2011,William Lane Craig vs Sam Harris: The God Debate II,https://www.youtube.com/watch?v=yqaHXKLRKzg,earlier,Morality & moral foundations,True,William Lane Craig,Sam Harris,7035,8933,29,3134,19131,0,"Reviewed all supplied events E0–E2969. Attribution follows speaking turns and content, not ideology. The transcript contains apparent recognition errors and several events spanning speaker changes; quotations preserve its wording. No audio, slides, cited books, or external evidence were supplied or checked. No edited teaser replays were identified.",0,0,1,0,0,0,1,0,2,0,1,0,0.0,0.0,1.4214641080312722,0.0,0.0,1.119444755401321,0.0,2.238889510802642,0.0,1.119444755401321
11,dsouza-ehrman-god-suffering-evil-2025,"Dinesh D'Souza vs Bart Ehrman: God, Suffering, and Evil",https://www.youtube.com/watch?v=XtWjEjdYvLA,earlier,"Evil, suffering & hiddenness",True,Dinesh D'Souza,Bart Ehrman,7235,5654,323,2455,15667,0,"Reviewed all supplied events E0–E2526. Attribution follows conversational turns, not ideology. Some events contain multiple speakers and are marked U; the text alone cannot reliably resolve a few short interjections. Quotations preserve transcript wording. Scientific and historical assertions were not independently verified.",1,0,0,2,3,1,0,0,0,0,0,0,1.38217000691085,0.0,0.0,2.7643400138217,4.14651002073255,0.0,0.0,0.0,0.0,0.0
12,settecase-jump-evidence-for-god-2025,Joel Settecase vs Tom Jump: Is There Evidence for God?,https://www.youtube.com/watch?v=XLcRd3RjdjA,earlier,"Mind, reason & logic",True,Joel Settecase,Tom Jump,5676,5404,260,803,12143,0,"Reviewed all supplied events, including the closing advertisement. Attribution follows conversational turns rather than treating the identification anchors as uninterrupted speaker ranges. Several events contain both speakers; these are marked U. The transcript contains recognition errors and lacks audio for resolving brief overlaps. No edited teaser replay is identifiable.",1,1,1,2,1,1,2,2,3,2,2,0,1.7618040873854828,1.7618040873854828,1.7618040873854828,3.5236081747709656,1.7618040873854828,3.7009622501850483,3.7009622501850483,5.5514433752775725,3.7009622501850483,3.7009622501850483
13,knechtle-oconnor-christian-morality-2025,"Cliffe Knechtle vs Alex O'Connor: Christianity, Scripture, and Morality",https://www.youtube.com/watch?v=EN5Jqu2-2P8,earlier,Morality & moral foundations,False,Cliffe Knechtle,Alex O'Connor,3569,4617,1074,439,9699,0,"Reviewed all supplied events, E0–E925. The transcript ends mid-sentence and lacks speaker labels. Supplied identification anchors were used alongside turn continuity; unanchored guest turns that cannot reliably be distinguished between Cliffe and Stuart are U. Attribution does not infer identity from ideology. Transcription errors limit some interpretations. No edited teaser replays were identifiable.",1,0,1,2,1,1,0,0,0,0,0,0,2.8019052956010086,0.0,2.8019052956010086,5.603810591202017,2.8019052956010086,0.0,0.0,0.0,0.0,0.0
14,jones-carrier-god-existence-2025,Michael Jones vs Richard Carrier: Does God Exist?,https://www.youtube.com/watch?v=Ht_SVm0GWBs,earlier,General theism & naturalism,True,Michael Jones,Richard Carrier,8607,12123,183,2430,23343,1,"Reviewed all supplied events E0–E3540. Attribution uses conversational context, not ideology. Automatic transcription contains damaged names, missing speaker markers, and several events combining speakers; those inseparable events are marked U. No audio, slides, cited papers, or linked articles were supplied or checked. Findings concern the speech's use of reasons, not whether its scientific or philosophical claims are correct.",0,0,0,2,0,0,0,0,0,0,0,0,0.0,0.0,0.0,2.323690019751365,0.0,0.0,0.0,0.0,0.0,0.0
15,hitchens-lennox-is-god-great-2017,Christopher Hitchens vs John Lennox: Is God Great?,https://www.youtube.com/watch?v=5OXPlUCGScY,earlier,"Religion, culture & meaning",False,John Lennox,Christopher Hitchens,6381,8785,313,2455,17934,0,Reviewed all supplied events E0–E2632. Attribution follows conversational context rather than ideological content or anchors alone. The transcript contains transcription errors and several events spanning speaker changes; these are marked U where inseparable. No audio verification was available. No edited teaser replays were identifiable.,1,0,1,0,0,1,1,1,2,1,1,1,1.567152483936687,0.0,1.567152483936687,0.0,0.0,1.1383039271485487,1.1383039271485487,2.2766078542970973,1.1383039271485487,1.1383039271485487
16,hirsi-ali-dawkins-god-debate-2024,Ayaan Hirsi Ali vs Richard Dawkins: The God Debate,https://www.youtube.com/watch?v=DBsHdHMvucs,earlier,"Religion, culture & meaning",False,Ayaan Hirsi Ali,Richard Dawkins,5154,1899,5,1364,8422,0,Reviewed all supplied events E0–E1264. Attribution uses the transcript's conversational turns; no audio was supplied. Apparent transcription errors are preserved in quotations. E920 contains an apparent brief interjection within A's turn and is marked U. No edited teaser replays were identifiable.,1,0,0,0,1,0,1,0,0,1,0,0,1.9402405898331394,0.0,0.0,0.0,1.9402405898331394,5.265929436545551,0.0,0.0,5.265929436545551,0.0
17,collins-oconnor-god-existence-2024,Francis Collins vs Alex O'Connor: Does God Exist?,https://www.youtube.com/watch?v=fXBGvNc2mvU,earlier,"Cosmology, science & design",True,Francis Collins,Alex O'Connor,6455,10455,976,2366,20252,2,Reviewed all supplied events E0–E2845. Attribution follows conversational context rather than treating identification anchors as uninterrupted turns. U marks events containing inseparable speaker changes or unclear interjections. The transcript contains recognition errors and lacks audio; quotations preserve its wording. Related autobiographical accounts explaining belief are retained as substantive speech.,0,0,0,1,1,0,1,0,0,0,0,1,0.0,0.0,0.0,1.549186676994578,1.549186676994578,0.9564801530368244,0.0,0.0,0.0,0.0
20,hitchens-hitchens-iraq-god-2008,"Christopher Hitchens vs Peter Hitchens: Iraq, God, and Moral Authority",https://www.youtube.com/watch?v=ngjQs_QjSwc,earlier,Morality & moral foundations,False,Peter Hitchens,Christopher Hitchens,4836,10132,284,2823,18075,0,"Reviewed all supplied events E0–E2725. This annotation concerns claim use, not factual verification or debate scoring. The transcript contains transcription errors, incidental music labels, and events combining speakers. Such mixed events are marked U where separation is impossible; housekeeping remains O. No edited teaser replay was identifiable from the supplied text.",1,0,0,1,2,0,1,0,2,0,0,1,2.0678246484698097,0.0,0.0,2.0678246484698097,4.1356492969396195,0.9869719699960521,0.0,1.9739439399921042,0.0,0.0
21,hitchens-wolpe-great-god-debate-2010,Christopher Hitchens vs Rabbi David Wolpe: The Great God Debate,https://www.youtube.com/watch?v=2kZRAOXEFPI,earlier,"Religion, culture & meaning",False,Rabbi David Wolpe,Christopher Hitchens,5686,7621,1337,2166,16810,0,"Reviewed all supplied events E0–E2375. Attribution follows local turn-taking, including interruptions within the identification anchors. U marks events containing inseparable speaker changes or genuinely ambiguous interjections. The transcript has transcription errors, censored words, and no reliable speaker labels; exact quotations preserve its wording. No edited teaser replay was identifiable.",2,0,0,0,0,2,1,1,1,0,0,1,3.5174111853675694,0.0,0.0,0.0,0.0,1.312163758037003,1.312163758037003,1.312163758037003,0.0,0.0
22,turek-hitchens-god-existence-2008,Frank Turek vs Christopher Hitchens: Does God Exist?,https://www.youtube.com/watch?v=S7WBEJJlYWU,earlier,"Cosmology, science & design",True,Frank Turek,Christopher Hitchens,7615,11089,866,2413,21983,0,"Reviewed all supplied events, E0–E3230. This is annotation of the supplied transcript, not verification of its historical or scientific claims. Transcription errors, missing speaker labels, and frequent within-event interruptions limit exact attribution; inseparably mixed events are U. Quotations preserve source wording. No edited teaser replays were identifiable.",0,0,2,2,2,0,1,0,2,1,0,1,0.0,0.0,2.6263952724885096,2.6263952724885096,2.6263952724885096,0.9017945711966814,0.0,1.8035891423933628,0.9017945711966814,0.0
24,hitchens-olasky-religion-grace-2007,"Christopher Hitchens vs Marvin Olasky: Religion, Grace, and Secular Morality",https://www.youtube.com/watch?v=lcHMSNiI97w,earlier,Morality & moral foundations,False,Marvin Olasky,Christopher Hitchens,8072,8236,149,2180,18637,0,"Reviewed all supplied events E0–E3100. Attribution follows conversational context rather than ideology. The transcript contains transcription errors, missing speaker markers, and some inseparably mixed events; U marks those uncertainties. Quotations preserve supplied wording. Historical and empirical claims are annotated as arguments offered, not independently verified facts.",0,0,1,2,1,0,3,0,0,2,2,3,0.0,0.0,1.2388503468780971,2.4777006937561943,1.2388503468780971,3.642544924720738,0.0,0.0,2.4283632831471587,2.4283632831471587
25,hitchens-ramadan-islam-peace-2010,Christopher Hitchens vs Tariq Ramadan: Is Islam a Religion of Peace?,https://www.youtube.com/watch?v=mMraxhd9Z9Q,earlier,"Scripture, revelation & doctrine",False,Tariq Ramadan,Christopher Hitchens,6828,5783,276,1573,14460,0,"Reviewed all supplied events E0–E2151. This annotation concerns uses of language, not the truth of every historical claim. The transcript contains transcription errors, omitted reactions, and events combining speakers; inseparable transitions are marked U. No identifiable edited teaser replay appears in the supplied text.",0,0,0,2,2,0,1,0,0,1,0,1,0.0,0.0,0.0,2.9291154071470418,2.9291154071470418,1.7292062943109112,0.0,0.0,1.7292062943109112,0.0
26,turek-hitchens-reality-theism-atheism-2011,Frank Turek vs Christopher Hitchens: What Best Explains Reality?,https://www.youtube.com/watch?v=uDCDTaKfzXU,earlier,General theism & naturalism,True,Frank Turek,Christopher Hitchens,9347,10291,795,2241,22674,0,"Reviewed all supplied events E0–E3320. Attribution follows conversational turns, including mixed events marked U. The transcript contains apparent recognition errors, omitted words, and unsignaled interruptions; no audio was supplied for verification. Quotations preserve the supplied wording. No identifiable edited replay was found; E0–E2 are opening title material.",2,2,4,2,2,2,1,0,0,2,0,1,2.1397239756071467,2.1397239756071467,4.279447951214293,2.1397239756071467,2.1397239756071467,0.9717228646390049,0.0,0.0,1.9434457292780098,0.0
27,oconnor-turek-evil-moral-argument-2017,Alex O'Connor vs Frank Turek: The Moral Argument Debate,https://www.youtube.com/watch?v=b5a3MxIqZOs,earlier,"Evil, suffering & hiddenness",True,Frank Turek,Alex O'Connor,2719,4656,1377,3599,12351,0,"Reviewed all supplied events E0–E1690. Attribution follows conversational context rather than the supplied anchors where they conflict: several anchors include moderator speech or speaker changes. U marks inseparably mixed events or uncertain brief interjections. The transcript contains transcription errors, missing material around timestamp jumps, and no audio-based resolution of overlaps. No edited teaser replay is identifiable in the supplied text.",1,1,1,0,0,1,0,0,0,0,0,0,3.6778227289444647,3.6778227289444647,3.6778227289444647,0.0,0.0,0.0,0.0,0.0,0.0,0.0
28,turek-shermer-reality-theism-atheism-2018,Frank Turek vs Michael Shermer: What Best Explains Reality?,https://www.youtube.com/watch?v=8aZn7XUFSmA,earlier,General theism & naturalism,True,Frank Turek,Michael Shermer,7597,9010,1507,3698,21812,0,"Reviewed all supplied events, E0–E3108, using only the supplied transcript. Automatic-transcription errors and events containing speaker changes limit exact attribution; U marks genuinely mixed or unclear events. Identification anchors were checked against conversational context rather than treated as uninterrupted speaker blocks. No edited teaser replay was identifiable. Findings concern claim use, not factual accuracy or debate performance.",2,1,1,1,0,2,0,0,0,1,1,0,2.6326181387389758,1.3163090693694879,1.3163090693694879,1.3163090693694879,0.0,0.0,0.0,0.0,1.1098779134295227,1.1098779134295227
29,turek-silverman-reality-theism-atheism-2013,Frank Turek vs David Silverman: Which Better Explains Reality?,https://www.youtube.com/watch?v=RzP07nEwNP8,earlier,General theism & naturalism,True,Frank Turek,David Silverman,9800,7186,2271,4526,23783,0,"Reviewed all supplied events E0–E3390. The transcript contains recognition errors, missing punctuation, a time jump between E165 and E166, and many turns sharing event boundaries. U marks inseparably mixed or genuinely uncertain events; attribution does not follow ideology or override these boundaries using the supplied anchors. E2024–E2054 is an external explanatory video presented by B, not an editorial replay. Findings concern textual uses, not factual verification or debate scores.",3,3,5,0,0,3,3,0,0,2,1,3,3.061224489795918,3.061224489795918,5.1020408163265305,0.0,0.0,4.174784302811021,0.0,0.0,2.7831895352073475,1.3915947676036737
30,lowder-turek-naturalism-theism-2016,Jeffery Jay Lowder vs Frank Turek: Naturalism or Theism?,https://www.youtube.com/watch?v=ENZYEPpR2Jc,earlier,General theism & naturalism,True,Frank Turek,Jeffery Jay Lowder,9926,10873,871,1931,23601,0,"Reviewed all supplied events E0–E3493. Annotation uses the retained text only; apparent transcription errors, missing slide content, and events containing both speakers limit precision. U marks inseparably mixed events, including substantive speech joined to housekeeping. No edited teaser replay was identifiable.",2,1,4,3,3,1,0,0,0,0,0,0,2.014910336490026,1.007455168245013,4.029820672980052,3.0223655047350393,3.0223655047350393,0.0,0.0,0.0,0.0,0.0
31,oconnor-craig-resurrection-2023,Alex O'Connor vs William Lane Craig: Did Jesus Rise From the Dead?,https://www.youtube.com/watch?v=WsUwyC2cwNg,earlier,Resurrection & historical evidence,True,William Lane Craig,Alex O'Connor,4580,3704,327,1531,10142,2,"Reviewed all supplied events E0–E1510. The transcript contains transcription errors and events crossing speaker boundaries; U marks those mixed events. Attribution follows conversational context rather than approximate anchors: notably, E793–E798 continues O'Connor's challenge. No audio or external sources were consulted. Findings concern claim use, not historical accuracy or debate performance.",1,0,1,0,0,0,0,0,0,1,0,0,2.183406113537118,0.0,2.183406113537118,0.0,0.0,0.0,0.0,0.0,2.699784017278618,0.0
33,craig-carroll-god-cosmology-2014,William Lane Craig vs Sean Carroll: God and Cosmology,https://www.youtube.com/watch?v=X0qKZqPy9T8,earlier,"Cosmology, science & design",True,William Lane Craig,Sean Carroll,8080,10247,255,3486,22068,0,"Reviewed all supplied events E0–E3322. The transcript contains transcription errors, omitted slide content, and events spanning speaker changes; these mixed events are labeled U. Judgments concern the supplied wording and argumentative use, without independent verification of scientific claims. No edited teaser replays were identifiable.",0,0,0,1,1,0,1,1,1,0,0,1,0.0,0.0,0.0,1.2376237623762376,1.2376237623762376,0.9758953840148336,0.9758953840148336,0.9758953840148336,0.0,0.0
36,carroll-halvorson-metaphysics-worldview-2016,Sean Carroll vs Hans Halvorson: Metaphysics,https://www.youtube.com/watch?v=Ku6tLuEjmTY,earlier,General theism & naturalism,True,Hans Halvorson,Sean Carroll,8839,6265,471,1848,17423,0,Reviewed all supplied events E0–E2535. The transcript contains transcription errors and several events spanning speaker changes; these are marked U where mixed attribution cannot be separated at event level. No edited teaser replay was identifiable. Personal histories directly explaining worldview development were retained as substantive answers. No unsupported slogan was confirmed; one possible protective non-slogan episode remains uncertain.,0,0,0,0,0,0,0,0,0,0,0,0,0.0,0.0,0.0,0.0,0.0,0.0,0.0,0.0,0.0,0.0
37,ehrman-bass-resurrection-history-2023,Bart Ehrman vs Justin Bass: Did Jesus of Nazareth Rise From the Dead?,https://www.youtube.com/watch?v=LVUQAVQS1-U,earlier,Resurrection & historical evidence,True,Justin Bass,Bart Ehrman,6039,6113,1422,2517,16091,1,"Reviewed all supplied events E0–E2512. Attribution follows conversational turns rather than the supplied anchors where they conflict with context. The transcript lacks speaker labels and contains interruptions, merged turns, and transcription errors; inseparably mixed events are U. Brief acknowledgments are included with a substantive turn where reasonably attributable. Findings concern the supplied wording, without audio verification or external fact-checking.",0,0,0,1,1,0,0,0,0,0,0,0,0.0,0.0,0.0,1.6559032952475576,1.6559032952475576,0.0,0.0,0.0,0.0,0.0
39,lambert-jones-christian-faith-skepticism-2021,Derek Lambert vs Michael Jones: Atheist and Christian Discussion,https://www.youtube.com/watch?v=SEZu7Ej2SzU,earlier,"Scripture, revelation & doctrine",True,Michael Jones,Derek Lambert,14064,8356,532,4209,27161,0,"Reviewed all supplied events E0–E4102. This is an unlabelled, error-prone transcript; several events contain speaker changes that cannot be separated at event level and are marked U. Attribution follows conversational context rather than the supplied anchors where they conflict, notably within E1804–E1902 and E2955–E3015. Referenced videos and books are not supplied, so their additional arguments cannot be assessed. No edited replay of later debate speech is identifiable; the opening music and promotional montage are excluded as O.",0,0,0,3,3,0,0,0,0,0,0,0,0.0,0.0,0.0,2.1331058020477816,2.1331058020477816,0.0,0.0,0.0,0.0,0.0
42,schmid-tomaszewski-divine-simplicity-2020,Joe Schmid vs Chris Tomaszewski: Is Divine Simplicity True?,https://www.youtube.com/watch?v=rX6di0Au5Kg,earlier,"Scripture, revelation & doctrine",False,Christopher Tomaszewski,Joseph Schmid,9017,7504,13,3963,20497,0,"Reviewed all supplied events E0–E2994. Attribution follows conversational context; introductions, procedural exchanges, promotions, and closing courtesies are O. The transcript contains transcription errors and occasional mixed turn boundaries; no audio or linked discussion brief was supplied. No edited teasers were identifiable. No confirmed unsupported slogans or explicit criticism-protection episodes were found in the primary speakers' substantive speech. A's suggested skeptical-theist response at E2348–2378 is explicitly hypothetical and concerns possible reasons for noncreation; it does not establish unrestricted protection against contrary evidence. B's doctrinal formulations receive explanations and qualifications rather than functioning as substitutes for reasons. The moderator's closing affirmation at E2986–2988 is excluded speech.",0,0,0,0,0,0,0,0,0,0,0,0,0.0,0.0,0.0,0.0,0.0,0.0,0.0,0.0,0.0,0.0
43,meyer-halper-cosmology-fine-tuning-2026,Stephen Meyer vs Phil Halper: The Big Bang and Fine-Tuning,https://www.youtube.com/watch?v=EsrfL58iLlE,earlier,"Cosmology, science & design",True,Stephen Meyer,Phil Halper,11647,12956,558,8055,33216,1,"Reviewed all supplied events, E0–E4970. Attribution follows conversational context, not viewpoint. The transcript contains transcription errors, missing words, unmarked interruptions, and events combining speakers; U marks inseparable or genuinely uncertain speech. O includes personal background and closing courtesies. Scientific and historical claims were not independently verified. Candidate findings concern argumentative use, not truth or debate performance.",0,0,0,0,0,0,0,0,0,0,0,0,0.0,0.0,0.0,0.0,0.0,0.0,0.0,0.0,0.0,0.0
46,shapiro-oconnor-atheist-delusion-society-2023,"Ben Shapiro vs Alex O'Connor: The Atheist Delusion, Free Will, and Society",https://www.youtube.com/watch?v=yspPYcJHI3k,earlier,"Religion, culture & meaning",False,Ben Shapiro,Alex O'Connor,8119,6343,759,2203,17424,1,"Reviewed all supplied events, E0–E2440. This is annotation of textual uses, not verification of historical or social-science claims. The automatic transcript contains errors and places speaker changes inside individual events; inseparably mixed events are marked U. Brief acknowledgments embedded in an otherwise identifiable speaker's argument remain attributed to that speaker.",3,2,4,1,2,2,0,0,0,0,0,0,3.695036334523956,2.463357556349304,4.926715112698608,1.231678778174652,2.463357556349304,0.0,0.0,0.0,0.0,0.0
47,jones-krauss-christianity-secular-ethics-2025,Michael Jones vs Lawrence Krauss: Christianity or Secular Ethics - What's Best for Society?,https://www.youtube.com/watch?v=yef-BFukQWg,earlier,Morality & moral foundations,False,Michael Jones,Lawrence Krauss,8300,12059,1049,4028,25436,0,"Reviewed all supplied events E0–E3733. This annotation uses only the supplied transcript; cited research and historical claims were not independently verified. Transcription errors, missing speaker labels, and events containing speaker changes limit attribution. U marks inseparably mixed events or genuinely uncertain turns. No edited teaser replay was identifiable.",0,0,0,1,1,0,1,0,0,2,1,1,0.0,0.0,0.0,1.2048192771084338,1.2048192771084338,0.8292561572269674,0.0,0.0,1.6585123144539349,0.8292561572269674
48,scrivener-folley-hiddenness-evil-moral-narrative-2025,"Glen Scrivener vs Joe Folley: Morality, Evil, Consciousness, and Christian Narrative",https://www.youtube.com/watch?v=6BzHMdTeQww,earlier,"Evil, suffering & hiddenness",True,Glen Scrivener,Joe Folley,5793,9531,177,399,15900,1,"Reviewed all supplied events, E0–E2304. Attribution follows conversational continuity rather than treating every >> marker as a speaker change. Some events combine speakers or contain acknowledgments whose speaker cannot be established from text alone; these are U. The transcript contains apparent transcription errors, preserved in quotations. No audio or external sources were consulted.",0,0,1,0,0,0,0,0,1,0,0,0,0.0,0.0,1.7262213015708614,0.0,0.0,0.0,0.0,1.0492078480747036,0.0,0.0
49,dyer-dillahunty-transcendental-theism-2019,Jay Dyer vs Matt Dillahunty: Transcendental Argument for Theism,https://www.youtube.com/watch?v=AajJBhdRpDA,earlier,"Mind, reason & logic",True,Jay Dyer,Matt Dillahunty,11827,14110,1262,3308,30507,0,"Reviewed all supplied events E0–E4405. The transcript contains substantial recognition errors, unmarked speaker changes, and occasional inseparably mixed events. U marks those boundaries; identification anchors were checked against conversational context rather than applied wholesale. Audience questions and comments read aloud are O. No edited teaser replay was identifiable. Findings concern these particular uses, not the truth of either worldview.",0,0,0,1,1,0,1,0,0,1,1,1,0.0,0.0,0.0,0.845522955948254,0.845522955948254,0.7087172218284904,0.0,0.0,0.7087172218284904,0.7087172218284904
50,knechtle-dillahunty-christianity-true-2023,Cliffe Knechtle vs Matt Dillahunty: Is Christianity True?,https://www.youtube.com/watch?v=aAg3H1LU1Yw,earlier,"Scripture, revelation & doctrine",True,Cliffe Knechtle,Matt Dillahunty,7547,9138,214,10591,27490,0,"Reviewed all supplied events E0–E4146. Attribution follows conversational turns rather than the broad anchor ranges, some of which contain interruptions. Several events splice speakers or contain garbled text; these are marked U where separation is impossible. O includes procedural exchanges, audience questions, closing courtesies, and the entire moderator aftershow. No edited teaser replay is identifiable in the supplied text. Findings concern textual use, not factual verification of historical claims.",4,4,4,5,4,4,1,0,0,0,1,1,5.300119252683185,5.300119252683185,5.300119252683185,6.625149065853981,5.300119252683185,1.094331363536879,0.0,0.0,0.0,1.094331363536879
51,lennox-atkins-duelling-professors-2012,John Lennox vs Peter Atkins: Duelling Professors on Science and God,https://www.youtube.com/watch?v=5gMS7WTHnho,earlier,"Cosmology, science & design",True,John Lennox,Peter Atkins,12060,9307,1842,1848,25057,0,"Reviewed all supplied events E0–E3787. The transcript contains transcription errors and frequent speaker changes within individual events; U marks those mixed events where one event-level attribution would lose a substantive speaker change. Attribution follows conversational context, not ideology. E1981 announces a technical interruption and renewed closing statements. E2120 onward contains separately phrased interviews, retained as substantive renewed speech rather than assumed editorial replays. No audio or external sources were consulted.",0,0,1,2,1,0,4,3,5,2,1,4,0.0,0.0,0.8291873963515755,1.658374792703151,0.8291873963515755,4.297840335231546,3.22338025142366,5.372300419039433,2.148920167615773,1.0744600838078866
52,horn-dillahunty-resurrection-reasonable-2021,Trent Horn vs Matt Dillahunty: Is Belief in the Resurrection Reasonable?,https://www.youtube.com/watch?v=7V6UNSvHVDM,earlier,Resurrection & historical evidence,True,Trent Horn,Matt Dillahunty,10319,9861,84,4531,24795,0,"Reviewed all supplied events E0–E3769. Attribution follows conversational turns and substantive function, not presumed ideology. The transcript contains transcription errors, incomplete phrases, overlapping turns, and reported connection failures; mixed events are marked U where separation is impossible. No edited teaser replay was identifiable. Quotations preserve the supplied wording.",0,0,0,0,0,0,0,0,2,1,0,0,0.0,0.0,0.0,0.0,0.0,0.0,0.0,2.0281918669506136,1.0140959334753068,0.0
53,oconnor-dsouza-bible-true-2024,Alex O'Connor vs Dinesh D'Souza: Is the Bible True?,https://www.youtube.com/watch?v=UMKkX8qRHsw,earlier,"Scripture, revelation & doctrine",True,Dinesh D'Souza,Alex O'Connor,9242,8386,1442,3196,22266,2,"Reviewed all supplied events E0–E3545. Attribution follows conversational turns rather than ideology; U marks events containing inseparable contributions or uncertain boundaries. The transcript contains recognition errors, merged interruptions, and apparent editing artifacts. A repeatedly reverses Matthew and Luke when discussing the infancy narratives; quotations preserve the supplied wording. No audio or external sources were consulted.",2,2,8,1,1,2,0,0,0,0,0,0,2.164033758926639,2.164033758926639,8.656135035706557,1.0820168794633196,1.0820168794633196,0.0,0.0,0.0,0.0,0.0
54,jones-law-christianity-humanism-future-2025,Michael Jones vs Stephen Law: Christianity vs Humanism,https://www.youtube.com/watch?v=_UOwOCGIPzQ,earlier,Morality & moral foundations,False,Michael Jones,Stephen Law,7696,7295,142,2808,17941,1,"Reviewed all supplied events E0–E2679. Attribution uses the transcript's conversational context; several events combine speakers or leave brief interjections unidentified. No audio or cited studies were checked. Transcription errors are preserved in quotations. E1392–E1429 is an inserted promotional montage, apparently featuring other conversations; replay elsewhere in this transcript cannot be established.",2,1,1,0,0,2,0,0,0,0,0,0,2.598752598752599,1.2993762993762994,1.2993762993762994,0.0,0.0,0.0,0.0,0.0,0.0,0.0
55,craig-malpass-kalam-nothing-2026,William Lane Craig vs Alex Malpass: Can Something Come From Nothing?,https://www.youtube.com/watch?v=zQBY5K-Ns2Y,earlier,"Cosmology, science & design",True,William Lane Craig,Alex Malpass,5069,8045,56,1568,14738,0,"Reviewed all supplied events, E0–E2470. Attribution follows conversational context rather than the supplied anchors where anchors span interruptions. The transcript contains clipped sentences, uncertain interjections, and apparent transcription errors; no audio was supplied. References to published arguments do not establish their contents here.",0,0,2,1,0,0,0,0,0,0,0,0,0.0,0.0,3.945551390806865,1.9727756954034326,0.0,0.0,0.0,0.0,0.0,0.0
57,scrivener-dillahunty-atheism-morality-2020,Glen Scrivener vs Matt Dillahunty: Can Atheism Deliver a Better World?,https://www.youtube.com/watch?v=B3-sjyDYO2I,earlier,Morality & moral foundations,False,Glen Scrivener,Matt Dillahunty,4949,8132,1455,2687,17223,0,"Reviewed all supplied events E0–E2427. This is an error-prone, undiarized transcript; several events contain speaker changes. U marks those mixed events or genuinely unresolved attribution. Identification anchors were checked against conversational context rather than treated as authoritative interval labels. Exact quotations preserve transcription errors. No edited teaser replays were identifiable in the supplied text. Findings concern the use of claims, not their ultimate truth.",0,0,0,2,1,0,0,0,0,1,0,0,0.0,0.0,0.0,4.04122044857547,2.020610224287735,0.0,0.0,0.0,1.2297097884899164,0.0
58,dillahunty-slick-secular-humanism-christianity-2016,Matt Dillahunty vs Matt Slick: Is Secular Humanism Superior to Christianity?,https://www.youtube.com/watch?v=EKlycI9ZKsY,earlier,Morality & moral foundations,True,Matt Slick,Matt Dillahunty,9703,11543,1483,5842,28571,0,"Reviewed all supplied events, without tools. Attribution follows conversational context rather than ideology; U includes inseparably mixed turns. The transcript contains apparent recognition errors, especially E1965-E2073 and E2124-E2311, and frequently combines speakers within single events. These artifacts limit exact attribution and episode boundaries. No edited teaser replay was identifiable from the supplied text; repeated wording alone was not treated as evidence of editing.",4,4,6,3,3,4,0,0,0,0,0,0,4.122436359888694,4.122436359888694,6.183654539833041,3.0918272699165206,3.0918272699165206,0.0,0.0,0.0,0.0,0.0
59,bollore-halper-god-science-evidence-2026,Michel-Yves Bollore vs Phil Halper: Does Science Point to God?,https://www.youtube.com/watch?v=oeYze2psUpw,earlier,"Cosmology, science & design",True,Michel-Yves Bolloré,Phil Halper,7624,8901,146,1706,18377,1,"Reviewed all supplied events E0–E2697. Attribution follows conversational context, including corrections to broad identification anchors. The transcript contains transcription errors, interrupted sentences, connection problems, and events combining speakers; these limit precise attribution at some boundaries. Quotations preserve supplied wording. Scientific and historical claims were assessed for their argumentative use, without external verification.",3,2,6,2,2,3,0,0,0,0,0,0,3.9349422875131164,2.6232948583420774,7.869884575026233,2.6232948583420774,2.6232948583420774,0.0,0.0,0.0,0.0,0.0
60,horn-oconnor-jesus-resurrection-2026,Trent Horn vs Alex O'Connor: Did Jesus Rise From the Dead?,https://www.youtube.com/watch?v=Bu-7IHp3oGQ,earlier,Resurrection & historical evidence,True,Trent Horn,Alex O'Connor,8668,9666,157,1191,19682,0,Reviewed all supplied events E0–E2815. This is transcript-only annotation; apparent transcription errors and unmarked speaker changes limit attribution. Several identification anchors span replies by the other speaker and were adjusted using conversational context. U marks events containing inseparable speaker changes or genuinely uncertain attribution. No edited teaser replay was identifiable.,0,0,1,1,1,0,0,0,0,0,0,0,0.0,0.0,1.1536686663590217,1.1536686663590217,1.1536686663590217,0.0,0.0,0.0,0.0,0.0
61,scrivener-oconnor-morality-bible-slavery-2026,"Glen Scrivener vs Alex O'Connor: Morality, Freedom, Slavery, and the Bible",https://www.youtube.com/watch?v=-ZnVNM8lkGw,earlier,Morality & moral foundations,False,Glen Scrivener,Alex O'Connor,11457,13829,812,4522,30620,1,"Reviewed all supplied events E0–E4470. Attribution follows conversational context rather than ideology. The transcript has transcription errors, missing speaker labels, and events containing multiple speakers; inseparably mixed events are marked U. Quotations preserve the supplied wording. Historical and scriptural assertions were assessed for their argumentative use, without external verification.",1,1,1,3,3,1,0,0,0,0,0,0,0.8728288382648163,0.8728288382648163,0.8728288382648163,2.6184865147944487,2.6184865147944487,0.0,0.0,0.0,0.0,0.0
62,pageau-folley-logos-meaning-resurrection-2026,"Jonathan Pageau vs Joe Folley: Genesis, Jesus, Science, and Faith",https://www.youtube.com/watch?v=fJ05WWnyj2g,earlier,"Religion, culture & meaning",False,Jonathan Pageau,Joe Folley,8284,11233,463,4771,24751,1,"Reviewed all supplied events E0–E3419. Attribution follows conversational turns rather than treating the broad identification anchors as uninterrupted speech. The transcript lacks reliable speaker labels, contains transcription errors, and sometimes joins speakers within one event; those inseparable transitions are U. Brief interjections with genuinely uncertain ownership are also U. Quotations preserve supplied wording. No audio was available or consulted.",0,0,0,0,0,0,0,0,0,0,0,0,0.0,0.0,0.0,0.0,0.0,0.0,0.0,0.0,0.0,0.0
63,butt-shermer-god-bible-2023,Kyle Butt vs Michael Shermer: Does the God of the Bible Exist?,https://www.youtube.com/watch?v=Z1TgI3cfeM8,earlier,"Scripture, revelation & doctrine",True,Kyle Butt,Michael Shermer,9387,9604,687,1786,21464,0,"Reviewed all supplied events E0–E3122. Attribution follows conversational turns rather than ideology. U includes indivisible events containing substantive speech plus another speaker's interruption. The transcript contains recognition errors, incomplete sentences, and embedded time calls; no audio was supplied for resolving these. Quotations preserve the supplied wording. No edited teaser replays were identified.",2,0,1,1,1,2,0,0,1,2,1,0,2.130606157451795,0.0,1.0653030787258975,1.0653030787258975,1.0653030787258975,0.0,0.0,1.0412328196584757,2.0824656393169514,1.0412328196584757
64,pine-watkins-god-existence-2020,Gregory Pine vs Ben Watkins: Does God Exist?,https://www.youtube.com/watch?v=0QMwHUijmqo,earlier,General theism & naturalism,True,Gregory Pine,Ben Watkins,11827,7913,171,3624,23535,0,"Reviewed all supplied events E0–E4106. Attribution follows conversational turns and source anchors, not ideology. U marks events containing inseparable speaker transitions. The transcript contains recognition errors and a timestamp jump between E3672 and E3673; no missing speech was reconstructed. Quotations preserve the supplied wording. No edited teaser replays were identifiable.",1,1,2,1,1,1,0,0,0,1,0,0,0.845522955948254,0.845522955948254,1.691045911896508,0.845522955948254,0.845522955948254,0.0,0.0,0.0,1.2637432073802604,0.0
65,donahue-malpass-fine-tuning-god-2026,Miles K. Donahue vs Alex Malpass: Does Fine-Tuning Point to God?,https://www.youtube.com/watch?v=2UtMbB_gazg,earlier,"Cosmology, science & design",True,Miles Donahue,Alex Malpass,6093,8133,112,365,14703,0,"Reviewed all supplied events, E0–E2195. Attribution uses conversational context rather than ideological content or speaker-change markers alone. Several events contain both speakers and are marked U. The transcript contains apparent transcription errors; no audio was supplied for resolving brief interjections. No confirmed unsupported slogan or confirmed explicit protection episode was identified.",0,0,0,0,0,0,0,0,0,0,0,0,0.0,0.0,0.0,0.0,0.0,0.0,0.0,0.0,0.0,0.0
66,donahue-fodor-case-against-christianity-2025,Miles K. Donahue vs James Fodor: The Case Against Christianity,https://www.youtube.com/watch?v=jOYiPLT41wM,earlier,"Scripture, revelation & doctrine",True,Miles Donahue,James Fodor,7526,13412,830,903,22671,0,"Reviewed all supplied events E0–E3321. Attribution uses the supplied text and conversational continuity; no audio was available. Numerous events contain both a previous speaker's final words and the next speaker's reply; these are U. Transcription errors and unmarked brief interjections limit precision. Candidates concern proposed protective arguments, not confirmed unsupported slogans. Quoted third-party positions and expressly limited hypotheticals are not treated as the speakers' unconditional commitments.",0,0,1,0,0,0,0,0,0,0,0,0,0.0,0.0,1.3287270794578794,0.0,0.0,0.0,0.0,0.0,0.0,0.0
67,jones-fodor-digital-physics-god-2021,Michael Jones vs James Fodor: The Digital Physics Argument for God,https://www.youtube.com/watch?v=b2HZu6BcxHU,earlier,"Mind, reason & logic",True,Michael Jones,James Fodor,9587,13095,731,3589,27002,0,"Reviewed all supplied events E0–E4517. This is a text-only annotation; the transcript contains recognition errors, missing punctuation, and speaker changes within individual events. U marks inseparably mixed or genuinely ambiguous events. No edited teaser replays were identifiable. Disputed premises, analogies, and repeated summaries were not treated as unsupported slogans merely because their reasoning remained contested.",0,0,0,0,0,0,0,0,0,0,0,0,0.0,0.0,0.0,0.0,0.0,0.0,0.0,0.0,0.0,0.0
68,jones-dillahunty-quantum-idealism-demonstrability-2026,Michael Jones vs Matt Dillahunty: Quantum Idealism and Demonstrability,https://www.youtube.com/watch?v=6CLpuRu7R9o,earlier,"Mind, reason & logic",True,Michael Jones,Matt Dillahunty,1213,1292,112,1255,3872,1,"Reviewed all supplied events E0–E657. This is an edited excerpt with extensive editorial commentary, missing earlier arguments, transcription errors, and several events containing speaker changes. Attribution follows local conversational context rather than treating identification anchors as uninterrupted turns. No qualifying unsupported-slogan or explicit criticism-protection episode was established in the primary speakers' retained speech. Claims about information, consciousness, and observer dependence receive arguments and later qualifications; their disputed adequacy alone does not establish slogan substitution. E567–E583 expressly offers a proposed falsification route, whose scientific adequacy cannot be established from this excerpt.",0,0,0,0,0,0,0,0,0,0,0,0,0.0,0.0,0.0,0.0,0.0,0.0,0.0,0.0,0.0,0.0
69,winger-dillahunty-resurrection-unreasonable-2019,Mike Winger vs Matt Dillahunty: Is Belief in the Resurrection Unreasonable?,https://www.youtube.com/watch?v=Z2FGgkubhZM,earlier,Resurrection & historical evidence,True,Mike Winger,Matt Dillahunty,8545,11228,467,3011,23251,0,"Reviewed all supplied events E0–E3620. Attribution follows conversational turns, with U for events containing inseparable speaker changes. The transcript lacks speaker labels and audio verification; some wording appears mistranscribed. Findings concern these particular claim uses, not their ultimate truth or debate merit.",1,0,1,1,2,0,2,1,1,1,1,1,1.1702750146284377,0.0,1.1702750146284377,1.1702750146284377,2.3405500292568755,1.7812611328820804,0.8906305664410402,0.8906305664410402,0.8906305664410402,0.8906305664410402
70,malpass-anderson-logic-god-2021,Alex Malpass vs James Anderson: Does Logic Prove God?,https://www.youtube.com/watch?v=4qpwVLLebng,earlier,"Mind, reason & logic",True,James Anderson,Alex Malpass,5634,7189,21,2642,15486,0,"Reviewed all supplied events E0–E2592. Attribution follows conversational context, not presumed ideology. The transcript contains apparent transcription errors and unidentified brief interjections; U marks those uncertainties. No audio or cited papers were supplied for verification. No edited teaser replay was identifiable.",0,0,0,0,0,0,0,0,0,2,1,0,0.0,0.0,0.0,0.0,0.0,0.0,0.0,0.0,2.782028098483795,1.3910140492418974
72,dyer-malpass-tag-argument-2019,Jay Dyer vs Alex Malpass: The TAG Argument,https://www.youtube.com/watch?v=gK-rwG392Uc,earlier,"Mind, reason & logic",True,Jay Dyer,Alex Malpass,9790,5611,431,2164,17996,0,"Reviewed all supplied events E0–E2601. The transcript contains substantial transcription errors, interruptions, and speaker changes within individual events. Attribution follows conversational context; U marks inseparably mixed events or unresolved boundaries. No edited teaser replays were identified. No episode clearly met the unsupported-slogan or explicit criticism-protection criteria: the disputed conclusions occur within extended arguments, and weaknesses in those arguments alone do not establish slogan substitution.",0,0,0,0,0,0,0,0,0,0,0,0,0.0,0.0,0.0,0.0,0.0,0.0,0.0,0.0,0.0,0.0
74,rasmussen-malpass-suffering-causal-finitism-2021,"Josh Rasmussen vs Alex Malpass: Suffering, Theism, and Causal Finitism",https://www.youtube.com/watch?v=MfCQBynjgnw,earlier,"Evil, suffering & hiddenness",True,Josh Rasmussen,Alex Malpass,8881,10136,132,2640,21789,0,"Reviewed all supplied events E0–E3763. Attribution follows conversational turns, including corrections to broad identification anchors. The transcript contains recognition errors and several events spanning speaker changes; these are marked U where inseparable. No audio or video was supplied for verification. Moderator advocacy remains O. No edited teaser replays were identifiable.",0,0,0,0,0,0,0,0,0,0,0,0,0.0,0.0,0.0,0.0,0.0,0.0,0.0,0.0,0.0,0.0
75,rasmussen-clifton-contingency-argument-2019,Josh Rasmussen vs Scott Clifton: Is the Contingency Argument Persuasive?,https://www.youtube.com/watch?v=WgiWkE1lhII,earlier,"Cosmology, science & design",True,Josh Rasmussen,Scott Clifton,6137,4209,1000,3210,14556,0,"Reviewed all supplied events, E0–E2047. The transcript contains transcription errors, brief overlapping replies, and a technical interruption around E1286–E1302; speech omitted during that interruption and the subsequent separate Q&A are unavailable. U marks events containing substantive speaker changes that cannot be separated at event resolution. No confirmed or genuinely uncertain unsupported-slogan or explicit criticism-protection episodes were identified. Recurring necessity claims receive arguments, hypotheses, or explicit qualifications.",0,0,0,0,0,0,0,0,0,0,0,0,0.0,0.0,0.0,0.0,0.0,0.0,0.0,0.0,0.0,0.0
76,craig-oppy-mathematics-theism-2020,William Lane Craig vs Graham Oppy: Does Math Point to God?,https://www.youtube.com/watch?v=8WE1y00bwCU,earlier,"Mind, reason & logic",True,William Lane Craig,Graham Oppy,4678,5083,671,1943,12375,0,"Reviewed all supplied events, E0–E1875. The transcript contains recognition errors and events spanning speaker changes; inseparably mixed events are marked U. Attribution follows conversational turns rather than ideological content. No edited teaser replay was identified. One genuinely uncertain protection episode is recorded; no unsupported slogan is confirmed.",0,0,0,0,0,0,0,0,0,0,0,0,0.0,0.0,0.0,0.0,0.0,0.0,0.0,0.0,0.0,0.0
77,feser-oppy-arguments-for-god-2020,Ed Feser vs Graham Oppy: Are There Any Good Arguments for God?,https://www.youtube.com/watch?v=m-80lQOlNOs,earlier,General theism & naturalism,True,Ed Feser,Graham Oppy,10216,8704,601,1464,20985,0,"Reviewed all supplied events E0–E3006. No qualifying unsupported slogan or explicit protection episode was established. The transcript has transcription errors, unlabeled turns, and events containing speaker changes; U marks mixed or genuinely uncertain attribution. Brief acknowledgments within another speaker's substantive turn retain that substantive speaker's label where separable. Referenced books and articles were not supplied. No edited teaser replay was identifiable.",0,0,0,0,0,0,0,0,0,0,0,0,0.0,0.0,0.0,0.0,0.0,0.0,0.0,0.0,0.0,0.0
78,albrecht-oppy-resurrection-ancient-christianity-2023,William Albrecht vs Graham Oppy: Resurrection and Ancient Christianity,https://www.youtube.com/watch?v=YzvidaGO3m4,earlier,Resurrection & historical evidence,True,William Albrecht,Graham Oppy,5297,3035,393,148,8873,0,"Reviewed all supplied events, E0–E1356. No qualifying unsupported slogan or explicit protection against criticism was established. The transcript contains transcription errors and speaker changes within events; U marks inseparably mixed substantive turns. Brief acknowledgments do not change attribution of an otherwise identifiable substantive turn. No edited replay could be established from the supplied text; abrupt transitions alone were insufficient.",0,0,0,0,0,0,0,0,0,0,0,0,0.0,0.0,0.0,0.0,0.0,0.0,0.0,0.0,0.0,0.0
79,swinburne-oppy-theism-probability-2022,Richard Swinburne vs Graham Oppy: Is Theism Probable?,https://www.youtube.com/watch?v=hKw3d3qOYSo,earlier,General theism & naturalism,True,Richard Swinburne,Graham Oppy,7449,3571,183,1603,12806,2,"Reviewed all supplied events E0–E2215. Attribution uses conversational continuity and the supplied anchors, not ideology. Several events combine speakers; these are marked U when inseparable. The transcript contains transcription errors and no reliable speaker labels. E0–E45 is an edited opening montage; its passages are not verbatim repetitions identifiable later in the retained text. No confirmed unsupported slogan or confirmed criticism-resistant episode was identified.",0,0,0,0,0,0,0,0,0,0,0,0,0.0,0.0,0.0,0.0,0.0,0.0,0.0,0.0,0.0,0.0
80,rasmussen-schmid-argument-from-limits-2023,Josh Rasmussen vs Joe Schmid: The Argument from Limits,https://www.youtube.com/watch?v=Lt1wN10yOY4,earlier,"Mind, reason & logic",True,Josh Rasmussen,Joseph Schmid,12850,7528,46,2789,23213,0,Reviewed all supplied events E0–E3373. Attribution follows conversational context rather than the anchors where an anchored range contains interruptions. The text lacks speaker labels and contains transcription errors; U marks ambiguous or mixed events. No edited teaser replay was identifiable. No episode met the unsupported-slogan or explicit criticism-protection criteria after considering supporting arguments and qualifications.,0,0,0,0,0,0,0,0,0,0,0,0,0.0,0.0,0.0,0.0,0.0,0.0,0.0,0.0,0.0,0.0
81,rasmussen-oppy-ultimate-reality-naturalism-2020,"Josh Rasmussen vs Graham Oppy: Theism, Naturalism, and Ultimate Reality",https://www.youtube.com/watch?v=YhqFdIb13bk,earlier,General theism & naturalism,True,Josh Rasmussen,Graham Oppy,8515,6483,406,3629,19033,0,"Reviewed all supplied events, E0–E2715. The transcript lacks speaker labels and contains transcription errors and some turns joined within single events. Attribution follows conversational context; U marks inseparably mixed or genuinely uncertain events. In particular, the reply beginning E1013 is attributed to A despite the supplied B anchor extending through E1026. No qualifying unsupported slogan or explicit protection episode was identified. Disputed deductions, statements of theoretical commitments, and acknowledged explanatory stopping points were not treated as slogans merely because their justification remained contestable.",0,0,0,0,0,0,0,0,0,0,0,0,0.0,0.0,0.0,0.0,0.0,0.0,0.0,0.0,0.0,0.0
83,loke-oppy-kalam-causal-principle-2020,Andrew Loke vs Graham Oppy: Is the Kalam Sound?,https://www.youtube.com/watch?v=a8NrTv-Durc,earlier,"Cosmology, science & design",True,Andrew Loke,Graham Oppy,11656,9513,360,3078,24607,0,"Reviewed all supplied events E0–E4348. The transcript contains recognition errors, missing speech, noise markers, and overlapping turns; U marks events whose speakers cannot be separated confidently from this text. Attribution follows conversational context, with housekeeping and the superhero interlude excluded. No edited teaser replays were identifiable. No confirmed or genuinely uncertain unsupported-slogan or criticism-protection episode was identified: repeated conclusions are accompanied by arguments, theoretical assumptions, definitions, or explicit qualifications. Disagreement over those reasons does not itself establish substitution or protection.",0,0,0,0,0,0,0,0,0,0,0,0,0.0,0.0,0.0,0.0,0.0,0.0,0.0,0.0,0.0,0.0
85,atkins-fox-god-science-future-humanity-2024,Peter Atkins vs Keith Fox: God vs Science Debate,https://www.youtube.com/watch?v=2pDEBRG_9_Q,earlier,"Cosmology, science & design",True,Keith Fox,Peter Atkins,4828,3743,1260,2254,12085,3,"Reviewed all supplied events E0–E1768. This is research annotation, not scoring. The transcript lacks speaker labels and contains recognition errors, interruptions, and events spanning speaker changes. Such mixed events are marked U; attribution follows conversational context, not ideology. Exact quotations retain transcript wording. Promotional excerpts from other debates are excluded alongside the opening replay.",0,0,0,0,0,0,9,4,4,2,3,9,0.0,0.0,0.0,0.0,0.0,24.044883783061714,10.686615014694096,10.686615014694096,5.343307507347048,8.014961261020572
86,egnor-dillahunty-god-existence-2021,Michael Egnor vs Matt Dillahunty: Does God Exist?,https://www.youtube.com/watch?v=yahf0t5mK5g,earlier,General theism & naturalism,True,Michael Egnor,Matt Dillahunty,7933,12265,989,3359,24546,0,"Reviewed E0–E4042. Attribution follows the supplied text and conversational turns, not ideology. Automatic transcription errors, connection losses, and events containing multiple speakers limit precision; inseparably mixed events are U. Several identification anchors contain interruptions. No edited teaser replay was identifiable.",6,5,5,0,1,6,1,0,0,1,0,1,7.563342997604941,6.302785831337451,6.302785831337451,0.0,1.2605571662674901,0.8153281695882593,0.0,0.0,0.8153281695882593,0.0
87,christopoulos-dillahunty-resurrection-historical-event-2024,Than Christopoulos vs Matt Dillahunty: Is the Resurrection a Historical Event?,https://www.youtube.com/watch?v=OSQWIWY9gYg,earlier,Resurrection & historical evidence,True,Than Christopoulos,Matt Dillahunty,10469,9686,909,4367,25431,0,"Reviewed all supplied events E0–E3804. Attribution follows conversational context, with U for inseparable turns and uncertain fragments. The transcript contains recognition errors, embedded time calls, and an intermission conversation with incomplete speech. Slides, cited studies, and medical records are unavailable; speakers also report a stream interruption. No edited teaser replay is identifiable. Findings concern claim use in this transcript, not the truth of its historical or scientific assertions.",0,0,0,0,0,0,0,0,2,3,3,0,0.0,0.0,0.0,0.0,0.0,0.0,0.0,2.0648358455502787,3.097253768325418,3.097253768325418
88,sechler-dillahunty-perfect-mind-universe-2022,Zac Sechler vs Matt Dillahunty: Did a Perfect Mind Create the Universe?,https://www.youtube.com/watch?v=FUPOouj5jNg,earlier,General theism & naturalism,True,Zac Sechler,Matt Dillahunty,6911,10071,105,1659,18746,0,"Reviewed all supplied events E0–E2749. Attribution follows turn context, with mixed events marked U. The transcript contains recognition errors and some compressed speaker changes; no audio was supplied. No edited teaser replay was identifiable. Candidates below are uncertain protection episodes, not confirmed unsupported slogans.",0,0,0,0,0,0,0,0,0,0,0,0,0.0,0.0,0.0,0.0,0.0,0.0,0.0,0.0,0.0,0.0
89,bignon-oppy-religious-experience-god-2022,Guillaume Bignon vs Graham Oppy: Religious Experience and the Case for God,https://www.youtube.com/watch?v=4KCJXMeM9WQ,earlier,"Religion, culture & meaning",False,Guillaume Bignon,Graham Oppy,6448,3610,142,4107,14307,1,"Reviewed all supplied events E0-E2203. Attribution follows conversational turns, not ideological content. The transcript lacks speaker labels and contains transcription errors; events containing substantive speech from two speakers are marked U. Conversion biography is retained where it supplies the experiences subsequently debated; unrelated career and personal background is excluded. Findings concern textual uses, not the truth of either worldview.",0,0,1,0,0,0,0,0,0,0,0,0,0.0,0.0,1.5508684863523574,0.0,0.0,0.0,0.0,0.0,0.0,0.0
90,akin-ehrman-gospels-historically-reliable-2022,Jimmy Akin vs Bart Ehrman: Are the Gospels Historically Reliable?,https://www.youtube.com/watch?v=Zn7lmu0pek0,earlier,"Scripture, revelation & doctrine",False,Jimmy Akin,Bart Ehrman,9400,9529,501,2675,22105,0,"Reviewed all supplied events E0–E3618. Attribution follows conversational turns rather than ideology or anchor ranges; several anchors contain interruptions by the other speaker. U marks events containing inseparable speaker changes or genuinely uncertain attribution. The transcript contains transcription errors and lacks speaker labels, audio, and the displayed slides. External books, linked resources, and unfinished experimental results were not supplied.",0,0,1,2,1,0,1,0,0,0,0,1,0.0,0.0,1.0638297872340425,2.127659574468085,1.0638297872340425,1.04942806170637,0.0,0.0,0.0,0.0
91,cutter-oppy-mind-brain-harmony-god-2025,Brian Cutter vs Graham Oppy: Does Mind-Brain Harmony Point to God?,https://www.youtube.com/watch?v=dmTLjiGWgpE,earlier,"Mind, reason & logic",True,Brian Cutter,Graham Oppy,9805,5364,78,2155,17402,0,"Reviewed all supplied events, E0–E2665. No qualifying unsupported-slogan or criticism-protection episode was established. The transcript contains transcription errors, missing speaker markers, and some events containing turn changes; these limit exact attribution. U marks unresolved or mixed events. No edited teaser replays were identifiable.",0,0,0,0,0,0,0,0,0,0,0,0,0.0,0.0,0.0,0.0,0.0,0.0,0.0,0.0,0.0,0.0
92,craig-malpass-universe-begin-exist-2020,William Lane Craig vs Alex Malpass: Did the Universe Begin to Exist?,https://www.youtube.com/watch?v=uWo9qU2dhpQ,earlier,"Cosmology, science & design",True,William Lane Craig,Alex Malpass,6661,9592,597,3726,20576,0,"Reviewed all supplied events E0–E2926. The transcript contains substantial transcription errors, unmarked speaker changes, and reported connection problems around E709–E716. U marks inseparably mixed event text or uncertain attribution. Quotations preserve the supplied wording. No edited teaser replay was identifiable. O includes the audience affirmation recorded below; it is not attributed to either primary speaker.",1,1,1,0,0,1,0,0,0,0,0,0,1.5012760846719713,1.5012760846719713,1.5012760846719713,0.0,0.0,0.0,0.0,0.0,0.0,0.0
93,hunter-dillahunty-christian-god-exist-2019,Braxton Hunter vs Matt Dillahunty: Does the Christian God Exist?,https://www.youtube.com/watch?v=Y9Uktg9nLx8,earlier,"Scripture, revelation & doctrine",True,Braxton Hunter,Matt Dillahunty,10231,10626,1124,4244,26225,0,"Reviewed all supplied events E0–E3741. The transcript contains recognition errors, missing punctuation, and events spanning speaker changes; attribution at those boundaries is sometimes U. Quotations preserve the supplied wording. No edited teaser replay was identifiable. The moderator's closing advocacy is O and is annotated separately from either primary speaker's claims.",0,0,3,1,0,0,0,0,0,1,0,0,0.0,0.0,2.932264685758968,0.9774215619196559,0.0,0.0,0.0,0.0,0.9410878976096367,0.0
94,swinburne-huemer-theism-coherent-2026,Richard Swinburne vs Michael Huemer: Is Theism Coherent?,https://www.youtube.com/watch?v=1IkAU6zAYLU,earlier,General theism & naturalism,True,Richard Swinburne,Michael Huemer,3361,4091,38,552,8042,0,"Reviewed all supplied events E0–E1195. Attribution follows conversational context, not ideology. The transcript contains transcription errors and several mixed or ambiguous turn boundaries; no audio or slideshow was supplied. No edited teaser replays were identifiable. One genuinely uncertain candidate is retained; no unsupported or criticism-resistant slogan is confirmed.",0,0,0,1,1,0,0,0,0,0,0,0,0.0,0.0,0.0,2.9753049687592976,2.9753049687592976,0.0,0.0,0.0,0.0,0.0
97,holland-grayling-christianity-human-values-2019,Tom Holland vs A. C. Grayling: Did Christianity Give Us Our Human Values?,https://www.youtube.com/watch?v=7eSyz3BaVK8,earlier,Morality & moral foundations,False,Tom Holland,AC Grayling,6207,5256,635,1452,13550,0,"Reviewed all supplied events, 0–1959. The transcript contains substantial recognition errors and several within-event speaker changes. Attribution follows conversational context; U marks inseparably mixed or genuinely uncertain events. No audio or external verification was used. Candidates below are uncertain cases, not confirmed unsupported slogans.",0,0,0,1,1,0,0,0,0,0,0,0,0.0,0.0,0.0,1.6110842597067827,1.6110842597067827,0.0,0.0,0.0,0.0,0.0
98,craig-grayling-evil-god-reasonable-2011,William Lane Craig vs A. C. Grayling: Is Belief in God Reasonable in Light of Evil?,https://www.youtube.com/watch?v=Vs7ArUMuQyg,earlier,"Evil, suffering & hiddenness",True,William Lane Craig,AC Grayling,8634,7710,245,1285,17874,0,"Reviewed all supplied events, E0–E2590, without tools. The transcript contains substantial transcription errors, omitted audience questions, and events spanning speaker changes. Attribution follows the recoverable exchange; U marks inseparably mixed or unclear events. Findings concern the supplied wording, without audio verification. No edited teaser replays were identifiable.",0,0,8,2,2,0,0,0,0,1,0,0,0.0,0.0,9.26569376882094,2.316423442205235,2.316423442205235,0.0,0.0,0.0,1.297016861219196,0.0
99,jones-jump-digital-physics-god-2019,Michael Jones vs Tom Jump: Does God Exist?,https://www.youtube.com/watch?v=UWCvKiWjV0g,earlier,"Mind, reason & logic",True,Michael Jones,Tom Jump,8477,6724,2347,5119,22667,0,"Reviewed all supplied events E0–E3396. The transcript contains extensive recognition errors, missing punctuation, and events spanning speaker changes. U marks inseparably mixed events or genuinely uncertain attribution. Several supplied anchors include another speaker's questions or interruptions; attribution follows the exchange in context. No edited teaser replay was identifiable. External papers and videos mentioned by speakers were not supplied or independently checked.",1,1,1,0,0,0,1,0,0,1,2,1,1.1796626164916835,1.1796626164916835,1.1796626164916835,0.0,0.0,1.48720999405116,0.0,0.0,1.48720999405116,2.97441998810232
100,jones-dillahunty-emergent-mind-god-2020,Michael Jones vs Matt Dillahunty: Reason to Believe in God?,https://www.youtube.com/watch?v=yGxSf4zJAso,earlier,"Mind, reason & logic",True,Michael Jones,Matt Dillahunty,9151,11996,1210,3499,25856,0,"Reviewed all supplied events, E0–E3724, without tools. The transcript contains substantial automatic-transcription errors and no reliable speaker labels. U marks events containing inseparable speaker changes or genuinely uncertain attribution; quotations preserve the supplied wording. Studies, slides, and external videos were not independently checked. No edited teaser replays were identifiable.",0,0,1,0,0,0,0,0,0,1,0,0,0.0,0.0,1.0927767457108513,0.0,0.0,0.0,0.0,0.0,0.8336112037345782,0.0
101,woodford-scrivener-religion-poisons-everything-2026,Stephen Woodford vs Glen Scrivener: Does Religion Poison Everything?,https://www.youtube.com/watch?v=8J-WOwrq6bE,earlier,"Religion, culture & meaning",False,Glen Scrivener,Stephen Woodford,7694,5716,1234,688,15332,1,"Reviewed all supplied events. Attribution follows conversational context rather than ideology or the suggested anchors, several of which include replies by the other speaker. U marks events containing inseparable turns or uncertain boundaries. The transcript has transcription errors, censored words, and incomplete overlap marking; no audio or external historical verification was available.",0,0,0,0,0,0,1,0,1,1,2,1,0.0,0.0,0.0,0.0,0.0,1.7494751574527643,0.0,1.7494751574527643,1.7494751574527643,3.4989503149055285
102,woodford-brierley-christianity-rational-2019,Stephen Woodford vs Justin Brierley: Is Christianity Rational?,https://www.youtube.com/watch?v=EfAWALcKf2w,earlier,"Scripture, revelation & doctrine",True,Justin Brierley,Stephen Woodford,8360,4614,729,3031,16734,0,Reviewed all supplied events E0–E2624. Attribution follows conversational context rather than treating the supplied anchors as uninterrupted turns. Several events contain speaker changes; these receive U where whole-event attribution would conflate speakers. The transcript contains apparent transcription errors and lacks audio verification. No edited teaser replays were identifiable.,1,0,4,2,2,1,1,0,0,1,1,1,1.1961722488038278,0.0,4.784688995215311,2.3923444976076556,2.3923444976076556,2.167316861725184,0.0,0.0,2.167316861725184,2.167316861725184
103,woodford-edwards-rational-belief-god-2023,Stephen Woodford vs Simon Edwards: Is It Rational to Believe in God?,https://www.youtube.com/watch?v=g1TlLCSn_5o,earlier,"Evil, suffering & hiddenness",True,Simon Edwards,Stephen Woodford,4006,3865,394,1305,9570,0,"Reviewed all supplied events E0–E1358. The transcript contains transcription errors and events spanning speaker changes; inseparably mixed events are marked U. Attribution follows conversational turns rather than the supplied anchors where those anchors encompass replies. No edited teaser replay was identifiable. Findings concern claim use, not factual accuracy or debate scores.",0,0,0,2,1,0,0,0,0,0,0,0,0.0,0.0,0.0,4.992511233150275,2.4962556165751373,0.0,0.0,0.0,0.0,0.0
104,oconnor-baker-hytch-argument-from-reason-2020,Alex O'Connor vs Max Baker-Hytch: The Argument for God From Reason,https://www.youtube.com/watch?v=kI5j2b7ZtXw,earlier,"Mind, reason & logic",True,Max Baker-Hytch,Alex O'Connor,5310,4622,581,3212,13725,0,"Reviewed all supplied events E0–E1973. The transcript lacks speaker labels and contains transcription errors and events crossing speaker turns; U marks inseparably mixed events or genuinely uncertain attribution. Moderator advocacy is O. No edited teaser replays were identifiable. No confirmed or genuinely uncertain slogan/protection episodes met the requested criteria: disputed explanatory claims were developed as arguments, and later qualifications limited apparent categorical claims.",0,0,0,0,0,0,0,0,0,0,0,0,0.0,0.0,0.0,0.0,0.0,0.0,0.0,0.0,0.0,0.0
106,peterson-blackmore-god-meaning-life-2018,Jordan Peterson vs Susan Blackmore: Do We Need God to Make Sense of Life?,https://www.youtube.com/watch?v=syP-OtdCIho,earlier,"Religion, culture & meaning",False,Jordan Peterson,Susan Blackmore,4116,2760,711,1446,9033,0,"Reviewed all supplied events E0–E1294. Attribution follows conversational context rather than the anchors, several of which contain speaker changes. The transcript has recognition errors and events spanning turn boundaries; inseparably mixed events are marked U. No audio was supplied. No edited teaser replays were identifiable.",0,0,1,3,3,0,0,0,0,0,0,0,0.0,0.0,2.4295432458697763,7.288629737609329,7.288629737609329,0.0,0.0,0.0,0.0,0.0
107,lennox-ruse-science-faith-evidence-god-2018,"John Lennox vs Michael Ruse: Science, Faith, and the Evidence for God",https://www.youtube.com/watch?v=yrnXdzQRISM,earlier,"Cosmology, science & design",True,John Lennox,Michael Ruse,3760,3618,418,1424,9220,0,"Reviewed all supplied events, E0–E1295. The transcript contains transcription errors and several speaker changes within individual events; inseparably mixed events are marked U. No audio was supplied. The advertised audience Q&A is absent. No edited replay teasers were identifiable.",0,0,0,0,0,0,0,0,0,0,0,0,0.0,0.0,0.0,0.0,0.0,0.0,0.0,0.0,0.0,0.0
108,ward-ruse-mind-consciousness-god-2013,"Keith Ward vs Michael Ruse: Mind, Consciousness, and God",https://www.youtube.com/watch?v=nOy29aP7wDc,earlier,"Mind, reason & logic",True,Keith Ward,Michael Ruse,3034,3851,359,7604,14848,0,"Reviewed all supplied events E0–E2128. The transcript lacks speaker labels and contains transcription errors and events crossing speaker turns. U marks substantive mixed turns or unresolved attribution; brief acknowledgments are assigned with the surrounding substantive turn. Documentary inserts are O, not identified editorial replays. Advertisements, closing conversation, and listener correspondence about other debates are excluded from A/B speech. No audio verification was performed.",0,0,0,0,0,0,0,0,0,1,0,0,0.0,0.0,0.0,0.0,0.0,0.0,0.0,0.0,2.596728122565567,0.0
109,mclatchie-oconnor-theism-naturalism-reality-2022,Jonathan McLatchie vs Alex O'Connor: Theism or Naturalism?,https://www.youtube.com/watch?v=rnIQFI1pYLM,earlier,General theism & naturalism,True,Jonathan McLatchie,Alex O'Connor,10139,12473,547,3682,26841,0,"Reviewed all supplied events, E0–E3925. The transcript contains recognition errors, occasional missing words, and events spanning speaker changes; inseparably mixed events are marked U. Attribution uses conversational context, not presumed ideology. The narrated biology animation is O. No edited teaser replay was identifiable. Findings concern the supplied wording, without audio verification or independent verification of factual claims.",2,0,3,1,3,2,0,0,0,0,0,0,1.9725811223986587,0.0,2.958871683597988,0.9862905611993293,2.958871683597988,0.0,0.0,0.0,0.0,0.0
112,copan-woodford-belief-god-reasonable-2024,Paul Copan vs Stephen Woodford: Is Belief in God Reasonable?,https://www.youtube.com/watch?v=qQda8Cywqvo,earlier,General theism & naturalism,True,Paul Copan,Stephen Woodford,7880,4272,262,1700,14114,0,"Reviewed all supplied events E0–E2084. The transcript contains substantial recognition errors, missing speech around E183–E186, and indistinct audience questions. Attribution follows conversational turns rather than ideology; events containing inseparable turn boundaries are U. No edited teaser replay was identifiable. Findings concern textual uses, not the truth of entire worldviews.",0,0,1,3,3,0,1,0,0,0,1,1,0.0,0.0,1.2690355329949239,3.8071065989847717,3.8071065989847717,2.3408239700374533,0.0,0.0,0.0,2.3408239700374533
113,dirckx-woodford-god-suffering-2024,Sharon Dirckx vs Stephen Woodford: Why Doesn't God Stop Suffering?,https://www.youtube.com/watch?v=PQetkofYXvI,earlier,"Evil, suffering & hiddenness",True,Sharon Dirckx,Stephen Woodford,4820,4690,278,2610,12398,3,"Reviewed all supplied events. This is a text-only annotation; transcription errors, omitted audience questions, and speaker changes within individual events limit precision. U marks unresolved or inseparably mixed speech. Quotations preserve the supplied wording. Referenced books, earlier debates, and private miracle evidence were not supplied.",3,3,4,1,1,2,0,0,0,1,1,0,6.224066390041494,6.224066390041494,8.298755186721992,2.074688796680498,2.074688796680498,0.0,0.0,0.0,2.1321961620469083,2.1321961620469083
114,dirckx-goff-consciousness-points-god-2019,Sharon Dirckx vs Philip Goff: Does Consciousness Point to God?,https://www.youtube.com/watch?v=Ef2vvT5GfoE,earlier,"Mind, reason & logic",True,Sharon Dirckx,Philip Goff,3874,3738,46,3870,11528,0,"Reviewed all supplied events E0–E1909. Attribution follows conversational turns, with U for unresolved short interjections or mixed events. The text has transcription errors and lacks audio speaker labels. No edited teaser replay is identifiable. No unsupported slogan is confirmed; one potentially protective statement remains uncertain after considering its supporting distinction and qualifications.",0,0,0,0,0,0,0,0,0,0,0,0,0.0,0.0,0.0,0.0,0.0,0.0,0.0,0.0,0.0,0.0
116,bertuzzi-schieber-evil-evidence-2019,Cameron Bertuzzi vs Justin Schieber: The Problem of Evil,https://www.youtube.com/watch?v=huOwbSrl-xw,earlier,"Evil, suffering & hiddenness",True,Cameron Bertuzzi,Justin Schieber,5721,4864,18,216,10819,0,"Reviewed all supplied events, E0–E1744. The transcript contains recognition errors and some speaker changes within events; quotations preserve its wording. No edited teaser is identifiable. E1620–E1637 contains an immediate repetition or recording restart, retained as B's speech because editorial replay cannot be established from the text. No confirmed unsupported slogan was identified; candidates concern explicit or uncertain protection against criticism.",0,0,2,0,0,0,0,0,0,0,0,0,0.0,0.0,3.4958923265163433,0.0,0.0,0.0,0.0,0.0,0.0,0.0
117,bertuzzi-oconnor-contingency-argument-2018,Alex O'Connor vs Cameron Bertuzzi: Something From Nothing?,https://www.youtube.com/watch?v=DGpkGRoLBQ8,earlier,"Cosmology, science & design",True,Cameron Bertuzzi,Alex O'Connor,4887,3747,536,4220,13390,0,"Reviewed all supplied events E0–E1888. Attribution uses conversational context; U marks events containing inseparable speaker changes. The transcript contains recognition errors and lacks audio or explicit turn labels, limiting exact boundary attribution. No confirmed or genuinely uncertain qualifying slogan or protection episode was identified. Disputed premises, deferred defenses, analogies, and statements of personal confidence were assessed with their surrounding reasons and qualifications.",0,0,0,0,0,0,0,0,0,0,0,0,0.0,0.0,0.0,0.0,0.0,0.0,0.0,0.0,0.0,0.0
118,hernandez-schieber-god-existence-2023,Eric Hernandez vs Justin Schieber: Does God Exist?,https://www.youtube.com/watch?v=sy1lUHGIQCQ,earlier,"Evil, suffering & hiddenness",True,Eric Hernandez,Justin Schieber,8591,9366,916,3781,22654,0,"Reviewed all supplied events E0–E3541. This is an unverified text transcript with transcription errors, missing slide content, and speaker changes within some events. U marks inseparably mixed or genuinely uncertain events. Context overrides the supplied anchors where necessary, notably E1855–E1861. No edited teaser replay was identifiable.",2,0,1,0,1,2,0,0,0,0,0,0,2.3280176929344663,0.0,1.1640088464672331,0.0,1.1640088464672331,0.0,0.0,0.0,0.0,0.0
119,jones-oconnor-hell-2023,Michael Jones vs Alex O'Connor: Does God Send People to Hell?,https://www.youtube.com/watch?v=kOzmwGmiDHQ,earlier,"Evil, suffering & hiddenness",True,Michael Jones,Alex O'Connor,8240,5529,89,658,14516,3,"Reviewed all supplied events E0–E2205. Attribution follows conversational context; U marks events containing inseparable speaker changes. The transcript contains transcription errors and brief interjections without speaker labels; no audio was supplied. Findings concern rhetorical use, not the truth of either position.",0,0,0,1,1,0,0,0,0,0,0,0,0.0,0.0,0.0,1.2135922330097086,1.2135922330097086,0.0,0.0,0.0,0.0,0.0
120,mclatchie-oconnor-christianity-true-2019,Jonathan McLatchie vs Alex O'Connor: Is Christianity True?,https://www.youtube.com/watch?v=woqy13ZkeqM,earlier,"Scripture, revelation & doctrine",True,Jonathan McLatchie,Alex O'Connor,6704,6280,527,1450,14961,0,"Reviewed all supplied events, E0–E2137. The transcript contains substantial recognition errors, missing or unintelligible audience questions, and events containing speaker changes. U marks inseparably mixed events; brief acknowledgments within otherwise identifiable turns do not change attribution. No edited teaser replays were identifiable. Findings concern the supplied wording, without audio verification.",0,0,0,0,0,0,0,0,0,1,1,0,0.0,0.0,0.0,0.0,0.0,0.0,0.0,0.0,1.5923566878980893,1.5923566878980893
121,dawkins-lennox-science-buried-god-2017,Richard Dawkins vs John Lennox: Has Science Buried God?,https://www.youtube.com/watch?v=OVEuQg_Mglw,earlier,"Cosmology, science & design",True,John Lennox,Richard Dawkins,5673,4823,343,1991,12830,0,Reviewed all supplied events E0–E1941. Attribution follows conversational context rather than treating the supplied anchors as uninterrupted turns. Some events contain both speakers and are marked U. The transcript has apparent recognition errors and no audio or explicit turn labels. The closing edited snippets cannot securely be identified as replays or assigned to speakers from this text alone.,0,0,1,1,0,0,1,1,1,2,2,1,0.0,0.0,1.7627357659086902,1.7627357659086902,0.0,2.073398299813394,2.073398299813394,2.073398299813394,4.146796599626788,4.146796599626788
122,horn-oconnor-god-existence-2020,Trent Horn vs Alex O'Connor: Does God Exist?,https://www.youtube.com/watch?v=5PF1JgXOKDQ,earlier,"Evil, suffering & hiddenness",True,Trent Horn,Alex O'Connor,10203,11355,127,3890,25575,0,"Reviewed all supplied events E0–E3796. Attribution follows conversational turns, not ideological content. The transcript contains transcription errors and several events combining speakers; these are marked U where inseparable. No audio or external sources were consulted. No edited teaser replays were identified.",0,0,1,1,0,0,0,0,0,0,0,0,0.0,0.0,0.9801038910124473,0.9801038910124473,0.0,0.0,0.0,0.0,0.0,0.0
123,oconnor-pine-divine-hiddenness-2024,Gregory Pine vs Alex O'Connor: The Divine Hiddenness Problem,https://www.youtube.com/watch?v=8k9A7d2Wnjk,earlier,"Evil, suffering & hiddenness",True,Gregory Pine,Alex O'Connor,9582,8212,368,1312,19474,0,"Reviewed all supplied events, E0–E2705. Attribution uses conversational turns, including brief replies, rather than ideological content. U marks events containing inseparable speaker changes. The transcript contains transcription errors and lacks audio or explicit speaker labels; quotations preserve its wording. Opening introductions and discussion-format preliminaries are excluded as housekeeping. No identifiable edited replay appears in the supplied text.",0,0,1,4,4,0,0,0,0,0,0,0,0.0,0.0,1.0436234606553956,4.174493842621582,4.174493842621582,0.0,0.0,0.0,0.0,0.0
124,harris-peterson-god-atheism-bible-2018,"Sam Harris vs Jordan Peterson: God, Atheism, The Bible, Jesus",https://www.youtube.com/watch?v=jey_CzIOfYE,earlier,"Religion, culture & meaning",False,Jordan Peterson,Sam Harris,8178,8228,1978,3288,21672,0,"Reviewed all supplied events E0–E3100. The transcript lacks speaker labels and contains substantial transcription errors, overlapping turns, and acknowledgments embedded within events. U marks inseparably mixed or genuinely uncertain events; quotations preserve the supplied wording. Attribution follows conversational context rather than treating identification anchors as uninterrupted speaker blocks. No edited teaser replay was identifiable.",0,0,0,1,1,0,0,0,1,0,0,0,0.0,0.0,0.0,1.2227928588897041,1.2227928588897041,0.0,0.0,1.215362177929023,0.0,0.0
126,craig-clifton-kalam-cosmological-argument-2021,William Lane Craig vs Scott Clifton: The Kalam Cosmological Argument,https://www.youtube.com/watch?v=TmYCwjU_5Wc,earlier,"Cosmology, science & design",True,William Lane Craig,Scott Clifton,4025,4298,161,1139,9623,0,"Reviewed all supplied events E0–E1558. Attribution follows conversational turns rather than ideology; U marks events containing inseparable speaker changes. The transcript contains recognition errors, an audio interruption at E495–E499, and a truncated promotional ending. No edited teaser replay was identified. Findings concern claim use, not the truth of either position.",0,0,0,2,0,0,0,0,0,0,0,0,0.0,0.0,0.0,4.968944099378882,0.0,0.0,0.0,0.0,0.0,0.0
127,slick-clifton-objective-morality-god-2014,Matt Slick vs Scott Clifton: Does Objective Morality Require God?,https://www.youtube.com/watch?v=uJeKS705aXs,earlier,Morality & moral foundations,True,Matt Slick,Scott Clifton,8148,8094,2303,1626,20171,0,"Reviewed all supplied events, E0–E2834, without tools. Attribution follows conversational turns rather than the supplied broad anchors, several of which contain exchanges. U marks events with mixed speech or unresolved turn boundaries. The transcript lacks speaker labels and contains apparent recognition errors, interruptions, and fragmentary passages; exact quotations preserve its wording. No edited teaser replay was identifiable.",1,0,6,2,1,0,0,0,0,0,0,0,1.2272950417280315,0.0,7.363770250368188,2.454590083456063,1.2272950417280315,0.0,0.0,0.0,0.0,0.0
128,craig-law-evil-god-challenge-2011,William Lane Craig vs Stephen Law: Does God Exist?,https://www.youtube.com/watch?v=APfd7B3CEhI,earlier,"Evil, suffering & hiddenness",True,William Lane Craig,Stephen Law,7252,8896,535,1817,18500,0,"Reviewed all supplied events E0–E2764. The transcript contains recognition errors and frequent speaker changes within single events; inseparable changes are marked U. Attribution follows conversational context rather than ideology. No edited teaser replays were identifiable. Findings concern claim use in this transcript, not the independent truth of scientific or historical claims.",0,0,4,0,0,0,0,0,0,0,0,0,0.0,0.0,5.515719801434087,0.0,0.0,0.0,0.0,0.0,0.0,0.0
130,licona-carrier-resurrection-history-2010,Mike Licona vs Richard Carrier: Did Jesus Rise From the Dead?,https://www.youtube.com/watch?v=0IpKHdVLZb4,earlier,Resurrection & historical evidence,True,Michael Licona,Richard Carrier,10308,12019,2832,2348,27507,0,"Reviewed all supplied events, E0–E1570. The transcript contains recognition errors, missing punctuation, and numerous speaker changes within events; U marks those mixed events where a single attribution would be misleading. Attribution follows conversational context rather than the supplied anchors where an anchor includes another speaker's reply. No edited teaser replays were identifiable. Findings concern textual uses, not the truth of historical claims.",1,1,3,2,2,1,0,0,0,0,0,0,0.9701202949165697,0.9701202949165697,2.910360884749709,1.9402405898331394,1.9402405898331394,0.0,0.0,0.0,0.0,0.0
136,douthat-ehrman-resurrection-gospel-history-2026,Ross Douthat vs Bart Ehrman: Did Jesus Rise From the Dead?,https://www.youtube.com/watch?v=V7EwdZ0Z_gc,earlier,Resurrection & historical evidence,True,Ross Douthat,Bart Ehrman,5055,8358,269,670,14352,2,"Reviewed all supplied events E0–E2000. Attribution follows conversational turns rather than the supplied anchors where they span interruptions. The transcript lacks speaker labels and contains transcription errors and merged turns; U marks inseparable or genuinely uncertain events. Findings concern these speakers' uses, not doctrines or reasoning they merely report.",0,0,0,0,0,0,0,0,1,0,0,0,0.0,0.0,0.0,0.0,0.0,0.0,0.0,1.1964584828906437,0.0,0.0
137,price-craig-resurrection-historical-analogy-1999,Robert Price vs William Lane Craig: Did Jesus Rise From the Dead?,https://www.youtube.com/watch?v=Pba-YNVWaa0,earlier,Resurrection & historical evidence,True,William Lane Craig,Robert Price,8314,11051,208,4380,23953,1,"Reviewed all supplied events. The transcript contains transcription errors, cut speech, and a duplicated passage. Attribution follows conversational context; events containing inseparable speaker transitions are U. Quoted religious claims and opponents' writings are distinguished from the speaker's own endorsements. No opening teaser was identified.",0,0,0,0,0,0,0,0,1,0,0,0,0.0,0.0,0.0,0.0,0.0,0.0,0.0,0.904895484571532,0.0,0.0
138,albrecht-price-bodily-resurrection-2022,William Albrecht vs Robert Price: Did Jesus Bodily Rise from the Dead?,https://www.youtube.com/watch?v=CqpFmw4pwrY,earlier,Resurrection & historical evidence,True,William Albrecht,Robert Price,9588,5613,286,2938,18425,0,"Reviewed all supplied events E0–E2867. Attribution follows conversational turns, including short interruptions; U marks events containing inseparable speaker changes or uncertain fragments. The transcript has substantial transcription errors, especially in names and Greek terms, and no reliable speaker labels. Quotations preserve its wording. Findings concern textual use, not historical accuracy. No identifiable edited teaser replays were present.",0,0,2,0,0,0,0,0,0,0,0,0,0.0,0.0,2.0859407592824364,0.0,0.0,0.0,0.0,0.0,0.0,0.0
139,adelstein-dillahunty-belief-god-2025,Matthew Adelstein vs Matt Dillahunty: Should We Believe in God?,https://www.youtube.com/watch?v=vHxAw5-RXIw,earlier,"Cosmology, science & design",True,Matthew Adelstein,Matt Dillahunty,10049,9453,453,1968,21923,0,Reviewed all supplied events E0–E3235. Attribution follows conversational context rather than ideology. U marks events containing inseparable speaker changes; O includes procedural exchanges and promotional remarks. The transcript contains recognition errors and lacks reliable speaker labels or audio verification. External articles and papers mentioned by speakers were not supplied. No edited teaser replays were identifiable.,0,0,2,0,0,0,1,0,0,1,1,0,0.0,0.0,1.9902477858493381,0.0,0.0,1.0578652279699565,0.0,0.0,1.0578652279699565,1.0578652279699565
140,rhodes-dillahunty-evidence-god-2021,Kenny Rhodes vs Matt Dillahunty: Is There Evidence for God?,https://www.youtube.com/watch?v=i0Q_KMN64bk,earlier,General theism & naturalism,True,Kenny Rhodes,Matt Dillahunty,6477,9093,893,12089,28552,0,"Reviewed all supplied events E0-E4917. Attribution follows conversational turns rather than treating identification anchors as uniform speaker blocks. Several events contain interleaved speakers and are marked U. The supplied text has transcription errors, missing punctuation, and reported audio glitches; no audio verification was performed. O includes questions read by the moderator, housekeeping, unrelated biography, music, and the entire post-debate segment. No identifiable edited replay of substantive debate speech appears.",1,0,0,3,2,0,1,0,0,0,0,1,1.543924656476764,0.0,0.0,4.6317739694302915,3.087849312953528,1.0997470581766193,0.0,0.0,0.0,0.0
141,fischer-dillahunty-axiomatic-evidence-god-2020,Ben Fischer vs Matt Dillahunty: Is There Good Evidence for God?,https://www.youtube.com/watch?v=KByryLId3dQ,earlier,General theism & naturalism,True,Ben Fischer,Matt Dillahunty,9673,10579,632,5890,26774,0,"Reviewed all supplied events, E0–E4713, using the transcript alone. Transcription errors, missing audio during the connection failure, and events containing multiple speakers limit precise attribution. U marks inseparable or genuinely uncertain turns; identification anchors were checked against local exchanges. Musical bookends and housekeeping are excluded. No edited debate teasers were identifiable. Findings concern these particular uses, not the truth of either speaker's worldview.",0,0,2,2,2,0,0,0,0,0,0,0,0.0,0.0,2.0676108756332057,2.0676108756332057,2.0676108756332057,0.0,0.0,0.0,0.0,0.0
142,comfort-dillahunty-gospel-atonement-2020,Ray Comfort vs Matt Dillahunty: Does the Gospel Make Sense?,https://www.youtube.com/watch?v=cRCbvfyiu0s,earlier,"Scripture, revelation & doctrine",True,Ray Comfort,Matt Dillahunty,7876,9526,240,5393,23035,0,"Reviewed all supplied events, E0–E3518, using only the retained text. Apparent transcription errors and unmarked speaker changes limit some attribution; inseparably mixed events are U. O includes social preliminaries, promotions, housekeeping, and closing music. No edited replay was identifiable. Quotations preserve the supplied wording. Findings concern particular claim uses, not speakers' overall positions.",13,11,24,2,3,11,1,0,0,0,0,0,16.505840528186898,13.966480446927374,30.472320975114272,2.5393600812595225,3.809040121889284,1.0497585555322275,0.0,0.0,0.0,0.0
143,vela-dillahunty-transcendental-evidence-god-2020,Tyler Vela vs Matt Dillahunty: Is There Good Evidence for God?,https://www.youtube.com/watch?v=kf0Us__r9SQ,earlier,"Mind, reason & logic",True,Tyler Vela,Matt Dillahunty,11319,10543,225,2778,24865,0,"Reviewed all supplied events E0–E3797. Attribution uses conversational continuity, not ideology. Some events combine a speaker change within one caption; these are U where the voices cannot be separated at event level. The transcript contains apparent transcription errors and connection interruptions; no audio was supplied for verification. No edited teaser replay was identified. Findings concern the uses of claims, not their truth or debate performance.",0,0,0,0,0,0,1,0,1,0,1,1,0.0,0.0,0.0,0.0,0.0,0.9484966328369534,0.0,0.9484966328369534,0.0,0.9484966328369534
144,plantinga-dennett-evolution-naturalism-2018,"Alvin Plantinga vs Daniel Dennett: Science, Religion, and Evolution",https://www.youtube.com/watch?v=f06J2R4MwGA,earlier,"Cosmology, science & design",True,Alvin Plantinga,Daniel Dennett,8993,5867,49,1365,16274,0,"Reviewed all supplied events E0–E2884. Attribution follows introductions, turn continuity, and conversational responses, not ideology. The transcript contains substantial recognition errors, missing visual material, and several mixed or uncertain turn boundaries; quotations preserve its wording. No edited teaser replay is identifiable.",0,0,2,0,0,0,0,0,0,1,1,0,0.0,0.0,2.223951962637607,0.0,0.0,0.0,0.0,0.0,1.7044486108743822,1.7044486108743822
145,dennett-dsouza-god-human-invention-2007,Daniel Dennett vs Dinesh D'Souza: Is God a Human Invention?,https://www.youtube.com/watch?v=ocZh8vhz_Hs,earlier,"Religion, culture & meaning",False,Dinesh D'Souza,Daniel Dennett,10972,6883,13,2582,20450,0,"Reviewed all supplied events E0–E3056. Attribution relies on conversational continuity and speaker turns, not ideology. The transcript contains transcription errors, uncertain short interjections, and references to slides and books unavailable here. Quotations preserve its wording. No identifiable edited teaser replay appears in the supplied text.",0,0,0,1,1,0,1,0,0,0,0,1,0.0,0.0,0.0,0.911410864017499,0.911410864017499,1.4528548597995061,0.0,0.0,0.0,0.0
147,dennett-clayton-naturalism-ultimate-reality-2012,Daniel Dennett vs Philip Clayton: Naturalism and Ultimate Reality,https://www.youtube.com/watch?v=h-I_9e5qxnc,earlier,"Mind, reason & logic",True,Philip Clayton,Daniel Dennett,4412,4879,510,817,10618,0,Reviewed all supplied events E0–E1554. Attribution follows conversational turns rather than ideology or anchors alone; several anchor ranges contain interruptions. U marks events containing inseparable speaker changes or unresolved attribution. The transcript has transcription errors and lacks audio verification. No edited teaser replays were identified.,0,0,0,0,0,0,0,0,0,1,1,0,0.0,0.0,0.0,0.0,0.0,0.0,0.0,0.0,2.0496003279360524,2.0496003279360524
148,baggett-dillahunty-moral-argument-2018,David Baggett vs Matt Dillahunty: The Moral Argument for God,https://www.youtube.com/watch?v=YWeOWtmCoCs,earlier,Morality & moral foundations,True,David Baggett,Matt Dillahunty,10127,7664,669,1569,20029,0,"Reviewed all supplied events, E0–E2828. Attribution follows conversational turns rather than ideological content. The transcript lacks speaker labels and contains transcription errors and several events spanning speaker changes; these are marked U where inseparable. No audio was supplied. No edited teaser replay was identifiable.",0,0,0,0,0,0,0,0,0,1,0,0,0.0,0.0,0.0,0.0,0.0,0.0,0.0,0.0,1.3048016701461378,0.0
150,licona-dillahunty-resurrection-evidence-2017,Mike Licona vs Matt Dillahunty: Was Jesus Raised from the Dead?,https://www.youtube.com/watch?v=IW9w6c2RWmA,earlier,Resurrection & historical evidence,True,Michael Licona,Matt Dillahunty,10524,10785,2446,3238,26993,0,"Reviewed all supplied events E0–E1510. Attribution follows conversational turns rather than ideological content. U marks events containing inseparable speaker changes, including moderator transitions. The transcript has recognition errors, missing speech around E763–E764, and no reliable internal speaker labels; quotations preserve its wording. Findings concern claim use, not factual verification or debate scoring.",1,0,0,0,1,1,0,0,0,0,0,0,0.9502090459901178,0.0,0.0,0.0,0.9502090459901178,0.0,0.0,0.0,0.0,0.0
151,wood-dillahunty-god-secular-humanism-2020,David Wood vs Matt Dillahunty: God or Secular Humanism?,https://www.youtube.com/watch?v=u2SjOn8arv8,earlier,Morality & moral foundations,True,David Wood,Matt Dillahunty,13116,12358,269,1741,27484,0,"Reviewed all supplied events E0–E4027. Attribution follows conversational context rather than ideology or treating the supplied anchors as uninterrupted turns. Several events contain both speakers; these are marked U. The transcript contains apparent transcription errors and lacks speaker labels or audio, limiting certainty at brief interruptions. Quotations preserve the supplied wording. No edited teaser replay was identifiable.",1,1,2,0,0,1,0,0,0,1,1,0,0.7624275693809088,0.7624275693809088,1.5248551387618177,0.0,0.0,0.0,0.0,0.0,0.8091924259588931,0.8091924259588931
152,knechtle-aron-ra-god-existence-2023,Stuart Knechtle vs Aron Ra: Does God Exist?,https://www.youtube.com/watch?v=9r_XAIksLdI,earlier,General theism & naturalism,True,Stuart Knechtle,Aron Ra,6538,9028,2152,12673,30391,0,"Reviewed E0–E4652, including the extended moderator postscript. Annotation uses only the supplied transcript; no audio or external verification. Automatic transcription errors, missing words, and turns sharing one event limit attribution. U marks inseparably mixed or genuinely ambiguous events; identification anchors were checked against local dialogue rather than treated as binding boundaries. Quoted third-party protections are not attributed as the quoting speaker's own commitments.",2,1,1,2,2,2,5,0,2,1,4,5,3.059039461609055,1.5295197308045274,1.5295197308045274,3.059039461609055,3.059039461609055,5.538325210456358,0.0,2.2153300841825434,1.1076650420912717,4.430660168365087
155,turek-shermer-morality-god-science-2015,Frank Turek vs Michael Shermer: Is Morality Better Explained by God or Science?,https://www.youtube.com/watch?v=HKKofNwvt1k,earlier,Morality & moral foundations,True,Frank Turek,Michael Shermer,8244,7994,1553,3403,21194,0,"Reviewed all supplied events E0–E3039. Attribution follows speech in context, not the identification anchors where they encompass speaker changes. The transcript lacks reliable speaker labels and contains transcription errors and overlapping turns; U marks events that cannot be cleanly assigned. Quoted audiovisual evidence is O; no edited teaser replay was identified. Findings concern these particular uses, not the truth of either worldview.",2,0,0,2,1,2,1,0,1,3,2,1,2.42600679281902,0.0,0.0,2.42600679281902,1.21300339640951,1.2509382036527394,0.0,1.2509382036527394,3.7528146109582186,2.501876407305479
156,harris-prager-religion-morality-public-reason-2014,"Sam Harris vs Dennis Prager: Religion, Morality, and Public Reason",https://www.youtube.com/watch?v=elMi_IzlD40,earlier,Morality & moral foundations,True,Dennis Prager,Sam Harris,2579,2071,936,3841,9427,1,"Reviewed all supplied events E0-E1308. Attribution follows conversational turns rather than ideology; U marks event units containing substantive speech from both speakers. Brief acknowledgments do not change the main speaker. The transcript contains recognition errors, interrupted sentences, and an extensive edited replay; no audio was supplied to resolve wording or overlaps. Quotations preserve the supplied text.",2,0,0,0,0,2,0,0,0,0,0,0,7.754943776657619,0.0,0.0,0.0,0.0,0.0,0.0,0.0,0.0,0.0
157,dillahunty-howitt-christianity-true-2023,Matt Dillahunty vs Lewis Howitt: Is Christianity True?,https://www.youtube.com/watch?v=13PnL6QyMEw,earlier,"Scripture, revelation & doctrine",True,Lewis Howitt,Matt Dillahunty,11572,5894,969,2575,21010,0,"Reviewed all supplied events, E0–E3123, using only the transcript. Apparent transcription errors and frequent speaker changes within individual events limit attribution; U marks those mixed or genuinely uncertain events. Identification anchors were checked against conversational context: several extend across replies, especially E1126–E1234. No edited teaser replay was identifiable. Findings concern claim use, not the truth or quality of either speaker's overall position.",0,0,2,0,0,0,0,0,0,0,0,0,0.0,0.0,1.7283097131005876,0.0,0.0,0.0,0.0,0.0,0.0,0.0
158,dillahunty-mclatchie-resurrection-evidence-2020,Matt Dillahunty vs Jonathan McLatchie: Is There Strong Evidence for the Resurrection?,https://www.youtube.com/watch?v=a-wIaCRIdOA,earlier,Resurrection & historical evidence,True,Jonathan McLatchie,Matt Dillahunty,10827,11109,585,5252,27773,0,"Reviewed all supplied events E0–E4822. Attribution follows conversational turns, including corrections to the supplied anchors where events contain interruptions. U marks events containing inseparable speaker changes or genuinely uncertain attribution. O includes procedural speech by either participant and audience questions read aloud. The transcript contains substantial transcription errors, audio losses, and overlapping turns; quotations preserve its wording. No edited debate teasers were identifiable. Later qualifications, especially E3621–E3717, E3822–E3937, E4001–E4034, and E4674–E4696, inform the annotations.",0,0,0,0,0,0,1,0,0,2,2,1,0.0,0.0,0.0,0.0,0.0,0.9001710324961743,0.0,0.0,1.8003420649923485,1.8003420649923485
160,pinker-douthat-do-we-need-god-2026,Steven Pinker vs Ross Douthat: Do We Need God?,https://www.youtube.com/watch?v=3jWCLONu7DM,earlier,Morality & moral foundations,False,Ross Douthat,Steven Pinker,4037,3367,18,1838,9260,2,"Reviewed all supplied events E0–E1543. Attribution uses the supplied text and conversational context; no audio or external verification was available. Brief unidentified interjections and possible overlapping speech remain U. Findings concern these particular uses, not the truth of either speaker's worldview.",0,0,1,1,1,0,1,0,0,0,0,0,0.0,0.0,2.477086945751796,2.477086945751796,2.477086945751796,2.97000297000297,0.0,0.0,0.0,0.0
161,craig-millican-does-god-exist-2011,William Lane Craig vs Peter Millican: Does God Exist?,https://www.youtube.com/watch?v=9JVRy7bR7zI,earlier,General theism & naturalism,True,William Lane Craig,Peter Millican,8546,9849,271,1537,20203,0,"Reviewed all supplied events E0–E3158. The transcript contains recognition errors, lacks speaker labels, and sometimes combines speakers within one event; those inseparable events are U. Attribution follows conversational context. No edited teaser replays were identified. Findings concern these uses of claims, not their ultimate truth.",2,0,1,1,2,1,0,0,0,0,0,0,2.340276152586005,0.0,1.1701380762930025,1.1701380762930025,2.340276152586005,0.0,0.0,0.0,0.0,0.0
162,craig-kagan-god-morality-2009,William Lane Craig vs Shelly Kagan: Is God Necessary for Morality?,https://www.youtube.com/watch?v=Rm2wShHJ2iA,earlier,Morality & moral foundations,True,William Lane Craig,Shelly Kagan,5046,8021,517,573,14157,0,"Reviewed all supplied events, E0–E2075. Attribution follows conversational context rather than ideological content. The transcript contains transcription errors and events spanning speaker changes; these mixed events are marked U. Audio was not supplied or consulted. No identifiable edited teaser replays occur in the retained transcript.",1,1,1,2,0,1,0,0,0,0,0,0,1.9817677368212445,1.9817677368212445,1.9817677368212445,3.963535473642489,0.0,0.0,0.0,0.0,0.0,0.0
163,craig-draper-existence-of-god-1997,William Lane Craig vs Paul Draper: The Existence of God,https://www.youtube.com/watch?v=lK3jVNbG2-s,earlier,General theism & naturalism,True,William Lane Craig,Paul Draper,6213,6690,149,1550,14602,0,"Reviewed all supplied events, E0–E2174. The transcript contains recognition errors and several speaker changes inside single events; these mixed events are marked U. No audio or slides were supplied, and no edited teaser replays were identifiable. The retained text ends during audience questions.",0,0,2,2,2,0,0,0,0,0,0,0,0.0,0.0,3.2190568163528086,3.2190568163528086,3.2190568163528086,0.0,0.0,0.0,0.0,0.0
164,craig-wielenberg-god-morality-2018,William Lane Craig vs Erik Wielenberg: God and Morality,https://www.youtube.com/watch?v=xHhmuqBW6Dw,earlier,Morality & moral foundations,True,William Lane Craig,Erik Wielenberg,7910,8859,25,2334,19128,0,"Reviewed all supplied events E0–E3172. Attribution follows contextual turn transitions; no audio was supplied. The transcript contains recognition errors, including apparent reversals of 'theism' and 'atheism'. Exact quotations preserve the supplied wording. Mixed transition events are marked U where speakers cannot be separated at event level. No edited teaser replays were identifiable.",0,0,0,0,0,0,0,0,1,0,0,0,0.0,0.0,0.0,0.0,0.0,0.0,0.0,1.1287955751213454,0.0,0.0
165,craig-rosenberg-faith-god-reasonable-2013,William Lane Craig vs Alex Rosenberg: Is Faith in God Reasonable?,https://www.youtube.com/watch?v=bhfkhq-CM84,earlier,General theism & naturalism,True,William Lane Craig,Alex Rosenberg,9272,8635,0,5078,22985,0,"Reviewed all supplied events E0–E1836. Attribution follows explicit speaker labels and turn continuity. Standalone audience reactions and housekeeping are O; reactions embedded in substantive speech remain with that speaker. The transcript contains apparent transcription errors; quotations preserve its wording. No audio or external sources were consulted, and claims about scholarship or earlier debates were not independently verified.",0,0,1,0,0,0,0,0,0,1,0,0,0.0,0.0,1.0785159620362381,0.0,0.0,0.0,0.0,0.0,1.1580775911986103,0.0
166,craig-atkins-does-god-exist-2011,William Lane Craig vs Peter Atkins: Does God Exist?,https://www.youtube.com/watch?v=Ssq-S5M8wsY,earlier,General theism & naturalism,True,William Lane Craig,Peter Atkins,6989,5893,287,1767,14936,0,"Reviewed all supplied events E0–E2363. This annotation uses only the supplied transcript, which contains transcription errors and several events spanning speaker changes. U marks those mixed events or genuinely uncertain short interjections. Exact quotations preserve the transcript's wording. No edited teaser replay was identifiable.",0,0,2,0,0,0,3,1,3,1,3,3,0.0,0.0,2.8616397195593075,0.0,0.0,5.09078567792296,1.696928559307653,5.09078567792296,1.696928559307653,5.09078567792296
167,craig-shook-existence-god-2008,William Lane Craig vs John Shook: The Existence of God,https://www.youtube.com/watch?v=L3FOgiASYY0,earlier,General theism & naturalism,True,William Lane Craig,John Shook,8861,9537,17,2567,20982,0,"Reviewed all supplied events E0–E1885. This is transcript-only annotation; several passages contain transcription errors, abrupt transitions, and overlapping fragments. Attribution follows conversational continuity rather than ideology; genuinely ambiguous fragments are U. No identifiable edited teaser replays occur in the supplied text. Quotations of hypothetical evidence-proof theologians are not attributed as commitments of either primary speaker.",0,0,2,1,1,0,0,0,1,0,0,0,0.0,0.0,2.257081593499605,1.1285407967498025,1.1285407967498025,0.0,0.0,1.0485477613505294,0.0,0.0
168,craig-krauss-evidence-god-2012,William Lane Craig vs Lawrence Krauss: Is There Evidence for God?,https://www.youtube.com/watch?v=TqANWuXQ3Z0,earlier,"Cosmology, science & design",True,William Lane Craig,Lawrence Krauss,8871,11073,277,1843,22064,0,"Reviewed all supplied events E0–E3300. This is a transcript-only annotation; apparent transcription errors are preserved in quotations. Some events contain speaker changes and receive U. No identifiable edited teaser replays occur. Scientific and historical claims were assessed for their argumentative use, without external fact-checking.",0,0,0,0,0,0,2,0,0,1,0,1,0.0,0.0,0.0,0.0,0.0,1.8061952497064933,0.0,0.0,0.9030976248532466,0.0
169,lennox-krauss-universe-god-question-2013,"John Lennox vs Lawrence Krauss: Science, the Universe, and the God Question",https://www.youtube.com/watch?v=yotpTOKLZ00,earlier,"Cosmology, science & design",True,John Lennox,Lawrence Krauss,3293,4136,173,6968,14570,1,"Reviewed E0–E2204. Attribution follows conversational turns rather than the broader identification anchors, several of which contain interruptions. U marks mixed or genuinely ambiguous events. Transcript errors and missing speaker labels limit certainty, especially during cross-talk. Documentary inserts at E246–E274, E526–E535, E826–E876 and E1250–E1301 are external source material, classified O rather than primary-speaker debate speech. No confirmed replay of later debate speech was identified. Post-debate listener correspondence is O.",1,1,1,0,0,0,1,0,1,1,1,1,3.0367446097783177,3.0367446097783177,3.0367446097783177,0.0,0.0,2.4177949709864603,0.0,2.4177949709864603,2.4177949709864603,2.4177949709864603
170,singer-lennox-is-there-god-2011,Peter Singer vs John Lennox: Is There a God?,https://www.youtube.com/watch?v=HoTILnpd3q8,earlier,General theism & naturalism,True,John Lennox,Peter Singer,7471,7164,295,1042,15972,0,"Reviewed all supplied events E0–E2307. The transcript contains recognition errors and merges some speaker changes within single events; those events are marked U where inseparable. Quotations preserve supplied wording. No edited teaser replays were identifiable. Findings concern claim use, not debate scores or the truth of either worldview.",0,0,0,1,0,0,0,0,0,0,0,0,0.0,0.0,0.0,1.3385089010841922,0.0,0.0,0.0,0.0,0.0,0.0
171,hitchens-blair-religion-force-good-2010,Christopher Hitchens vs Tony Blair: Is Religion a Force for Good in the World?,https://www.youtube.com/watch?v=nbEyhU-L3iE,earlier,"Religion, culture & meaning",False,Tony Blair,Christopher Hitchens,6319,7246,30,2642,16237,0,"Reviewed E0–E2796 using only the supplied transcript. Findings concern textual argument uses, not factual verification or debate scoring. Transcription errors and missing speaker labels limit attribution at a few transitions; inseparably mixed events are marked U. No edited teaser replays were identifiable.",0,0,3,4,4,0,2,0,1,1,1,2,0.0,0.0,4.747586643456243,6.330115524608324,6.330115524608324,2.7601435274634283,0.0,1.3800717637317141,1.3800717637317141,1.3800717637317141
172,hitchens-mcgrath-religious-belief-2007,Christopher Hitchens vs Alister McGrath: Poison or Cure? Religious Belief in the Modern World,https://www.youtube.com/watch?v=Xc0kbM4tBYE,earlier,"Religion, culture & meaning",False,Alister McGrath,Christopher Hitchens,6398,8285,314,1992,16989,0,"Reviewed all supplied events. Annotation uses only this transcript; apparent transcription errors are preserved in quotations. Several events combine speaker turns and are labeled U. The abrupt transition at E1327 may reflect omitted material, but no edited replay is identifiable. Context references may extend to later qualifications.",1,1,1,1,1,1,5,2,4,1,1,5,1.5629884338855893,1.5629884338855893,1.5629884338855893,1.5629884338855893,1.5629884338855893,6.035003017501508,2.4140012070006036,4.828002414001207,1.2070006035003018,1.2070006035003018
175,oppy-pearce-is-there-a-god-2022,Graham Oppy vs Kenny Pearce: Is There a God?,https://www.youtube.com/watch?v=SyhMlwsQuqc,earlier,General theism & naturalism,True,Kenny Pearce,Graham Oppy,6964,3538,158,1621,12281,0,"Reviewed all supplied events E0–E2273. The transcript contains transcription errors, unlabelled interjections, and events spanning speaker changes; attribution uses U where these cannot be separated reliably. E1980–E2022 is attributed to O despite the supplied A anchor: the speaker explicitly resumes the moderator's earlier question about apparent randomness at E1754–E1783. No edited teaser replays were identifiable. No episode clearly or genuinely uncertainly met the requested unsupported-slogan or explicit criticism-protection criteria after considering supporting arguments and qualifications.",0,0,0,0,0,0,0,0,0,0,0,0,0.0,0.0,0.0,0.0,0.0,0.0,0.0,0.0,0.0,0.0
176,ehrman-peter-williams-gospels-historically-reliable-2018,Bart Ehrman vs Peter J. Williams: Are the Gospels Historically Reliable?,https://www.youtube.com/watch?v=foLI3KGbMnk,earlier,"Scripture, revelation & doctrine",False,Peter J. Williams,Bart Ehrman,5378,6970,1667,3081,17096,0,"Reviewed all supplied events, E0–E2373. Attribution follows conversational context rather than ideology. The transcript contains recognition errors and several events combining speaker turns; these are marked U where inseparable. No audio was supplied. Introductory biography is excluded. No identifiable edited replay appears in the supplied text.",0,0,0,0,0,0,1,0,0,0,1,1,0.0,0.0,0.0,0.0,0.0,1.4347202295552368,0.0,0.0,0.0,1.4347202295552368
177,ehrman-wallace-trust-text-new-testament-2011,Bart Ehrman vs Daniel B. Wallace: Can We Trust the Text of the New Testament?,https://www.youtube.com/watch?v=WRHjZCKRIu4,earlier,"Scripture, revelation & doctrine",False,Daniel B. Wallace,Bart Ehrman,8710,8254,181,3634,20779,0,"Reviewed all supplied events, E0–E3026. The transcript contains recognition errors, missing visual material, and several events joining different speakers; those mixed events are marked U. Closing audience interviews are O. No edited teaser replay was identifiable. No episode clearly or genuinely uncertainly met the requested unsupported-slogan or explicit-protection criteria: recurrent assertions about knowledge, probability, and moderation accompany substantive arguments and later qualifications.",0,0,0,0,0,0,0,0,0,0,0,0,0.0,0.0,0.0,0.0,0.0,0.0,0.0,0.0,0.0,0.0
178,ehrman-licona-who-wrote-gospels-2025,Bart Ehrman vs Michael Licona: Who Wrote the Gospels?,https://www.youtube.com/watch?v=xTCPigOQabY,earlier,"Scripture, revelation & doctrine",False,Michael Licona,Bart Ehrman,8155,8888,2277,2975,22295,0,Reviewed all supplied events E0–E1285. Attribution follows conversational turns rather than the supplied anchors where those anchors include exchanges. U marks events containing inseparable speaker changes or genuinely ambiguous speech. The transcript has substantial transcription errors and no within-event speaker boundaries; quotations preserve its wording. No identifiable edited teaser replay appears.,0,0,1,0,0,0,0,0,0,2,2,0,0.0,0.0,1.226241569589209,0.0,0.0,0.0,0.0,0.0,2.25022502250225,2.25022502250225
179,craig-ehrman-historical-evidence-resurrection-2006,William Lane Craig vs Bart Ehrman: Is There Historical Evidence for the Resurrection?,https://www.youtube.com/watch?v=MW5_nJYSKyk,earlier,Resurrection & historical evidence,True,William Lane Craig,Bart Ehrman,7778,8576,129,1172,17655,0,"Reviewed all supplied events 0–2709. Attribution follows speech context, including mixed-speaker boundary events. The transcript contains transcription errors, music markers, and incomplete audience questions; no audio or external sources were consulted. No identifiable edited teaser replays were found.",0,0,0,0,0,0,2,2,5,1,1,2,0.0,0.0,0.0,0.0,0.0,2.332089552238806,2.332089552238806,5.830223880597015,1.166044776119403,1.166044776119403
181,habermas-flew-did-jesus-rise-dead-2000,Gary Habermas vs Antony Flew: Did Jesus Rise from the Dead?,https://www.youtube.com/watch?v=Ksa8uGe21rw,earlier,Resurrection & historical evidence,True,Gary Habermas,Antony Flew,8737,2086,1109,3979,15911,1,"Reviewed all supplied events 0–2219. Attribution follows conversational context rather than ideology or anchors alone. U marks event-level speaker mixtures that cannot receive one exclusive speaker label. The transcript contains transcription errors and several turns without explicit speaker labels; no audio was supplied for verification. The announced audience questions are absent. The giraffe illustration at 1760–1775 appears to be the moderator's intervention, despite the supplied broad A anchor.",1,0,0,0,0,1,0,0,0,0,0,0,1.1445576284765937,0.0,0.0,0.0,0.0,0.0,0.0,0.0,0.0,0.0
191,ruse-rana-origin-life-evolution-design-2013,Michael Ruse vs Fuz Rana: Evolution or Design at Life's Origin?,https://www.youtube.com/watch?v=2CnZ3n8I5b8,earlier,"Cosmology, science & design",True,Fuz Rana,Michael Ruse,8440,9151,13,4760,22364,0,"Reviewed all supplied events E0–E3046. Attribution follows conversational turns, with housekeeping and audience reactions excluded. Several events contain inseparable brief speaker overlaps. The transcript contains apparent transcription errors; quotations retain its wording. No edited teaser replays were identifiable. Scientific and biblical claims were assessed for their argumentative use, not independently verified.",0,0,0,2,2,0,0,0,2,1,1,0,0.0,0.0,0.0,2.3696682464454977,2.3696682464454977,0.0,0.0,2.1855534914217025,1.0927767457108513,1.0927767457108513
194,swinburne-millican-does-god-exist-2022,Richard Swinburne vs Peter Millican: Does God Exist?,https://www.youtube.com/watch?v=FcNR4vJdcE4,earlier,General theism & naturalism,True,Richard Swinburne,Peter Millican,5034,3554,0,949,9537,0,"Reviewed all supplied events E0–E1625. Attribution follows speaking turns and substantive content, with housekeeping and unrelated biography excluded. The transcript contains transcription errors, mixed timing exchanges, and a truncated final argument; audio and referenced handouts were not supplied. Quotations preserve the supplied wording. No edited teaser replay was identifiable.",0,0,1,0,0,0,0,0,0,0,0,0,0.0,0.0,1.986491855383393,0.0,0.0,0.0,0.0,0.0,0.0,0.0
195,russell-copleston-existence-of-god-1948,Bertrand Russell vs Frederick Copleston: Does God Exist?,https://www.youtube.com/watch?v=wMsbD1L5IlQ,earlier,General theism & naturalism,True,Frederick Copleston,Bertrand Russell,5282,3553,262,0,9097,0,"Reviewed all supplied events, E0–E1419. The transcript contains substantial transcription errors and events crossing speaker changes; these mixed events are marked U. Attribution follows conversational turns rather than treating identification anchors as uninterrupted speaker blocks. No edited teaser was identifiable. No confirmed unsupported slogan was found; one genuinely uncertain case of protection is recorded.",0,0,0,0,0,0,0,0,0,0,0,0,0.0,0.0,0.0,0.0,0.0,0.0,0.0,0.0,0.0,0.0
196,huemer-rasmussen-god-existence-2026,Michael Huemer vs Joshua Rasmussen: Does God Exist?,https://www.youtube.com/watch?v=0-8n2SGFSL8,later,General theism & naturalism,True,Josh Rasmussen,Michael Huemer,8241,8718,77,1284,18320,0,"Reviewed all supplied events, E0–E2731, using only the transcript. No edited replays were identifiable. Speaker changes sometimes occur within an event; those events are marked U. Attribution follows conversational context where an anchor spans a change, notably E2220–E2235. Transcription errors and the absence of audio limit certainty at brief overlaps.",1,1,1,0,0,1,0,0,0,0,0,0,1.2134449702705983,1.2134449702705983,1.2134449702705983,0.0,0.0,0.0,0.0,0.0,0.0,0.0
197,mcgilchrist-seth-consciousness-god-2026,Iain McGilchrist vs Anil Seth: Does Consciousness Point to God?,https://www.youtube.com/watch?v=hdhTpkGggK0,later,"Mind, reason & logic",True,Iain McGilchrist,Anil Seth,6929,7888,474,5133,20424,1,"Reviewed all supplied events E0–E3329. Attribution follows conversational context, not ideological content. U marks events containing inseparable speaker changes or unresolved attribution; brief interjections within events also receive U. Relevant autobiographical accounts of spiritual experience remain substantive speech; unrelated career history and closing courtesies are O. The transcript contains recognition errors and lacks reliable speaker labels; no audio or external evidence was consulted. Findings concern textual uses, not the truth of the underlying theories.",0,0,1,1,1,0,0,0,0,1,0,0,0.0,0.0,1.4432096983691731,1.4432096983691731,1.4432096983691731,0.0,0.0,0.0,1.2677484787018256,0.0
198,ferrer-dillahunty-god-morality-2018,John Ferrer vs Matt Dillahunty: Do We Need God for Morality?,https://www.youtube.com/watch?v=EigYzeXngq4,later,Morality & moral foundations,True,John Ferrer,Matt Dillahunty,7897,9224,577,3190,20888,0,"Reviewed all supplied events, E0–E3007. This is annotation of the supplied transcript, without audio verification. Automatic transcription errors and events containing speaker changes limit exact attribution; U marks inseparably mixed or genuinely unclear events. Quoted third-party speech is not treated as the quoting speaker's own proof. No identifiable edited teaser replays occur.",0,0,2,1,1,0,0,0,1,0,0,0,0.0,0.0,2.5326073192351526,1.2663036596175763,1.2663036596175763,0.0,0.0,1.0841283607979184,0.0,0.0
200,craig-stenger-god-existence-2010,William Lane Craig vs Victor Stenger: Does God Exist?,https://www.youtube.com/watch?v=EjOs62PJciI,later,General theism & naturalism,True,William Lane Craig,Victor Stenger,8459,7894,220,2652,19225,2,"Reviewed all supplied events. The transcript contains recognition errors, missing question material, and events spanning speaker changes; these mixed events are marked U. Two apparent internal editorial replays are excluded below; neither is an opening teaser. Their precise boundaries cannot be verified without audio. No confirmed unsupported slogan was identified. The candidates concern genuinely uncertain protection against criticism, not debate scores or the truth of the underlying positions.",0,0,0,0,0,0,0,0,0,0,0,0,0.0,0.0,0.0,0.0,0.0,0.0,0.0,0.0,0.0,0.0
202,dawkins-lennox-god-delusion-2007,Is Belief in God a Delusion? Richard Dawkins vs. John Lennox,https://www.youtube.com/watch?v=zF5bPI92-5o,later,General theism & naturalism,True,John Lennox,Richard Dawkins,6220,6052,86,2912,15270,0,"Reviewed all supplied events, E0–E2366. Attribution follows conversational turns, including substantive arguments within autobiographical openings. The transcript lacks speaker labels and contains transcription errors, clipped speech, and several mixed events; these limit certainty at brief exchanges. No edited replay of later substantive speech can be positively identified. Opening fragments and closing incidental conversation are excluded where appropriate.",0,0,0,0,0,0,1,0,0,1,1,1,0.0,0.0,0.0,0.0,0.0,1.6523463317911433,0.0,0.0,1.6523463317911433,1.6523463317911433
203,craig-flew-god-existence-1998,Does God Exist? William Lane Craig vs. Antony Flew,https://www.youtube.com/watch?v=NixhL0CoH2s,later,General theism & naturalism,True,William Lane Craig,Antony Flew,6993,5361,34,321,12709,0,"Reviewed all supplied events E0–E1898. The transcript contains transcription errors and several events crossing speaker boundaries; these are retained without correction. Attribution uses turn context, with U for inseparably mixed transitions. No edited teaser replays were identifiable. Findings concern claim use, not the truth of the speakers' conclusions.",1,0,0,0,1,1,0,0,0,0,0,0,1.43000143000143,0.0,0.0,0.0,1.43000143000143,0.0,0.0,0.0,0.0,0.0
204,singer-dsouza-morality-without-god-2008,Can There Be Morality Without God? Dinesh D'Souza vs. Peter Singer,https://www.youtube.com/watch?v=jcwWliq8PDI,later,Morality & moral foundations,True,Dinesh D'Souza,Peter Singer,8859,6872,268,1925,17924,0,"Reviewed all supplied events, E0–E2605. This is transcript-only annotation; apparent transcription errors are preserved in quotations. Some events contain speaker changes that cannot be separated at event resolution and are labeled U. Introductions, thanks, procedural banter, and audience sounds are O. No edited teaser replay was identifiable.",1,0,4,1,1,1,0,0,0,0,0,0,1.1287955751213454,0.0,4.515182300485382,1.1287955751213454,1.1287955751213454,0.0,0.0,0.0,0.0,0.0
205,horn-watkins-god-existence-2021,Does God Exist? Trent Horn vs. Ben Watkins,https://www.youtube.com/watch?v=GTPwaU3JAU8,later,General theism & naturalism,True,Trent Horn,Ben Watkins,10725,8475,421,3901,23522,0,"Reviewed all supplied events E0–E3805. Attribution follows conversational turns, not ideological content. Some events contain speaker changes within one caption and are marked U. The supplied text contains transcription errors and lacks reliable speaker labels; no audio or external sources were consulted. No edited teaser replays were identifiable.",0,0,3,0,0,0,0,0,0,1,0,0,0.0,0.0,2.797202797202797,0.0,0.0,0.0,0.0,0.0,1.1799410029498525,0.0
206,williams-dawkins-god-science-reality-2026,"God, Science and the Poetry of Reality: Rowan Williams vs. Richard Dawkins",https://www.youtube.com/watch?v=udxloyjbtIE,later,"Cosmology, science & design",True,Rowan Williams,Richard Dawkins,5735,4468,584,4802,15589,1,"Reviewed all supplied events E0–E2791. Attribution follows conversational context rather than the approximate identification anchors. Several events contain speaker changes within one caption and are marked U. Missing punctuation, apparent transcription errors, and unidentified brief interjections limit precision; no audio was supplied. The candidates below are uncertain cases, not confirmed unsupported or criticism-resistant slogans.",0,0,0,1,1,0,0,0,0,1,0,0,0.0,0.0,0.0,1.7436791630340018,1.7436791630340018,0.0,0.0,0.0,2.2381378692927485,0.0
207,peterson-dawkins-memes-archetypes-truth-2024,"Memes, Archetypes, and Religious Truth: Jordan Peterson vs. Richard Dawkins",https://www.youtube.com/watch?v=8wBtFNj_o5k,later,"Religion, culture & meaning",False,Jordan Peterson,Richard Dawkins,9094,2705,1343,2750,15892,1,"Reviewed all supplied events E0–E2348. Attribution follows conversational context rather than viewpoint. The transcript lacks speaker labels, contains recognition errors, and frequently combines speakers within one event; those mixed events are U. Advertisements and editorial material are O. The interruption around E703 leaves missing context. The advertised continuation is not supplied. Quotations preserve the supplied wording.",2,0,0,0,1,2,0,0,0,0,0,0,2.1992522542335604,0.0,0.0,0.0,1.0996261271167802,0.0,0.0,0.0,0.0,0.0
209,oconnor-ruegger-divine-hiddenness-loving-god-2022,Divine Hiddenness and a Loving God: Alex O'Connor vs. Lukas Ruegger,https://www.youtube.com/watch?v=1Vc1AiY_0Ts,later,"Evil, suffering & hiddenness",True,Lukas Ruegger,Alex O'Connor,4506,8467,406,4805,18184,1,"Reviewed all supplied events E0–E2745. Attribution follows conversational turns rather than ideology; U marks events containing inseparable speaker transitions or uncertain interjections. The transcript lacks speaker labels and contains apparent transcription errors. O includes Max Baker-Hytch's substantive postscript contributions because he is neither primary speaker. Candidates below are uncertain episodes, not confirmed unsupported slogans.",0,0,0,0,0,0,0,0,0,1,1,0,0.0,0.0,0.0,0.0,0.0,0.0,0.0,0.0,1.1810558639423645,1.1810558639423645
210,paterson-schmid-divine-hiddenness-relationship-2026,Divine Hiddenness and Religious Evidence: Joe Schmid vs. Dan Paterson,https://www.youtube.com/watch?v=Ed8Gb7zaLIM,later,"Evil, suffering & hiddenness",True,Dan Paterson,Joseph Schmid,6666,5528,26,1507,13727,2,"Reviewed all supplied events E0–E2186. Attribution uses conversational turns; isolated acknowledgments and laughter sometimes remain uncertain without audio. The transcript contains apparent transcription errors and promotional inserts. Referenced videos, empirical claims, and biblical interpretations were not independently verified. No confirmed unsupported slogan was identified; the candidates concern genuinely uncertain protective uses.",0,0,0,1,1,0,0,0,0,0,0,0,0.0,0.0,0.0,1.5001500150015001,1.5001500150015001,0.0,0.0,0.0,0.0,0.0
211,baggini-baker-hytch-divine-hiddenness-2025,Divine Hiddenness and Evidential Ambiguity: Julian Baggini vs. Max Baker-Hytch,https://www.youtube.com/watch?v=djyjKuN9o98,later,"Evil, suffering & hiddenness",True,Max Baker-Hytch,Julian Baggini,4659,4683,243,1796,11381,1,"Reviewed all supplied events, E0–E1577. Attribution uses conversational context; several events contain turn changes and receive U. The unlabelled transcript contains recognition errors and provides no audio for resolving interruptions. E780–E783 appears to be A asking B a follow-up, despite the supplied B anchor. The promotional montage is excluded; it is not demonstrably a replay of this debate.",0,0,0,0,0,0,0,0,0,0,0,0,0.0,0.0,0.0,0.0,0.0,0.0,0.0,0.0,0.0,0.0
212,craig-carrier-resurrection-2009,Resurrection Evidence and Naturalistic Alternatives: William Lane Craig vs. Richard Carrier,https://www.youtube.com/watch?v=akd6qzFYzX8,later,Resurrection & historical evidence,True,William Lane Craig,Richard Carrier,7083,8993,15,946,17037,0,"Reviewed all supplied events E0–E2577. Attribution follows speaking turns and local context, including words displaced across applause markers. The transcript contains apparent recognition errors and two mixed transition events; no audio verification was performed. The announced audience question period is not supplied. Quoted allegations about another speaker's beliefs are not treated as that speaker's own statements.",1,1,2,0,0,1,0,0,0,0,0,0,1.4118311449950587,1.4118311449950587,2.8236622899901174,0.0,0.0,0.0,0.0,0.0,0.0,0.0
214,pageau-woodford-metaphorical-truth-2020,Metaphorical Truth and Religious Patterns: Jonathan Pageau vs. Stephen Woodford,https://www.youtube.com/watch?v=CsqVRauiAn4,later,"Religion, culture & meaning",False,Jonathan Pageau,Stephen Woodford,7241,6585,355,830,15011,0,"Reviewed all supplied events E0–E2264. Attribution uses conversational continuity and the supplied anchors; events containing inseparable speaker changes are U. The transcript has apparent recognition errors, missing words, and a reported connection interruption around E1544–E1546. Exact quotations preserve its wording. No edited teaser replay was identifiable. Findings concern these particular uses, not the truth of either speaker's overall position.",1,0,2,1,2,0,0,0,0,1,0,0,1.3810247203424941,0.0,2.7620494406849883,1.3810247203424941,2.7620494406849883,0.0,0.0,0.0,1.5186028853454823,0.0
215,horn-oconnor-christian-belief-2022,Why Be a Christian? Trent Horn vs. Alex O'Connor,https://www.youtube.com/watch?v=dFYrfKHSV2k,later,"Scripture, revelation & doctrine",True,Trent Horn,Alex O'Connor,8578,11992,501,2672,23743,0,"Reviewed all supplied events E0–E3796. Attribution follows conversational context, not ideology. The transcript lacks speaker labels and contains transcription errors and combined turns; inseparably mixed events are U. Music markers interrupting otherwise continuous arguments are O. No edited teaser replays were identifiable. Candidates below are uncertain episodes, not confirmed unsupported slogans; later qualifications materially limit the possible protective readings.",0,0,0,2,2,0,0,0,0,0,0,0,0.0,0.0,0.0,2.331545814875262,2.331545814875262,0.0,0.0,0.0,0.0,0.0
216,harris-wolpe-religion-science-2007,"Religion, Science, and Meaning: Sam Harris vs. David Wolpe",https://www.youtube.com/watch?v=OSBaAT6WPmk,later,"Religion, culture & meaning",False,Rabbi David Wolpe,Sam Harris,6939,7480,1463,1948,17830,0,"Reviewed all supplied events E0–E2534. The transcript contains transcription errors and frequent speaker changes within events; U marks inseparably mixed or genuinely uncertain events. Attribution follows conversational context, not ideological content. No edited teaser replay is identifiable. Findings concern these uses of claims, not their truth or debate merit.",0,0,1,0,0,0,0,0,0,0,0,0,0.0,0.0,1.4411298457991064,0.0,0.0,0.0,0.0,0.0,0.0,0.0
217,douthat-oconnor-religious-belief-obligation-2026,Religious Belief as an Obligation: Ross Douthat vs. Alex O'Connor,https://www.youtube.com/watch?v=Zp4xlI6-dlY,later,"Religion, culture & meaning",False,Ross Douthat,Alex O'Connor,11944,7445,36,413,19838,0,"Reviewed all supplied events E0–E3275. Attribution follows conversational turns, including identifiable brief responses; O includes greetings, advertising, and closing promotion. The transcript contains occasional missing turn markers, mixed fragments, and apparent transcription errors. No audio or external sources were consulted. No edited teaser replay was identifiable.",1,1,4,2,2,1,0,0,0,0,0,0,0.8372404554588078,0.8372404554588078,3.348961821835231,1.6744809109176155,1.6744809109176155,0.0,0.0,0.0,0.0,0.0
218,mcgrath-oconnor-new-atheism-failure-2023,Has New Atheism Failed? Alister McGrath vs. Alex O'Connor,https://www.youtube.com/watch?v=MNZaLudTSgg,later,"Religion, culture & meaning",False,Alister McGrath,Alex O'Connor,4854,6242,226,5554,16876,3,"Reviewed all supplied events E0–E2576. Attribution follows conversational context, including where anchors span speaker changes. U marks events containing inseparable speaker transitions. The transcript contains omissions and apparent transcription errors; quotations preserve its wording. No audio or external sources were consulted. Reported opponents' slogans and conversion narratives are not treated automatically as the speakers' own proofs.",0,0,0,0,0,0,0,0,0,1,0,0,0.0,0.0,0.0,0.0,0.0,0.0,0.0,0.0,1.6020506247997437,0.0
219,shermer-mcgrath-god-imagination-2017,Is God a Figment of Our Imagination? Michael Shermer vs. Alister McGrath,https://www.youtube.com/watch?v=eScykHWO4LY,later,General theism & naturalism,True,Alister McGrath,Michael Shermer,7676,10773,413,1406,20268,0,"Reviewed all supplied events E0–E2980. Annotation uses only the retained transcript, which contains transcription errors, unmarked interruptions, and some events combining speakers. U marks those inseparable transitions; quotations preserve the supplied wording. No edited teaser replays were identifiable.",0,0,0,0,0,0,1,0,0,1,0,1,0.0,0.0,0.0,0.0,0.0,0.92824654228163,0.0,0.0,0.92824654228163,0.0
220,hirsi-ali-oconnor-christian-conversion-2024,Does Christian Conversion Establish Truth? Ayaan Hirsi Ali vs. Alex O'Connor,https://www.youtube.com/watch?v=rEXymLAqqIs,later,"Scripture, revelation & doctrine",True,Ayaan Hirsi Ali,Alex O'Connor,6549,2346,300,632,9827,0,"Reviewed all supplied events E0–E1430. Attribution follows conversational turns, not ideology. U marks event-sized speaker transitions that cannot be separated within the supplied units; brief backchannels do not displace an otherwise identifiable substantive speaker. The transcript contains apparent transcription errors and supplies no audio for resolving them. Quotations preserve its wording. Findings concern rhetorical use, not the truth of religious or political positions.",0,0,0,4,2,0,0,0,0,0,0,0,0.0,0.0,0.0,6.107802717972209,3.0539013589861046,0.0,0.0,0.0,0.0,0.0
222,lennox-shermer-god-existence-2008,Does God Exist? John Lennox vs. Michael Shermer,https://www.youtube.com/watch?v=y_OPWiXbSDA,later,General theism & naturalism,True,John Lennox,Michael Shermer,7221,5930,486,1236,14873,0,"Reviewed all supplied events E0–E2213. The transcript contains substantial transcription errors, unmarked speaker changes, and events combining speakers; quotations preserve its wording. U marks unresolved or inseparably mixed events. No identifiable edited teaser replay appears in the supplied text. Attribution concerns the retained transcript only.",2,0,0,2,0,2,0,0,1,2,1,0,2.7696994876055947,0.0,0.0,2.7696994876055947,0.0,0.0,0.0,1.6863406408094435,3.372681281618887,1.6863406408094435
223,collins-dawkins-science-belief-god-2022,Science and Belief in God: Francis Collins vs. Richard Dawkins,https://www.youtube.com/watch?v=SQ3EU58AzFs,later,"Cosmology, science & design",True,Francis Collins,Richard Dawkins,4718,4867,596,4695,14876,3,"Reviewed all supplied events E0–E2447. Attribution uses the transcript's turn structure and identification anchors, not ideology. U marks event-level mixtures or genuinely uncertain turns; O includes relevant moderator questions as well as excluded material. The unlabelled transcript contains transcription errors and several mid-event speaker changes. No audio or external sources were consulted. Findings concern rhetorical use, not factual verification or debate scoring.",1,0,0,1,1,1,1,0,0,2,1,1,2.11954217888936,0.0,0.0,2.11954217888936,2.11954217888936,2.054653790836244,0.0,0.0,4.109307581672488,2.054653790836244
227,oldfield-marriott-meaning-without-god-2026,Is God the Answer to Our Meaning Crisis? Elizabeth Oldfield vs. James Marriott,https://www.youtube.com/watch?v=z1cYq2X67PY,later,"Religion, culture & meaning",False,Elizabeth Oldfield,James Marriott,6349,7087,594,5175,19205,1,"Reviewed E0–E3157. Attribution follows conversational context rather than viewpoint. The transcript lacks reliable speaker labels and sometimes combines speakers within an event; these events are marked U where separation is impossible. O includes unrelated biography, housekeeping, advertisements, and editorial replay. Quotations preserve transcription errors. Findings concern particular uses, not the truth of either worldview.",0,0,0,2,1,0,0,0,0,1,0,0,0.0,0.0,0.0,3.1501023783272957,1.5750511891636478,0.0,0.0,0.0,1.4110342881332016,0.0
228,ehrman-evans-new-testament-misquote-jesus-2010,Does the New Testament Misquote Jesus? Bart Ehrman vs. Craig Evans,https://www.youtube.com/watch?v=L7gmgdk9qG8,later,"Scripture, revelation & doctrine",False,Craig Evans,Bart Ehrman,5928,6529,156,956,13569,0,"Reviewed all supplied events E0–E2061. The transcript contains transcription errors and apparent rearrangements: E915 splices Evans's eyewitness answer into Ehrman's textual-variant discussion; E1377 resumes Evans's interrupted answer; E1847 resumes Ehrman's closing discussion. These are not demonstrable teaser replays. Attribution follows the supplied order. U marks events containing speech from both a primary speaker and another speaker, or an apparent splice between primary speakers. No unsupported slogan was confirmed.",0,0,0,0,0,0,0,0,1,0,0,0,0.0,0.0,0.0,0.0,0.0,0.0,0.0,1.531628120692296,0.0,0.0
232,goff-oppy-finite-theism-naturalism-2026,Philip Goff vs Graham Oppy: Is Finite Theism Preferable to Naturalism?,https://www.youtube.com/watch?v=u9ZuXmpod0Q,later,General theism & naturalism,True,Philip Goff,Graham Oppy,9660,4753,51,4101,18565,0,"Reviewed all supplied events E0–E2810. Attribution uses conversational context, not ideological inference. The transcript contains transcription errors, ambiguous acknowledgments, and several events crossing speaker boundaries; these limit exact attribution without audio. Displayed equations are not reproduced. No confirmed or genuinely unresolved unsupported-slogan or criticism-protection episode remained after considering supporting arguments and later qualifications. Reported third-party statements are not treated as the primary speakers' endorsements.",0,0,0,0,0,0,0,0,0,0,0,0,0.0,0.0,0.0,0.0,0.0,0.0,0.0,0.0,0.0,0.0
233,dawkins-mcgrath-christianity-reason-evidence-2006,Richard Dawkins vs Alister McGrath: Is Christianity Rational?,https://www.youtube.com/watch?v=bLdsRfkkTf4,later,General theism & naturalism,True,Alister McGrath,Richard Dawkins,6570,5625,70,370,12635,0,"Reviewed all supplied events E0–E1998. Attribution follows conversational turns, with U for events containing inseparable speaker changes. The transcript includes production interruptions and restarted answers; these are not demonstrably edited teaser replays. Text alone cannot resolve every brief interjection or verify historical and scientific assertions.",0,0,2,3,1,0,0,0,0,0,0,0,0.0,0.0,3.0441400304414,4.566210045662101,1.5220700152207,0.0,0.0,0.0,0.0,0.0
237,licona-ehrman-historians-prove-resurrection-2008,Michael Licona vs Bart Ehrman: Can Historians Prove the Resurrection?,https://www.youtube.com/watch?v=MP05c_EvgZ0,later,Resurrection & historical evidence,True,Michael Licona,Bart Ehrman,8219,8804,262,2433,19718,0,"Reviewed all supplied events E0–E1199. The transcript contains apparent transcription errors and several events combining speaker turns; these limit precise attribution. No identifiable edited replay spans were found. Quotations preserve supplied wording. Findings concern claim use, not the truth of either speaker's conclusions.",0,0,0,0,0,0,0,0,4,0,0,0,0.0,0.0,0.0,0.0,0.0,0.0,0.0,4.543389368468878,0.0,0.0
238,knechtle-dillahunty-christianity-rational-2023,Stuart Knechtle vs Matt Dillahunty: Is Christianity Rational?,https://www.youtube.com/watch?v=d0S_Ul-kRwQ,later,General theism & naturalism,True,Stuart Knechtle,Matt Dillahunty,8290,11436,695,6110,26531,0,"Reviewed all supplied events E0–E4022, using only the transcript. Apparent transcription errors, missing words, and turns sharing an event limit attribution and interpretation; inseparably mixed events are U. O includes audience questions read aloud and non-substantive banter, regardless of who voices them. The source reports technical interruptions and a truncated Q&A at E3686–E3696; completeness here concerns the supplied text, not the original recording. No edited teaser replay was identifiable.",2,0,4,2,3,1,1,0,0,2,2,1,2.4125452352231602,0.0,4.8250904704463204,2.4125452352231602,3.6188178528347406,0.8744316194473593,0.0,0.0,1.7488632388947185,1.7488632388947185
239,harris-peterson-religious-narrative-morality-2018,Jordan Peterson vs Sam Harris: Can Religious Narratives Ground Morality and Meaning?,https://www.youtube.com/watch?v=GEf6X-FueMo,later,"Religion, culture & meaning",False,Jordan Peterson,Sam Harris,6982,10669,1916,3828,23395,0,"Reviewed all supplied events E0–E3344. This is an unlabelled, error-prone transcript; several events contain overlapping turns or speaker changes. U marks those boundaries where a single attribution would be misleading. Brief acknowledgments remain with an otherwise identifiable substantive turn. No edited teaser replay was identifiable. Opening summaries describe the previous discussion but are live substantive speech.",1,0,0,0,0,0,0,0,0,0,0,0,1.4322543683758235,0.0,0.0,0.0,0.0,0.0,0.0,0.0,0.0,0.0
241,ward-law-god-existence-2015,Keith Ward vs Stephen Law: Does God Exist?,https://www.youtube.com/watch?v=ll_6JtbQtHU,later,General theism & naturalism,True,Keith Ward,Stephen Law,4089,3941,153,1797,9980,0,"Reviewed all supplied events, E0–E1445. Attribution follows turn context and identification anchors, not ideology. The transcript contains substantial transcription errors, missing words, and several within-event speaker transitions; these limit certainty about some brief exchanges. No edited teaser replay was identifiable from the supplied text.",0,0,0,2,2,0,0,0,0,0,0,0,0.0,0.0,0.0,4.8911714355588165,4.8911714355588165,0.0,0.0,0.0,0.0,0.0
243,aron-ra-slick-christianity-2014,Matt Slick vs Aron Ra: Is Christianity True?,https://www.youtube.com/watch?v=1MwqFMO0Lqw,later,General theism & naturalism,True,Matt Slick,Aron Ra,6413,8501,938,2174,18026,0,"Reviewed E0–E2019. Attribution follows conversational context rather than the supplied anchors, several of which include both speakers. U marks mixed or materially ambiguous events, especially where transcription deteriorates. E1174–E1196 appear to be a duplicated transcript loop; the text alone cannot establish an editorial replay, so they are not counted as renewed episodes. Post-departure discussion is retained: identifiable substantive speech by Slick is B, other participants are O.",4,3,6,0,0,1,1,0,0,3,2,1,6.237330422579136,4.677997816934352,9.355995633868703,0.0,0.0,1.1763321962122104,0.0,0.0,3.528996588636631,2.352664392424421
244,jones-schmid-contingency-god-2022,Michael Jones vs Joseph Schmid: Does the Contingency Argument Support God?,https://www.youtube.com/watch?v=mSxDzyox0CA,later,"Cosmology, science & design",True,Michael Jones,Joseph Schmid,7020,8763,161,4589,20533,0,"Reviewed all supplied events E0–E3027. The transcript contains recognition errors, missing speaker labels, and several events spanning speaker changes; these mixed events are marked U where substantive speech is involved. Attribution follows conversational context rather than treating identification anchors as uninterrupted turns. No confirmed or genuinely uncertain qualifying slogan or criticism-protection episode was identified. Disputed premises, tentative analogies, and explanatory gaps were not treated as slogans. No identifiable edited teaser replays occur in the supplied text.",0,0,0,0,0,0,0,0,0,0,0,0,0.0,0.0,0.0,0.0,0.0,0.0,0.0,0.0,0.0,0.0
245,goff-folley-consciousness-mysticism-fine-tuning-2026,"Philip Goff vs Joe Folley: Consciousness, Mystical Experience, and Fine-Tuning",https://www.youtube.com/watch?v=DB2BuBqAMIs,later,"Mind, reason & logic",True,Philip Goff,Joe Folley,14540,9053,89,480,24162,0,"Reviewed all supplied events E0–E3591. The transcript contains transcription errors, uncertain turn markers, and several events spanning speaker changes; no audio was supplied for resolving these. No confirmed or genuinely uncertain qualifying slogan or protective episode was identified after considering supporting arguments and later qualifications. E3325–E3330 is an editorial update, not a replay.",0,0,0,0,0,0,0,0,0,0,0,0,0.0,0.0,0.0,0.0,0.0,0.0,0.0,0.0,0.0,0.0
246,pine-schmid-divine-simplicity-2021,Gregory Pine vs Joseph Schmid: Is Divine Simplicity True?,https://www.youtube.com/watch?v=uhke5_tk6N0,later,"Scripture, revelation & doctrine",False,Gregory Pine,Joseph Schmid,11303,9953,8,3762,25026,0,"Reviewed all supplied events E0–E3651. Attribution follows conversational context rather than presumed ideology; E2539 finishes A's question, despite the supplied B anchor. The transcript contains recognition errors and occasional ambiguous interjections, and no audio was supplied for verification. No identifiable edited teaser replay appears.",0,0,0,1,1,0,0,0,0,0,0,0,0.0,0.0,0.0,0.8847208705653367,0.8847208705653367,0.0,0.0,0.0,0.0,0.0
247,folley-scrivener-good-without-god-2025,Joe Folley vs Glen Scrivener: Goodness Without God,https://www.youtube.com/watch?v=4Foy83uTsBQ,later,Morality & moral foundations,True,Glen Scrivener,Joe Folley,4814,5637,216,1180,11847,0,"Reviewed all supplied events E0–E1687. Attribution follows conversational continuity and the supplied anchors, not ideological content. The transcript contains substantial recognition errors, no explicit speaker labels, and several events crossing speaker changes; these are marked U where inseparable. Quotations preserve the supplied text. No identifiable edited replay was found: the opening presentation continues into the debate rather than repeating later speech.",0,0,0,1,0,0,0,0,0,0,0,0,0.0,0.0,0.0,2.077274615704196,0.0,0.0,0.0,0.0,0.0,0.0
248,tomaszewski-schmid-classical-theism-monotheism-2020,Christopher Tomaszewski vs Joe Schmid: Classical Theism and Monotheism,https://www.youtube.com/watch?v=_6kdwlkceRA,later,"Scripture, revelation & doctrine",False,Christopher Tomaszewski,Joseph Schmid,8885,9575,5,1313,19778,0,"Reviewed all supplied events E0–E3160. Attribution follows conversational context as well as the supplied anchors. The transcript contains transcription errors, incomplete phrases, and a few uncertain brief interjections; no audio was supplied for verification. Referenced blog posts, videos, and historical texts were not supplied. No confirmed or genuinely uncertain unsupported-slogan or explicit criticism-protection episodes were identified. Disputed definitions, metaphysical premises, and appeals to orthodox doctrine occur within arguments that supply reasons and qualifications.",0,0,0,0,0,0,0,0,0,0,0,0,0.0,0.0,0.0,0.0,0.0,0.0,0.0,0.0,0.0,0.0
250,anderson-jump-logic-belief-god-2020,James Anderson vs Tom Jump: Logic and Belief in God,https://www.youtube.com/watch?v=q6-57NNo5fA,later,"Mind, reason & logic",True,James Anderson,Tom Jump,9639,4243,1399,353,15634,0,"Reviewed all supplied events E0–E2265. This appears to be an automatically transcribed conversation, with transcription errors and frequent speaker changes inside individual events. U marks those inseparably mixed events; attribution follows conversational context rather than ideology. No edited teaser replays were identifiable. No confirmed or genuinely uncertain qualifying slogan or protection episodes were identified: the repeated formulations occur within developed, disputed arguments and subsequent qualifications.",0,0,0,0,0,0,0,0,0,0,0,0,0.0,0.0,0.0,0.0,0.0,0.0,0.0,0.0,0.0,0.0
251,oconnor-baker-hytch-evil-god-challenge-2021,Alex O'Connor vs Max Baker-Hytch: Could God Be Evil?,https://www.youtube.com/watch?v=T1EwbFlV2XU,later,"Evil, suffering & hiddenness",True,Max Baker-Hytch,Alex O'Connor,6154,8635,174,1841,16804,0,"Reviewed all supplied events E0–E2757. Attribution uses the transcript and conversational context; no audio was consulted. Several events combine a speaker change or overlapping acknowledgments and are marked U. Transcription errors and missing words limit precision. No confirmed unsupported slogans or sufficiently established criticism-protection episodes were identified. Definitions, hypothetical reversals, and disputed philosophical premises were assessed in their wider arguments.",0,0,0,0,0,0,0,0,0,0,0,0,0.0,0.0,0.0,0.0,0.0,0.0,0.0,0.0,0.0,0.0
252,jones-oconnor-evil-suffering-2020,Michael Jones vs Alex O'Connor: Would a loving God allow the evil and suffering found in our world?,https://www.youtube.com/watch?v=hNF9bTESZwE,later,"Evil, suffering & hiddenness",True,Michael Jones,Alex O'Connor,9925,12690,251,4358,27224,0,"Reviewed all supplied events, E0–E3865. The transcript contains substantial transcription errors and several within-event speaker changes; inseparably mixed substantive turns are marked U. Attribution follows conversational context, not ideology. No edited teaser replays were identifiable. External videos and publications mentioned by speakers were unavailable as supporting evidence.",2,2,8,6,6,2,0,0,0,0,0,0,2.0151133501259446,2.0151133501259446,8.060453400503778,6.045340050377834,6.045340050377834,0.0,0.0,0.0,0.0,0.0
253,clifton-sechler-divine-hiddenness-hell-2022,Zac Sechler vs Scott Clifton: Is Christian belief in a loving God plausible despite divine hiddenness and the prospect of hell?,https://www.youtube.com/watch?v=0Yg-YpvuteM,later,"Evil, suffering & hiddenness",True,Zac Sechler,Scott Clifton,6164,7319,7,2666,16156,0,"Reviewed all supplied events, E0–E2409. Attribution follows conversational turns and the supplied anchors, not ideology. Brief acknowledgments remain with their identifiable speakers within substantive discussion. Introductions, unrelated biography, housekeeping, and closing pleasantries are O. The transcript lacks speaker labels and contains apparent transcription errors; a few interrupted fragments remain U. No edited teaser replay was identifiable.",0,0,0,2,2,0,0,0,0,0,0,0,0.0,0.0,0.0,3.244646333549643,3.244646333549643,0.0,0.0,0.0,0.0,0.0
