number,debate_id,title,side_label,side,speaker,move_id,move_kind,importance,logicalCoherence,evidenceWarrant,responsiveness,relevanceBurden,precisionClarity,calibrationCharity,move_score,evidence_band,ledger_type
01,craig-oconnor-god-debate-2026,Alex O'Connor vs William Lane Craig: Does God Exist?,theist,pro,William Lane Craig,pro-resurrection-historical-inference,constructive,3,82,71,88,87,85,75,81,material warrant or verification step compressed,v4-closed-findings-adapter
01,craig-oconnor-god-debate-2026,Alex O'Connor vs William Lane Craig: Does God Exist?,theist,pro,William Lane Craig,pro-experiential-proper-basicality,constructive,2,82,65,80,86,95,85,80,assertion/anecdote/authority/speculation carries substantial weight,v4-closed-findings-adapter
01,craig-oconnor-god-debate-2026,Alex O'Connor vs William Lane Craig: Does God Exist?,non_theist,con,Alex O'Connor,con-big-bang-not-first-moment,reply,3,88,82,57,87,95,93,82,stronger support,v4-closed-findings-adapter
01,craig-oconnor-god-debate-2026,Alex O'Connor vs William Lane Craig: Does God Exist?,non_theist,con,Alex O'Connor,con-infinite-units-and-presentism,reply,3,78,71,56,87,75,90,74,material warrant or verification step compressed,v4-closed-findings-adapter
01,craig-oconnor-god-debate-2026,Alex O'Connor vs William Lane Craig: Does God Exist?,theist,pro,William Lane Craig,pro-successive-actual-infinity,reply,3,78,69,99,87,75,79,82,assertion/anecdote/authority/speculation carries substantial weight,v4-closed-findings-adapter
01,craig-oconnor-god-debate-2026,Alex O'Connor vs William Lane Craig: Does God Exist?,theist,pro,William Lane Craig,pro-low-entropy-cosmic-beginning,constructive,3,79,71,84,87,75,73,79,material warrant or verification step compressed,v4-closed-findings-adapter
01,craig-oconnor-god-debate-2026,Alex O'Connor vs William Lane Craig: Does God Exist?,non_theist,con,Alex O'Connor,con-animal-suffering-theodicy-gap,reply,3,90,82,58,87,95,92,82,stronger support,v4-closed-findings-adapter
01,craig-oconnor-god-debate-2026,Alex O'Connor vs William Lane Craig: Does God Exist?,theist,pro,William Lane Craig,pro-evolutionary-salvation-theodicy,reply,3,74,57,97,87,75,80,78,assertion/anecdote/authority/speculation carries substantial weight,v4-closed-findings-adapter
01,craig-oconnor-god-debate-2026,Alex O'Connor vs William Lane Craig: Does God Exist?,theist,pro,William Lane Craig,pro-limits-on-gratuitous-evil-inference,reply,3,68,62,96,69,95,67,75,assertion/anecdote/authority/speculation carries substantial weight,v4-closed-findings-adapter
01,craig-oconnor-god-debate-2026,Alex O'Connor vs William Lane Craig: Does God Exist?,non_theist,con,Alex O'Connor,con-nonsentient-animal-alternative,reply,3,79,64,98,69,75,75,78,assertion/anecdote/authority/speculation carries substantial weight,v4-closed-findings-adapter
01,craig-oconnor-god-debate-2026,Alex O'Connor vs William Lane Craig: Does God Exist?,theist,pro,William Lane Craig,pro-animal-pain-severity-distinction,reply,2,74,58,73,86,75,60,71,assertion/anecdote/authority/speculation carries substantial weight,v4-closed-findings-adapter
01,craig-oconnor-god-debate-2026,Alex O'Connor vs William Lane Craig: Does God Exist?,non_theist,con,Alex O'Connor,con-moral-intuition-consistency,reply,2,78,74,98,69,75,74,79,material warrant or verification step compressed,v4-closed-findings-adapter
01,craig-oconnor-god-debate-2026,Alex O'Connor vs William Lane Craig: Does God Exist?,theist,pro,William Lane Craig,pro-fine-tuning-intelligent-selection,reply,3,72,61,57,87,75,61,68,assertion/anecdote/authority/speculation carries substantial weight,v4-closed-findings-adapter
01,craig-oconnor-god-debate-2026,Alex O'Connor vs William Lane Craig: Does God Exist?,non_theist,con,Alex O'Connor,con-hostile-fine-tuning-meta-conditions,reply,2,80,68,98,87,75,90,83,assertion/anecdote/authority/speculation carries substantial weight,v4-closed-findings-adapter
01,craig-oconnor-god-debate-2026,Alex O'Connor vs William Lane Craig: Does God Exist?,theist,pro,William Lane Craig,pro-independent-theism-defeats-gratuitousness,reply,3,68,54,71,86,75,56,68,assertion/anecdote/authority/speculation carries substantial weight,v4-closed-findings-adapter
01,craig-oconnor-god-debate-2026,Alex O'Connor vs William Lane Craig: Does God Exist?,non_theist,con,Alex O'Connor,con-evil-against-loving-god,reply,3,92,81,99,100,95,94,93,stronger support,v4-closed-findings-adapter
01,craig-oconnor-god-debate-2026,Alex O'Connor vs William Lane Craig: Does God Exist?,non_theist,con,Alex O'Connor,con-suffering-christian-specificity,reply,3,89,78,99,87,95,93,90,material warrant or verification step compressed,v4-closed-findings-adapter
01,craig-oconnor-god-debate-2026,Alex O'Connor vs William Lane Craig: Does God Exist?,non_theist,con,Alex O'Connor,con-arbitrary-suffering-distribution,reply,3,87,75,98,87,95,92,88,material warrant or verification step compressed,v4-closed-findings-adapter
02,craig-hitchens-god-existence-2009,William Lane Craig vs Christopher Hitchens: Does God Exist?,theist,pro,William Lane Craig,pro-burden-no-atheist-disproof,constructive,2,73,55,69,86,75,68,70,assertion/anecdote/authority/speculation carries substantial weight,v4-closed-findings-adapter
02,craig-hitchens-god-existence-2009,William Lane Craig vs Christopher Hitchens: Does God Exist?,theist,pro,William Lane Craig,pro-cosmology-personal-cause,constructive,3,78,73,87,87,85,75,81,material warrant or verification step compressed,v4-closed-findings-adapter
02,craig-hitchens-god-existence-2009,William Lane Craig vs Christopher Hitchens: Does God Exist?,theist,pro,William Lane Craig,pro-finetuning-design,constructive,3,81,70,87,87,95,72,81,material warrant or verification step compressed,v4-closed-findings-adapter
02,craig-hitchens-god-existence-2009,William Lane Craig vs Christopher Hitchens: Does God Exist?,theist,pro,William Lane Craig,pro-objective-morality-god,constructive,3,68,64,84,87,85,68,75,assertion/anecdote/authority/speculation carries substantial weight,v4-closed-findings-adapter
02,craig-hitchens-god-existence-2009,William Lane Craig vs Christopher Hitchens: Does God Exist?,theist,pro,William Lane Craig,pro-resurrection-historical-inference,constructive,3,76,63,88,87,85,61,77,assertion/anecdote/authority/speculation carries substantial weight,v4-closed-findings-adapter
02,craig-hitchens-god-existence-2009,William Lane Craig vs Christopher Hitchens: Does God Exist?,theist,pro,William Lane Craig,pro-immediate-experience-basic-belief,constructive,2,81,68,81,69,95,75,77,assertion/anecdote/authority/speculation carries substantial weight,v4-closed-findings-adapter
02,craig-hitchens-god-existence-2009,William Lane Craig vs Christopher Hitchens: Does God Exist?,non_theist,con,Christopher Hitchens,con-evolutionary-waste-against-design,reply,3,81,74,72,87,85,79,79,material warrant or verification step compressed,v4-closed-findings-adapter
02,craig-hitchens-god-existence-2009,William Lane Craig vs Christopher Hitchens: Does God Exist?,non_theist,con,Christopher Hitchens,con-no-divine-disproof-burden,reply,3,87,74,99,87,75,81,85,material warrant or verification step compressed,v4-closed-findings-adapter
02,craig-hitchens-god-existence-2009,William Lane Craig vs Christopher Hitchens: Does God Exist?,non_theist,con,Christopher Hitchens,con-creator-to-christianity-gap,constructive,3,91,83,89,87,95,93,89,stronger support,v4-closed-findings-adapter
02,craig-hitchens-god-existence-2009,William Lane Craig vs Christopher Hitchens: Does God Exist?,non_theist,con,Christopher Hitchens,con-spiritual-assurance-over-evidence,reply,2,86,81,98,69,95,90,86,stronger support,v4-closed-findings-adapter
02,craig-hitchens-god-existence-2009,William Lane Craig vs Christopher Hitchens: Does God Exist?,non_theist,con,Christopher Hitchens,con-cosmic-uncertainty-and-waste,reply,3,75,72,95,87,75,78,81,material warrant or verification step compressed,v4-closed-findings-adapter
02,craig-hitchens-god-existence-2009,William Lane Craig vs Christopher Hitchens: Does God Exist?,non_theist,con,Christopher Hitchens,con-delayed-unequal-providence,reply,3,84,75,69,87,95,90,81,material warrant or verification step compressed,v4-closed-findings-adapter
02,craig-hitchens-god-existence-2009,William Lane Craig vs Christopher Hitchens: Does God Exist?,non_theist,con,Christopher Hitchens,con-secular-moral-capacity,reply,3,74,73,94,87,75,70,79,material warrant or verification step compressed,v4-closed-findings-adapter
02,craig-hitchens-god-existence-2009,William Lane Craig vs Christopher Hitchens: Does God Exist?,non_theist,con,Christopher Hitchens,con-miracles-do-not-authenticate-doctrine,reply,3,92,78,99,87,95,93,90,material warrant or verification step compressed,v4-closed-findings-adapter
02,craig-hitchens-god-existence-2009,William Lane Craig vs Christopher Hitchens: Does God Exist?,non_theist,con,Christopher Hitchens,con-human-origin-of-religion-and-ethics,reply,2,73,67,70,86,75,73,73,assertion/anecdote/authority/speculation carries substantial weight,v4-closed-findings-adapter
02,craig-hitchens-god-existence-2009,William Lane Craig vs Christopher Hitchens: Does God Exist?,non_theist,con,Christopher Hitchens,con-scriptural-injunctions-and-harm,reply,2,87,74,56,69,95,89,77,material warrant or verification step compressed,v4-closed-findings-adapter
02,craig-hitchens-god-existence-2009,William Lane Craig vs Christopher Hitchens: Does God Exist?,theist,pro,William Lane Craig,pro-truth-not-social-consequences,reply,2,90,81,96,68,95,82,86,stronger support,v4-closed-findings-adapter
02,craig-hitchens-god-existence-2009,William Lane Craig vs Christopher Hitchens: Does God Exist?,theist,pro,William Lane Craig,pro-objective-meaning-fellowship,reply,2,75,58,96,69,95,62,76,assertion/anecdote/authority/speculation carries substantial weight,v4-closed-findings-adapter
02,craig-hitchens-god-existence-2009,William Lane Craig vs Christopher Hitchens: Does God Exist?,non_theist,con,Christopher Hitchens,con-secular-freedom-solidarity-meaning,reply,2,82,78,72,69,75,80,76,material warrant or verification step compressed,v4-closed-findings-adapter
02,craig-hitchens-god-existence-2009,William Lane Craig vs Christopher Hitchens: Does God Exist?,theist,pro,William Lane Craig,pro-evil-sufficient-reasons-redemption,reply,3,83,69,73,87,75,76,77,assertion/anecdote/authority/speculation carries substantial weight,v4-closed-findings-adapter
02,craig-hitchens-god-existence-2009,William Lane Craig vs Christopher Hitchens: Does God Exist?,non_theist,con,Christopher Hitchens,con-providential-absorption-of-horror,reply,3,81,78,98,87,95,78,86,material warrant or verification step compressed,v4-closed-findings-adapter
03,hitchens-dsouza-religion-problem-2010,Christopher Hitchens vs Dinesh D'Souza: Is Religion the Problem?,non_theist,pro,Christopher Hitchens,pro-epistemology-revelation-certainty,constructive,3,77,64,88,87,75,69,77,assertion/anecdote/authority/speculation carries substantial weight,v4-closed-findings-adapter
03,hitchens-dsouza-religion-problem-2010,Christopher Hitchens vs Dinesh D'Souza: Is Religion the Problem?,non_theist,pro,Christopher Hitchens,pro-origins-cosmic-history,constructive,3,78,73,84,87,75,79,79,material warrant or verification step compressed,v4-closed-findings-adapter
03,hitchens-dsouza-religion-problem-2010,Christopher Hitchens vs Dinesh D'Souza: Is Religion the Problem?,non_theist,pro,Christopher Hitchens,pro-harm-divine-warrants,constructive,3,87,76,86,99,85,86,86,material warrant or verification step compressed,v4-closed-findings-adapter
03,hitchens-dsouza-religion-problem-2010,Christopher Hitchens vs Dinesh D'Souza: Is Religion the Problem?,theist,con,Dinesh D'Souza,con-c007-reason-tests-god-hypothesis,reply,3,89,73,97,99,95,93,90,material warrant or verification step compressed,v4-closed-findings-adapter
03,hitchens-dsouza-religion-problem-2010,Christopher Hitchens vs Dinesh D'Souza: Is Religion the Problem?,theist,con,Dinesh D'Souza,con-c008-cell-origin-explanatory-gap,reply,3,68,60,95,87,85,61,76,assertion/anecdote/authority/speculation carries substantial weight,v4-closed-findings-adapter
03,hitchens-dsouza-religion-problem-2010,Christopher Hitchens vs Dinesh D'Souza: Is Religion the Problem?,theist,con,Dinesh D'Souza,con-c009-fine-tuning-requires-explanation,reply,3,75,67,95,87,85,65,79,assertion/anecdote/authority/speculation carries substantial weight,v4-closed-findings-adapter
03,hitchens-dsouza-religion-problem-2010,Christopher Hitchens vs Dinesh D'Souza: Is Religion the Problem?,theist,con,Dinesh D'Souza,con-c010-stranger-altruism-challenges-evolution,reply,3,65,59,55,87,75,59,66,assertion/anecdote/authority/speculation carries substantial weight,v4-closed-findings-adapter
03,hitchens-dsouza-religion-problem-2010,Christopher Hitchens vs Dinesh D'Souza: Is Religion the Problem?,theist,con,Dinesh D'Souza,con-c201-prevalent-religious-experience,constructive,3,58,53,76,87,60,42,64,assertion/anecdote/authority/speculation carries substantial weight,v4-closed-findings-adapter
03,hitchens-dsouza-religion-problem-2010,Christopher Hitchens vs Dinesh D'Souza: Is Religion the Problem?,non_theist,pro,Christopher Hitchens,pro-epistemology-unfalsifiability,reply,3,85,76,98,69,75,70,81,material warrant or verification step compressed,v4-closed-findings-adapter
03,hitchens-dsouza-religion-problem-2010,Christopher Hitchens vs Dinesh D'Souza: Is Religion the Problem?,non_theist,pro,Christopher Hitchens,pro-morality-human-responsibility,reply,3,84,71,94,87,95,74,84,material warrant or verification step compressed,v4-closed-findings-adapter
03,hitchens-dsouza-religion-problem-2010,Christopher Hitchens vs Dinesh D'Souza: Is Religion the Problem?,theist,con,Dinesh D'Souza,con-c205-religious-claims-are-testable,reply,3,79,64,98,69,75,69,77,assertion/anecdote/authority/speculation carries substantial weight,v4-closed-findings-adapter
03,hitchens-dsouza-religion-problem-2010,Christopher Hitchens vs Dinesh D'Souza: Is Religion the Problem?,theist,con,Dinesh D'Souza,con-c206-science-leaves-purpose-domain,reply,3,82,62,55,87,75,90,73,assertion/anecdote/authority/speculation carries substantial weight,v4-closed-findings-adapter
03,hitchens-dsouza-religion-problem-2010,Christopher Hitchens vs Dinesh D'Souza: Is Religion the Problem?,theist,con,Dinesh D'Souza,con-c207-human-evil-does-not-refute-design,reply,3,77,67,97,87,95,74,82,assertion/anecdote/authority/speculation carries substantial weight,v4-closed-findings-adapter
03,hitchens-dsouza-religion-problem-2010,Christopher Hitchens vs Dinesh D'Souza: Is Religion the Problem?,non_theist,pro,Christopher Hitchens,pro-harm-absolutism-repression,reply,3,83,72,95,87,75,81,83,material warrant or verification step compressed,v4-closed-findings-adapter
03,hitchens-dsouza-religion-problem-2010,Christopher Hitchens vs Dinesh D'Souza: Is Religion the Problem?,theist,con,Dinesh D'Souza,con-c305-conquest-and-secular-utopian-harm,reply,3,66,63,73,87,75,60,70,assertion/anecdote/authority/speculation carries substantial weight,v4-closed-findings-adapter
03,hitchens-dsouza-religion-problem-2010,Christopher Hitchens vs Dinesh D'Souza: Is Religion the Problem?,non_theist,pro,Christopher Hitchens,pro-origins-stellar-evolutionary-contingency,reply,3,77,78,71,87,85,79,79,material warrant or verification step compressed,v4-closed-findings-adapter
03,hitchens-dsouza-religion-problem-2010,Christopher Hitchens vs Dinesh D'Souza: Is Religion the Problem?,non_theist,pro,Christopher Hitchens,pro-purpose-judgment-hypocrisy,reply,2,83,72,95,87,95,87,85,material warrant or verification step compressed,v4-closed-findings-adapter
03,hitchens-dsouza-religion-problem-2010,Christopher Hitchens vs Dinesh D'Souza: Is Religion the Problem?,non_theist,pro,Christopher Hitchens,pro-morality-secular-solidarity,reply,3,87,78,95,87,95,91,88,material warrant or verification step compressed,v4-closed-findings-adapter
03,hitchens-dsouza-religion-problem-2010,Christopher Hitchens vs Dinesh D'Souza: Is Religion the Problem?,non_theist,pro,Christopher Hitchens,pro-purpose-secular-transcendence,reply,3,89,78,96,87,95,91,89,material warrant or verification step compressed,v4-closed-findings-adapter
05,dillahunty-ten-bruggencate-reasonable-god-2014,Matt Dillahunty vs Sye Ten Bruggencate: Is It Reasonable to Believe God Exists?,theist,pro,Sye Ten Bruggencate,pro-reasonableness-worldview-reductio,constructive,3,54,35,62,100,75,59,61,effectively unsupported,v4-closed-findings-adapter
05,dillahunty-ten-bruggencate-reasonable-god-2014,Matt Dillahunty vs Sye Ten Bruggencate: Is It Reasonable to Believe God Exists?,theist,pro,Sye Ten Bruggencate,pro-revelation-escapes-solipsism,constructive,3,57,47,82,87,75,58,66,effectively unsupported,v4-closed-findings-adapter
05,dillahunty-ten-bruggencate-reasonable-god-2014,Matt Dillahunty vs Sye Ten Bruggencate: Is It Reasonable to Believe God Exists?,non_theist,con,Matt Dillahunty,con-default-evidential-burden,constructive,3,85,77,90,100,95,85,88,material warrant or verification step compressed,v4-closed-findings-adapter
05,dillahunty-ten-bruggencate-reasonable-god-2014,Matt Dillahunty vs Sye Ten Bruggencate: Is It Reasonable to Believe God Exists?,non_theist,con,Matt Dillahunty,con-conflicting-revelations,constructive,2,82,75,88,69,85,79,80,material warrant or verification step compressed,v4-closed-findings-adapter
05,dillahunty-ten-bruggencate-reasonable-god-2014,Matt Dillahunty vs Sye Ten Bruggencate: Is It Reasonable to Believe God Exists?,non_theist,con,Matt Dillahunty,con-supernatural-testability,constructive,2,85,70,89,69,75,92,80,material warrant or verification step compressed,v4-closed-findings-adapter
05,dillahunty-ten-bruggencate-reasonable-god-2014,Matt Dillahunty vs Sye Ten Bruggencate: Is It Reasonable to Believe God Exists?,theist,pro,Sye Ten Bruggencate,pro-naturalistic-reason-borrows-logic,reply,3,58,47,55,87,75,59,61,effectively unsupported,v4-closed-findings-adapter
05,dillahunty-ten-bruggencate-reasonable-god-2014,Matt Dillahunty vs Sye Ten Bruggencate: Is It Reasonable to Believe God Exists?,non_theist,con,Matt Dillahunty,con-practical-inquiry-solipsism,reply,3,87,80,98,87,95,92,89,stronger support,v4-closed-findings-adapter
05,dillahunty-ten-bruggencate-reasonable-god-2014,Matt Dillahunty vs Sye Ten Bruggencate: Is It Reasonable to Believe God Exists?,non_theist,con,Matt Dillahunty,con-god-logic-explanation,reply,3,92,83,99,87,95,92,91,stronger support,v4-closed-findings-adapter
05,dillahunty-ten-bruggencate-reasonable-god-2014,Matt Dillahunty vs Sye Ten Bruggencate: Is It Reasonable to Believe God Exists?,non_theist,con,Matt Dillahunty,con-reality-arbitrates-beliefs,reply,2,87,78,98,87,95,90,89,material warrant or verification step compressed,v4-closed-findings-adapter
05,dillahunty-ten-bruggencate-reasonable-god-2014,Matt Dillahunty vs Sye Ten Bruggencate: Is It Reasonable to Believe God Exists?,non_theist,con,Matt Dillahunty,con-shared-standard-for-god,reply,3,91,83,99,100,95,92,93,stronger support,v4-closed-findings-adapter
05,dillahunty-ten-bruggencate-reasonable-god-2014,Matt Dillahunty vs Sye Ten Bruggencate: Is It Reasonable to Believe God Exists?,theist,pro,Sye Ten Bruggencate,pro-truth-conforms-divine-mind,constructive,3,58,43,66,87,75,51,62,effectively unsupported,v4-closed-findings-adapter
05,dillahunty-ten-bruggencate-reasonable-god-2014,Matt Dillahunty vs Sye Ten Bruggencate: Is It Reasonable to Believe God Exists?,theist,pro,Sye Ten Bruggencate,pro-cognitive-reliability-circularity,reply,3,62,53,95,87,75,59,72,assertion/anecdote/authority/speculation carries substantial weight,v4-closed-findings-adapter
05,dillahunty-ten-bruggencate-reasonable-god-2014,Matt Dillahunty vs Sye Ten Bruggencate: Is It Reasonable to Believe God Exists?,theist,pro,Sye Ten Bruggencate,pro-evidence-presupposes-god,reply,3,56,44,55,69,75,45,56,effectively unsupported,v4-closed-findings-adapter
05,dillahunty-ten-bruggencate-reasonable-god-2014,Matt Dillahunty vs Sye Ten Bruggencate: Is It Reasonable to Believe God Exists?,non_theist,con,Matt Dillahunty,con-probabilistic-induction,reply,3,86,79,98,87,95,89,88,material warrant or verification step compressed,v4-closed-findings-adapter
05,dillahunty-ten-bruggencate-reasonable-god-2014,Matt Dillahunty vs Sye Ten Bruggencate: Is It Reasonable to Believe God Exists?,theist,pro,Sye Ten Bruggencate,pro-induction-past-success-circularity,reply,3,68,67,95,87,75,69,77,assertion/anecdote/authority/speculation carries substantial weight,v4-closed-findings-adapter
05,dillahunty-ten-bruggencate-reasonable-god-2014,Matt Dillahunty vs Sye Ten Bruggencate: Is It Reasonable to Believe God Exists?,non_theist,con,Matt Dillahunty,con-logical-grounding-burden,reply,3,92,83,98,87,95,93,91,stronger support,v4-closed-findings-adapter
05,dillahunty-ten-bruggencate-reasonable-god-2014,Matt Dillahunty vs Sye Ten Bruggencate: Is It Reasonable to Believe God Exists?,theist,pro,Sye Ten Bruggencate,pro-logic-reflects-gods-thinking,constructive,3,61,40,58,87,75,55,61,effectively unsupported,v4-closed-findings-adapter
05,dillahunty-ten-bruggencate-reasonable-god-2014,Matt Dillahunty vs Sye Ten Bruggencate: Is It Reasonable to Believe God Exists?,theist,pro,Sye Ten Bruggencate,pro-islam-internal-revelation-critique,reply,2,70,56,73,69,75,59,67,assertion/anecdote/authority/speculation carries substantial weight,v4-closed-findings-adapter
05,dillahunty-ten-bruggencate-reasonable-god-2014,Matt Dillahunty vs Sye Ten Bruggencate: Is It Reasonable to Believe God Exists?,non_theist,con,Matt Dillahunty,con-scripture-independent-demonstration,reply,2,88,80,69,69,95,91,81,stronger support,v4-closed-findings-adapter
05,dillahunty-ten-bruggencate-reasonable-god-2014,Matt Dillahunty vs Sye Ten Bruggencate: Is It Reasonable to Believe God Exists?,theist,pro,Sye Ten Bruggencate,pro-christian-essential-revelation-core,reply,2,73,56,71,68,75,61,67,assertion/anecdote/authority/speculation carries substantial weight,v4-closed-findings-adapter
06,dsouza-dillahunty-god-woman-2023,Dinesh D'Souza vs Matt Dillahunty: Does God Exist? What Is a Woman?,non_theist,con,Matt Dillahunty,con-epistemic-withhold-until-evidence,constructive,3,86,75,94,100,75,75,85,material warrant or verification step compressed,v4-closed-findings-adapter
06,dsouza-dillahunty-god-woman-2023,Dinesh D'Souza vs Matt Dillahunty: Does God Exist? What Is a Woman?,theist,pro,Dinesh D'Souza,pro-epistemic-domain-limits,reply,3,82,71,73,87,95,89,81,material warrant or verification step compressed,v4-closed-findings-adapter
06,dsouza-dillahunty-god-woman-2023,Dinesh D'Souza vs Matt Dillahunty: Does God Exist? What Is a Woman?,non_theist,con,Matt Dillahunty,con-epistemic-burden-and-nonacceptance,reply,3,94,88,99,87,95,94,93,stronger support,v4-closed-findings-adapter
06,dsouza-dillahunty-god-woman-2023,Dinesh D'Souza vs Matt Dillahunty: Does God Exist? What Is a Woman?,theist,pro,Dinesh D'Souza,pro-science-mechanism-causation-policy,reply,2,90,73,97,87,95,91,88,material warrant or verification step compressed,v4-closed-findings-adapter
06,dsouza-dillahunty-god-woman-2023,Dinesh D'Souza vs Matt Dillahunty: Does God Exist? What Is a Woman?,non_theist,con,Matt Dillahunty,con-science-evidence-over-advocate-conduct,reply,2,93,84,98,87,95,92,91,stronger support,v4-closed-findings-adapter
06,dsouza-dillahunty-god-woman-2023,Dinesh D'Souza vs Matt Dillahunty: Does God Exist? What Is a Woman?,theist,pro,Dinesh D'Souza,pro-science-research-funding-incentives,reply,2,68,49,96,69,60,59,68,effectively unsupported,v4-closed-findings-adapter
06,dsouza-dillahunty-god-woman-2023,Dinesh D'Souza vs Matt Dillahunty: Does God Exist? What Is a Woman?,non_theist,con,Matt Dillahunty,con-science-revision-through-better-science,reply,2,90,79,98,87,75,80,86,material warrant or verification step compressed,v4-closed-findings-adapter
06,dsouza-dillahunty-god-woman-2023,Dinesh D'Souza vs Matt Dillahunty: Does God Exist? What Is a Woman?,non_theist,con,Matt Dillahunty,con-gender-biology-identity-and-welfare,reply,3,82,72,54,87,75,75,74,material warrant or verification step compressed,v4-closed-findings-adapter
06,dsouza-dillahunty-god-woman-2023,Dinesh D'Souza vs Matt Dillahunty: Does God Exist? What Is a Woman?,theist,pro,Dinesh D'Souza,pro-gender-biological-differences-institutions,reply,3,80,73,73,87,75,74,77,material warrant or verification step compressed,v4-closed-findings-adapter
06,dsouza-dillahunty-god-woman-2023,Dinesh D'Souza vs Matt Dillahunty: Does God Exist? What Is a Woman?,theist,pro,Dinesh D'Souza,pro-gender-protective-sex-boundaries,reply,2,77,58,72,69,75,71,70,assertion/anecdote/authority/speculation carries substantial weight,v4-closed-findings-adapter
06,dsouza-dillahunty-god-woman-2023,Dinesh D'Souza vs Matt Dillahunty: Does God Exist? What Is a Woman?,non_theist,con,Matt Dillahunty,con-public-institutions-religious-neutrality,reply,3,90,79,96,87,95,92,89,material warrant or verification step compressed,v4-closed-findings-adapter
06,dsouza-dillahunty-god-woman-2023,Dinesh D'Souza vs Matt Dillahunty: Does God Exist? What Is a Woman?,theist,pro,Dinesh D'Souza,pro-epistemic-probabilistic-inference,reply,3,79,69,73,87,75,75,76,assertion/anecdote/authority/speculation carries substantial weight,v4-closed-findings-adapter
06,dsouza-dillahunty-god-woman-2023,Dinesh D'Souza vs Matt Dillahunty: Does God Exist? What Is a Woman?,theist,pro,Dinesh D'Souza,pro-markets-information-entrepreneurial-welfare,reply,3,81,73,55,87,75,75,74,material warrant or verification step compressed,v4-closed-findings-adapter
06,dsouza-dillahunty-god-woman-2023,Dinesh D'Souza vs Matt Dillahunty: Does God Exist? What Is a Woman?,non_theist,con,Matt Dillahunty,con-markets-invention-and-living-wages,reply,3,90,73,98,87,75,94,87,material warrant or verification step compressed,v4-closed-findings-adapter
06,dsouza-dillahunty-god-woman-2023,Dinesh D'Souza vs Matt Dillahunty: Does God Exist? What Is a Woman?,theist,pro,Dinesh D'Souza,pro-labor-voluntary-employment-agreement,reply,3,72,65,72,87,75,62,72,assertion/anecdote/authority/speculation carries substantial weight,v4-closed-findings-adapter
06,dsouza-dillahunty-god-woman-2023,Dinesh D'Souza vs Matt Dillahunty: Does God Exist? What Is a Woman?,non_theist,con,Matt Dillahunty,con-labor-reciprocal-welfare,reply,3,91,77,99,87,95,93,90,material warrant or verification step compressed,v4-closed-findings-adapter
06,dsouza-dillahunty-god-woman-2023,Dinesh D'Souza vs Matt Dillahunty: Does God Exist? What Is a Woman?,theist,pro,Dinesh D'Souza,pro-healthcare-third-party-payment-competition,reply,3,84,70,98,87,95,81,85,material warrant or verification step compressed,v4-closed-findings-adapter
06,dsouza-dillahunty-god-woman-2023,Dinesh D'Souza vs Matt Dillahunty: Does God Exist? What Is a Woman?,non_theist,con,Matt Dillahunty,con-healthcare-expertise-access-and-harm,reply,3,87,74,98,87,95,81,87,material warrant or verification step compressed,v4-closed-findings-adapter
06,dsouza-dillahunty-god-woman-2023,Dinesh D'Souza vs Matt Dillahunty: Does God Exist? What Is a Woman?,theist,pro,Dinesh D'Souza,pro-healthcare-mandates-demand-incentives,reply,2,65,46,72,86,60,59,65,effectively unsupported,v4-closed-findings-adapter
07,wood-oconnor-jesus-claim-god-2025,David Wood vs Alex O'Connor: Did Jesus Claim to Be God?,theist,pro,David Wood,pro-two-powers-scriptural-framework,constructive,3,76,80,90,87,75,74,81,stronger support,v4-closed-findings-adapter
07,wood-oconnor-jesus-claim-god-2025,David Wood vs Alex O'Connor: Did Jesus Claim to Be God?,theist,pro,David Wood,pro-son-lord-cloud-rider-claims,constructive,3,80,80,93,100,85,73,85,stronger support,v4-closed-findings-adapter
07,wood-oconnor-jesus-claim-god-2025,David Wood vs Alex O'Connor: Did Jesus Claim to Be God?,theist,pro,David Wood,pro-judgment-resurrection-equal-honor,constructive,3,80,81,93,100,85,72,86,stronger support,v4-closed-findings-adapter
07,wood-oconnor-jesus-claim-god-2025,David Wood vs Alex O'Connor: Did Jesus Claim to Be God?,theist,pro,David Wood,pro-earliest-christian-divine-devotion,constructive,2,77,76,91,87,75,71,80,material warrant or verification step compressed,v4-closed-findings-adapter
07,wood-oconnor-jesus-claim-god-2025,David Wood vs Alex O'Connor: Did Jesus Claim to Be God?,non_theist,con,Alex O'Connor,con-psalm82-sent-son-reading,reply,3,86,84,98,100,95,88,91,stronger support,v4-closed-findings-adapter
07,wood-oconnor-jesus-claim-god-2025,David Wood vs Alex O'Connor: Did Jesus Claim to Be God?,non_theist,con,Alex O'Connor,con-divine-name-bearing-agency,reply,3,89,82,99,87,95,91,90,stronger support,v4-closed-findings-adapter
07,wood-oconnor-jesus-claim-god-2025,David Wood vs Alex O'Connor: Did Jesus Claim to Be God?,non_theist,con,Alex O'Connor,con-john858-promised-fulfillment,reply,2,78,72,95,87,95,94,85,material warrant or verification step compressed,v4-closed-findings-adapter
07,wood-oconnor-jesus-claim-god-2025,David Wood vs Alex O'Connor: Did Jesus Claim to Be God?,non_theist,con,Alex O'Connor,con-stoning-reaction-underdetermined,reply,2,89,82,99,69,95,91,87,stronger support,v4-closed-findings-adapter
07,wood-oconnor-jesus-claim-god-2025,David Wood vs Alex O'Connor: Did Jesus Claim to Be God?,theist,pro,David Wood,pro-angel-yahweh-distinction-interaction,reply,2,75,78,97,87,75,73,82,material warrant or verification step compressed,v4-closed-findings-adapter
07,wood-oconnor-jesus-claim-god-2025,David Wood vs Alex O'Connor: Did Jesus Claim to Be God?,theist,pro,David Wood,pro-stephen-early-invocation-devotion,reply,2,79,79,97,86,75,73,83,material warrant or verification step compressed,v4-closed-findings-adapter
07,wood-oconnor-jesus-claim-god-2025,David Wood vs Alex O'Connor: Did Jesus Claim to Be God?,non_theist,con,Alex O'Connor,con-transferable-divine-prerogatives,reply,3,90,85,99,87,95,90,91,stronger support,v4-closed-findings-adapter
07,wood-oconnor-jesus-claim-god-2025,David Wood vs Alex O'Connor: Did Jesus Claim to Be God?,non_theist,con,Alex O'Connor,con-obscurity-and-messianic-secret,reply,2,83,80,97,87,75,87,85,stronger support,v4-closed-findings-adapter
07,wood-oconnor-jesus-claim-god-2025,David Wood vs Alex O'Connor: Did Jesus Claim to Be God?,non_theist,con,Alex O'Connor,con-proskynesis-homage-distinction,reply,2,91,87,99,69,95,91,89,stronger support,v4-closed-findings-adapter
07,wood-oconnor-jesus-claim-god-2025,David Wood vs Alex O'Connor: Did Jesus Claim to Be God?,theist,pro,David Wood,pro-philippians-preexistent-divine-incarnation,reply,3,89,85,98,87,95,93,91,stronger support,v4-closed-findings-adapter
07,wood-oconnor-jesus-claim-god-2025,David Wood vs Alex O'Connor: Did Jesus Claim to Be God?,theist,pro,David Wood,pro-doubled-kyrios-veiled-claim,reply,2,72,69,97,86,75,64,78,assertion/anecdote/authority/speculation carries substantial weight,v4-closed-findings-adapter
07,wood-oconnor-jesus-claim-god-2025,David Wood vs Alex O'Connor: Did Jesus Claim to Be God?,non_theist,con,Alex O'Connor,con-john5-granted-authority,reply,3,91,89,99,87,95,91,92,stronger support,v4-closed-findings-adapter
07,wood-oconnor-jesus-claim-god-2025,David Wood vs Alex O'Connor: Did Jesus Claim to Be God?,theist,pro,David Wood,pro-incarnation-reconciles-received-authority,reply,3,87,83,98,69,95,82,86,stronger support,v4-closed-findings-adapter
07,wood-oconnor-jesus-claim-god-2025,David Wood vs Alex O'Connor: Did Jesus Claim to Be God?,non_theist,con,Alex O'Connor,con-two-powers-attestation-challenge,reply,3,90,86,99,87,95,93,91,stronger support,v4-closed-findings-adapter
07,wood-oconnor-jesus-claim-god-2025,David Wood vs Alex O'Connor: Did Jesus Claim to Be God?,theist,pro,David Wood,pro-synoptic-disclosure-early-christology,reply,3,81,70,95,87,75,76,81,material warrant or verification step compressed,v4-closed-findings-adapter
07,wood-oconnor-jesus-claim-god-2025,David Wood vs Alex O'Connor: Did Jesus Claim to Be God?,non_theist,con,Alex O'Connor,con-pauline-self-claim-distinction,reply,3,95,89,99,100,95,93,95,stronger support,v4-closed-findings-adapter
08,wood-shermer-god-exist-2022,David Wood vs Michael Shermer: Does God Exist?,theist,pro,David Wood,pro-science-history-theological-origin,constructive,2,74,67,78,69,75,61,71,assertion/anecdote/authority/speculation carries substantial weight,v4-closed-findings-adapter
08,wood-shermer-god-exist-2022,David Wood vs Michael Shermer: Does God Exist?,non_theist,con,Michael Shermer,con-evil-preventable-child-suffering,constructive,3,82,86,90,87,85,80,85,stronger support,v4-closed-findings-adapter
08,wood-shermer-god-exist-2022,David Wood vs Michael Shermer: Does God Exist?,non_theist,con,Michael Shermer,con-method-unfalsifiable-god-hypothesis,constructive,3,84,77,87,69,75,74,79,material warrant or verification step compressed,v4-closed-findings-adapter
08,wood-shermer-god-exist-2022,David Wood vs Michael Shermer: Does God Exist?,theist,pro,David Wood,pro-method-no-god-of-gaps,reply,3,77,67,73,86,85,71,76,assertion/anecdote/authority/speculation carries substantial weight,v4-closed-findings-adapter
08,wood-shermer-god-exist-2022,David Wood vs Michael Shermer: Does God Exist?,theist,pro,David Wood,pro-design-designer-regress-distinction,reply,2,72,60,70,86,75,60,70,assertion/anecdote/authority/speculation carries substantial weight,v4-closed-findings-adapter
08,wood-shermer-god-exist-2022,David Wood vs Michael Shermer: Does God Exist?,theist,pro,David Wood,pro-evil-objective-moral-presupposition,reply,3,62,60,71,86,75,57,68,assertion/anecdote/authority/speculation carries substantial weight,v4-closed-findings-adapter
08,wood-shermer-god-exist-2022,David Wood vs Michael Shermer: Does God Exist?,non_theist,con,Michael Shermer,con-science-universal-reproducibility,reply,2,79,72,72,69,75,65,73,material warrant or verification step compressed,v4-closed-findings-adapter
08,wood-shermer-god-exist-2022,David Wood vs Michael Shermer: Does God Exist?,non_theist,con,Michael Shermer,con-design-darwinian-natural-selection,reply,3,90,85,71,87,95,92,85,stronger support,v4-closed-findings-adapter
08,wood-shermer-god-exist-2022,David Wood vs Michael Shermer: Does God Exist?,non_theist,con,Michael Shermer,con-method-artifact-cosmic-maker-distinction,reply,3,87,83,98,87,95,89,89,stronger support,v4-closed-findings-adapter
08,wood-shermer-god-exist-2022,David Wood vs Michael Shermer: Does God Exist?,theist,pro,David Wood,pro-science-cognitive-reliability,reply,3,64,62,73,87,75,58,69,assertion/anecdote/authority/speculation carries substantial weight,v4-closed-findings-adapter
08,wood-shermer-god-exist-2022,David Wood vs Michael Shermer: Does God Exist?,theist,pro,David Wood,pro-method-alien-underdetermination,reply,3,84,64,97,69,95,71,80,assertion/anecdote/authority/speculation carries substantial weight,v4-closed-findings-adapter
08,wood-shermer-god-exist-2022,David Wood vs Michael Shermer: Does God Exist?,non_theist,con,Michael Shermer,con-cognition-scientific-success-reliability,reply,3,89,84,73,87,95,91,85,stronger support,v4-closed-findings-adapter
08,wood-shermer-god-exist-2022,David Wood vs Michael Shermer: Does God Exist?,theist,pro,David Wood,pro-morality-cause-versus-justification,reply,3,82,72,7,87,95,74,66,material warrant or verification step compressed,v4-closed-findings-adapter
08,wood-shermer-god-exist-2022,David Wood vs Michael Shermer: Does God Exist?,non_theist,con,Michael Shermer,con-morality-flourishing-reciprocity,reply,3,78,76,73,87,85,79,79,material warrant or verification step compressed,v4-closed-findings-adapter
08,wood-shermer-god-exist-2022,David Wood vs Michael Shermer: Does God Exist?,theist,pro,David Wood,pro-origins-scripture-empirical-inquiry,reply,2,82,73,67,86,75,80,77,material warrant or verification step compressed,v4-closed-findings-adapter
08,wood-shermer-god-exist-2022,David Wood vs Michael Shermer: Does God Exist?,theist,pro,David Wood,pro-morality-divine-image-status,reply,3,77,66,73,87,85,72,76,assertion/anecdote/authority/speculation carries substantial weight,v4-closed-findings-adapter
08,wood-shermer-god-exist-2022,David Wood vs Michael Shermer: Does God Exist?,non_theist,con,Michael Shermer,con-evil-afterlife-evidential-burden,reply,3,88,79,71,87,95,90,84,material warrant or verification step compressed,v4-closed-findings-adapter
08,wood-shermer-god-exist-2022,David Wood vs Michael Shermer: Does God Exist?,theist,pro,David Wood,pro-evil-afterlife-context,reply,3,75,60,72,87,95,84,76,assertion/anecdote/authority/speculation carries substantial weight,v4-closed-findings-adapter
08,wood-shermer-god-exist-2022,David Wood vs Michael Shermer: Does God Exist?,non_theist,con,Michael Shermer,con-origins-provisional-cosmology,reply,2,80,72,5,87,75,79,64,material warrant or verification step compressed,v4-closed-findings-adapter
08,wood-shermer-god-exist-2022,David Wood vs Michael Shermer: Does God Exist?,non_theist,con,Michael Shermer,con-morality-empirical-objective-inquiry,reply,3,67,74,73,87,75,61,73,material warrant or verification step compressed,v4-closed-findings-adapter
09,peterson-dillahunty-god-debate-2023,Jordan Peterson vs Matt Dillahunty: The Greatest God Debate In History,non_theist,con,Matt Dillahunty,con-truth-utility-distinction,constructive,3,95,90,92,100,95,92,94,stronger support,v4-closed-findings-adapter
09,peterson-dillahunty-god-debate-2023,Jordan Peterson vs Matt Dillahunty: The Greatest God Debate In History,theist,pro,Jordan Peterson,pro-god-language-truth-beyond-scientific-literalism,reply,3,72,67,73,87,75,72,74,assertion/anecdote/authority/speculation carries substantial weight,v4-closed-findings-adapter
09,peterson-dillahunty-god-debate-2023,Jordan Peterson vs Matt Dillahunty: The Greatest God Debate In History,theist,pro,Jordan Peterson,pro-durable-effects-of-mystical-experience,reply,3,74,74,72,87,75,70,75,material warrant or verification step compressed,v4-closed-findings-adapter
09,peterson-dillahunty-god-debate-2023,Jordan Peterson vs Matt Dillahunty: The Greatest God Debate In History,non_theist,con,Matt Dillahunty,con-cultural-attribution-of-holy-spirit,reply,3,91,81,99,87,95,93,91,stronger support,v4-closed-findings-adapter
09,peterson-dillahunty-god-debate-2023,Jordan Peterson vs Matt Dillahunty: The Greatest God Debate In History,theist,pro,Jordan Peterson,pro-experience-precedes-supernatural-agency-hypothesis,reply,3,75,61,73,87,75,71,73,assertion/anecdote/authority/speculation carries substantial weight,v4-closed-findings-adapter
09,peterson-dillahunty-god-debate-2023,Jordan Peterson vs Matt Dillahunty: The Greatest God Debate In History,non_theist,con,Matt Dillahunty,con-agency-detection-account,reply,3,86,74,98,87,95,91,88,material warrant or verification step compressed,v4-closed-findings-adapter
09,peterson-dillahunty-god-debate-2023,Jordan Peterson vs Matt Dillahunty: The Greatest God Debate In History,non_theist,con,Matt Dillahunty,con-consciousness-mystery-restraint,reply,2,92,86,98,69,95,91,89,stronger support,v4-closed-findings-adapter
09,peterson-dillahunty-god-debate-2023,Jordan Peterson vs Matt Dillahunty: The Greatest God Debate In History,non_theist,con,Matt Dillahunty,con-agency-without-libertarian-freedom,reply,2,84,67,93,86,95,85,84,assertion/anecdote/authority/speculation carries substantial weight,v4-closed-findings-adapter
09,peterson-dillahunty-god-debate-2023,Jordan Peterson vs Matt Dillahunty: The Greatest God Debate In History,theist,pro,Jordan Peterson,pro-religious-narrative-as-interpretive-context,reply,3,69,59,71,87,75,59,70,assertion/anecdote/authority/speculation carries substantial weight,v4-closed-findings-adapter
09,peterson-dillahunty-god-debate-2023,Jordan Peterson vs Matt Dillahunty: The Greatest God Debate In History,theist,pro,Jordan Peterson,pro-secular-wellbeing-has-contestable-foundations,reply,3,84,70,72,69,95,81,77,material warrant or verification step compressed,v4-closed-findings-adapter
09,peterson-dillahunty-god-debate-2023,Jordan Peterson vs Matt Dillahunty: The Greatest God Debate In History,non_theist,con,Matt Dillahunty,con-revisable-secular-morality,reply,3,87,79,99,87,95,89,89,material warrant or verification step compressed,v4-closed-findings-adapter
09,peterson-dillahunty-god-debate-2023,Jordan Peterson vs Matt Dillahunty: The Greatest God Debate In History,theist,pro,Jordan Peterson,pro-finite-rules-insufficient-for-moral-intelligence,reply,3,62,60,73,87,60,58,67,assertion/anecdote/authority/speculation carries substantial weight,v4-closed-findings-adapter
09,peterson-dillahunty-god-debate-2023,Jordan Peterson vs Matt Dillahunty: The Greatest God Debate In History,non_theist,con,Matt Dillahunty,con-goal-directed-moral-learning,reply,3,85,75,98,87,75,81,85,material warrant or verification step compressed,v4-closed-findings-adapter
09,peterson-dillahunty-god-debate-2023,Jordan Peterson vs Matt Dillahunty: The Greatest God Debate In History,theist,pro,Jordan Peterson,pro-consciousness-complicates-independent-god-question,constructive,2,71,60,74,68,60,83,69,assertion/anecdote/authority/speculation carries substantial weight,v4-closed-findings-adapter
09,peterson-dillahunty-god-debate-2023,Jordan Peterson vs Matt Dillahunty: The Greatest God Debate In History,non_theist,con,Matt Dillahunty,con-retain-religious-inheritance,reply,3,88,78,77,69,95,90,82,material warrant or verification step compressed,v4-closed-findings-adapter
09,peterson-dillahunty-god-debate-2023,Jordan Peterson vs Matt Dillahunty: The Greatest God Debate In History,theist,pro,Jordan Peterson,pro-highest-value-functions-as-deity,constructive,3,70,59,84,87,75,59,73,assertion/anecdote/authority/speculation carries substantial weight,v4-closed-findings-adapter
09,peterson-dillahunty-god-debate-2023,Jordan Peterson vs Matt Dillahunty: The Greatest God Debate In History,non_theist,con,Matt Dillahunty,con-metaphor-agent-distinction,reply,3,94,85,99,100,95,95,94,stronger support,v4-closed-findings-adapter
09,peterson-dillahunty-god-debate-2023,Jordan Peterson vs Matt Dillahunty: The Greatest God Debate In History,non_theist,con,Matt Dillahunty,con-secular-humanist-orientation,constructive,3,88,77,87,100,95,90,88,material warrant or verification step compressed,v4-closed-findings-adapter
09,peterson-dillahunty-god-debate-2023,Jordan Peterson vs Matt Dillahunty: The Greatest God Debate In History,theist,pro,Jordan Peterson,pro-myth-orients-action-amid-chaos-and-order,constructive,3,75,64,78,87,75,69,75,assertion/anecdote/authority/speculation carries substantial weight,v4-closed-findings-adapter
09,peterson-dillahunty-god-debate-2023,Jordan Peterson vs Matt Dillahunty: The Greatest God Debate In History,theist,pro,Jordan Peterson,pro-material-and-metaphysical-religious-instinct-underdetermined,reply,2,82,69,74,86,75,89,78,assertion/anecdote/authority/speculation carries substantial weight,v4-closed-findings-adapter
10,craig-harris-moral-foundations-2011,William Lane Craig vs Sam Harris: The God Debate II,theist,pro,William Lane Craig,pro-objective-morality-foundation-thesis,constructive,3,84,72,90,100,95,75,85,material warrant or verification step compressed,v4-closed-findings-adapter
10,craig-harris-moral-foundations-2011,William Lane Craig vs Sam Harris: The God Debate II,theist,pro,William Lane Craig,pro-divine-nature-and-command-account,constructive,3,83,72,92,87,95,75,84,material warrant or verification step compressed,v4-closed-findings-adapter
10,craig-harris-moral-foundations-2011,William Lane Craig vs Sam Harris: The God Debate II,theist,pro,William Lane Craig,pro-evolutionary-morality-grounding-deficit,constructive,3,66,62,85,87,75,60,72,assertion/anecdote/authority/speculation carries substantial weight,v4-closed-findings-adapter
10,craig-harris-moral-foundations-2011,William Lane Craig vs Sam Harris: The God Debate II,theist,pro,William Lane Craig,pro-wellbeing-definition-circularity,constructive,3,79,73,86,87,85,75,81,material warrant or verification step compressed,v4-closed-findings-adapter
10,craig-harris-moral-foundations-2011,William Lane Craig vs Sam Harris: The God Debate II,theist,pro,William Lane Craig,pro-facts-authority-and-objective-duty,constructive,3,68,62,89,87,75,63,74,assertion/anecdote/authority/speculation carries substantial weight,v4-closed-findings-adapter
10,craig-harris-moral-foundations-2011,William Lane Craig vs Sam Harris: The God Debate II,theist,pro,William Lane Craig,pro-free-will-responsibility-objection,constructive,2,69,67,82,69,75,65,71,assertion/anecdote/authority/speculation carries substantial weight,v4-closed-findings-adapter
10,craig-harris-moral-foundations-2011,William Lane Craig vs Sam Harris: The God Debate II,non_theist,con,Sam Harris,con-consciousness-condition-for-value,constructive,3,88,82,92,87,95,85,88,stronger support,v4-closed-findings-adapter
10,craig-harris-moral-foundations-2011,William Lane Craig vs Sam Harris: The God Debate II,non_theist,con,Sam Harris,con-worst-misery-objective-standard,constructive,3,82,80,92,87,95,75,85,stronger support,v4-closed-findings-adapter
10,craig-harris-moral-foundations-2011,William Lane Craig vs Sam Harris: The God Debate II,non_theist,con,Sam Harris,con-natural-science-of-wellbeing,constructive,3,77,75,89,87,75,75,80,material warrant or verification step compressed,v4-closed-findings-adapter
10,craig-harris-moral-foundations-2011,William Lane Craig vs Sam Harris: The God Debate II,non_theist,con,Sam Harris,con-objectively-defective-values,reply,3,79,75,73,87,85,71,78,material warrant or verification step compressed,v4-closed-findings-adapter
10,craig-harris-moral-foundations-2011,William Lane Craig vs Sam Harris: The God Debate II,non_theist,con,Sam Harris,con-science-presupposes-epistemic-values,constructive,2,75,76,84,87,75,71,78,material warrant or verification step compressed,v4-closed-findings-adapter
10,craig-harris-moral-foundations-2011,William Lane Craig vs Sam Harris: The God Debate II,theist,pro,William Lane Craig,pro-moral-semantics-ontology-distinction,reply,2,87,69,55,69,95,70,73,assertion/anecdote/authority/speculation carries substantial weight,v4-closed-findings-adapter
10,craig-harris-moral-foundations-2011,William Lane Craig vs Sam Harris: The God Debate II,theist,pro,William Lane Craig,pro-wellbeing-goodness-modal-distinction,reply,3,80,76,98,87,95,74,85,material warrant or verification step compressed,v4-closed-findings-adapter
10,craig-harris-moral-foundations-2011,William Lane Craig vs Sam Harris: The God Debate II,non_theist,con,Sam Harris,con-divine-goodness-definitional-asymmetry,reply,3,79,73,95,87,95,85,84,material warrant or verification step compressed,v4-closed-findings-adapter
10,craig-harris-moral-foundations-2011,William Lane Craig vs Sam Harris: The God Debate II,theist,pro,William Lane Craig,pro-essential-divine-goodness,reply,3,77,69,98,87,85,75,82,assertion/anecdote/authority/speculation carries substantial weight,v4-closed-findings-adapter
10,craig-harris-moral-foundations-2011,William Lane Craig vs Sam Harris: The God Debate II,non_theist,con,Sam Harris,con-competing-revelation-symmetry,reply,2,74,67,57,69,75,64,68,assertion/anecdote/authority/speculation carries substantial weight,v4-closed-findings-adapter
10,craig-harris-moral-foundations-2011,William Lane Craig vs Sam Harris: The God Debate II,non_theist,con,Sam Harris,con-honest-inquiry-over-sectarian-revelation,reply,2,72,64,55,69,75,66,66,assertion/anecdote/authority/speculation carries substantial weight,v4-closed-findings-adapter
10,craig-harris-moral-foundations-2011,William Lane Craig vs Sam Harris: The God Debate II,non_theist,con,Sam Harris,con-harm-versus-authority-rules,reply,3,78,74,71,87,75,69,76,material warrant or verification step compressed,v4-closed-findings-adapter
10,craig-harris-moral-foundations-2011,William Lane Craig vs Sam Harris: The God Debate II,non_theist,con,Sam Harris,con-evil-command-independent-judgment,reply,3,75,55,71,87,85,72,73,assertion/anecdote/authority/speculation carries substantial weight,v4-closed-findings-adapter
10,craig-harris-moral-foundations-2011,William Lane Craig vs Sam Harris: The God Debate II,theist,pro,William Lane Craig,pro-epistemic-ontological-disagreement-distinction,reply,2,82,71,73,69,75,79,75,material warrant or verification step compressed,v4-closed-findings-adapter
11,dsouza-ehrman-god-suffering-evil-2025,"Dinesh D'Souza vs Bart Ehrman: God, Suffering, and Evil",non_theist,con,Bart Ehrman,con-divine-triad-tension,constructive,3,83,79,94,100,95,85,88,material warrant or verification step compressed,v4-closed-findings-adapter
11,dsouza-ehrman-god-suffering-evil-2025,"Dinesh D'Souza vs Bart Ehrman: God, Suffering, and Evil",non_theist,con,Bart Ehrman,con-punishment-account-innocence,constructive,2,83,73,87,87,75,79,81,material warrant or verification step compressed,v4-closed-findings-adapter
11,dsouza-ehrman-god-suffering-evil-2025,"Dinesh D'Souza vs Bart Ehrman: God, Suffering, and Evil",non_theist,con,Bart Ehrman,con-job-denial-not-explanation,constructive,2,80,76,84,69,75,74,77,material warrant or verification step compressed,v4-closed-findings-adapter
11,dsouza-ehrman-god-suffering-evil-2025,"Dinesh D'Souza vs Bart Ehrman: God, Suffering, and Evil",non_theist,con,Bart Ehrman,con-preventable-suffering-intervention-gap,constructive,3,90,83,97,100,95,88,92,stronger support,v4-closed-findings-adapter
11,dsouza-ehrman-god-suffering-evil-2025,"Dinesh D'Souza vs Bart Ehrman: God, Suffering, and Evil",theist,pro,Dinesh D'Souza,pro-morally-sufficient-reason-premise,reply,3,91,82,98,100,95,89,92,stronger support,v4-closed-findings-adapter
11,dsouza-ehrman-god-suffering-evil-2025,"Dinesh D'Souza vs Bart Ehrman: God, Suffering, and Evil",theist,pro,Dinesh D'Souza,pro-job-limited-human-knowledge,reply,2,89,81,73,87,95,92,85,stronger support,v4-closed-findings-adapter
11,dsouza-ehrman-god-suffering-evil-2025,"Dinesh D'Souza vs Bart Ehrman: God, Suffering, and Evil",theist,pro,Dinesh D'Souza,pro-freedom-permits-moral-evil,reply,3,76,70,95,87,75,74,80,material warrant or verification step compressed,v4-closed-findings-adapter
11,dsouza-ehrman-god-suffering-evil-2025,"Dinesh D'Souza vs Bart Ehrman: God, Suffering, and Evil",theist,pro,Dinesh D'Souza,pro-tectonics-supports-habitable-earth,constructive,2,74,67,87,87,75,65,76,assertion/anecdote/authority/speculation carries substantial weight,v4-closed-findings-adapter
11,dsouza-ehrman-god-suffering-evil-2025,"Dinesh D'Souza vs Bart Ehrman: God, Suffering, and Evil",theist,pro,Dinesh D'Souza,pro-lawful-fine-tuned-human-world,constructive,3,69,64,87,87,75,62,74,assertion/anecdote/authority/speculation carries substantial weight,v4-closed-findings-adapter
11,dsouza-ehrman-god-suffering-evil-2025,"Dinesh D'Souza vs Bart Ehrman: God, Suffering, and Evil",non_theist,con,Bart Ehrman,con-human-agency-does-not-remove-intervention-burden,reply,3,91,82,99,87,75,88,88,stronger support,v4-closed-findings-adapter
11,dsouza-ehrman-god-suffering-evil-2025,"Dinesh D'Souza vs Bart Ehrman: God, Suffering, and Evil",non_theist,con,Bart Ehrman,con-actual-laws-not-necessary-laws,reply,3,93,83,99,87,95,94,92,stronger support,v4-closed-findings-adapter
11,dsouza-ehrman-god-suffering-evil-2025,"Dinesh D'Souza vs Bart Ehrman: God, Suffering, and Evil",theist,pro,Dinesh D'Souza,pro-selective-miracles-stable-laws,reply,3,77,70,73,87,75,73,76,material warrant or verification step compressed,v4-closed-findings-adapter
11,dsouza-ehrman-god-suffering-evil-2025,"Dinesh D'Souza vs Bart Ehrman: God, Suffering, and Evil",non_theist,con,Bart Ehrman,con-consolation-not-explanatory-truth,reply,2,95,89,56,68,95,94,82,stronger support,v4-closed-findings-adapter
11,dsouza-ehrman-god-suffering-evil-2025,"Dinesh D'Souza vs Bart Ehrman: God, Suffering, and Evil",non_theist,con,Bart Ehrman,con-secular-concern-and-finite-suffering,reply,2,83,73,55,69,75,85,73,material warrant or verification step compressed,v4-closed-findings-adapter
11,dsouza-ehrman-god-suffering-evil-2025,"Dinesh D'Souza vs Bart Ehrman: God, Suffering, and Evil",theist,pro,Dinesh D'Souza,pro-christian-universalized-moral-concern,reply,2,68,53,72,69,60,59,64,assertion/anecdote/authority/speculation carries substantial weight,v4-closed-findings-adapter
11,dsouza-ehrman-god-suffering-evil-2025,"Dinesh D'Souza vs Bart Ehrman: God, Suffering, and Evil",theist,pro,Dinesh D'Souza,pro-fall-autonomy-consequential-freedom,reply,2,71,56,73,69,60,61,66,assertion/anecdote/authority/speculation carries substantial weight,v4-closed-findings-adapter
11,dsouza-ehrman-god-suffering-evil-2025,"Dinesh D'Souza vs Bart Ehrman: God, Suffering, and Evil",theist,pro,Dinesh D'Souza,pro-christian-compassion-and-service,reply,2,83,69,72,69,75,79,75,assertion/anecdote/authority/speculation carries substantial weight,v4-closed-findings-adapter
12,settecase-jump-evidence-for-god-2025,Joel Settecase vs Tom Jump: Is There Evidence for God?,non_theist,con,Tom Jump,con-direct-experience-derived-formalisms,constructive,3,67,58,80,100,75,68,74,assertion/anecdote/authority/speculation carries substantial weight,v4-closed-findings-adapter
12,settecase-jump-evidence-for-god-2025,Joel Settecase vs Tom Jump: Is There Evidence for God?,non_theist,con,Tom Jump,con-identity-arithmetic-without-god,constructive,3,77,72,85,100,75,79,81,material warrant or verification step compressed,v4-closed-findings-adapter
12,settecase-jump-evidence-for-god-2025,Joel Settecase vs Tom Jump: Is There Evidence for God?,non_theist,con,Tom Jump,con-self-validating-existence,constructive,3,68,67,83,87,75,68,74,assertion/anecdote/authority/speculation carries substantial weight,v4-closed-findings-adapter
12,settecase-jump-evidence-for-god-2025,Joel Settecase vs Tom Jump: Is There Evidence for God?,theist,pro,Joel Settecase,pro-self-certainty-universal-gap,reply,3,92,88,99,87,95,93,92,stronger support,v4-closed-findings-adapter
12,settecase-jump-evidence-for-god-2025,Joel Settecase vs Tom Jump: Is There Evidence for God?,theist,pro,Joel Settecase,pro-connective-principle-modal-scope,reply,3,92,87,98,87,95,92,92,stronger support,v4-closed-findings-adapter
12,settecase-jump-evidence-for-god-2025,Joel Settecase vs Tom Jump: Is There Evidence for God?,non_theist,con,Tom Jump,con-propositions-versus-reality,reply,3,76,72,97,87,85,71,81,material warrant or verification step compressed,v4-closed-findings-adapter
12,settecase-jump-evidence-for-god-2025,Joel Settecase vs Tom Jump: Is There Evidence for God?,non_theist,con,Tom Jump,con-reality-identity-through-time,reply,3,71,69,97,87,75,77,79,assertion/anecdote/authority/speculation carries substantial weight,v4-closed-findings-adapter
12,settecase-jump-evidence-for-god-2025,Joel Settecase vs Tom Jump: Is There Evidence for God?,theist,pro,Joel Settecase,pro-invariant-intelligibility-presupposed,reply,3,75,72,98,87,75,72,81,material warrant or verification step compressed,v4-closed-findings-adapter
12,settecase-jump-evidence-for-god-2025,Joel Settecase vs Tom Jump: Is There Evidence for God?,non_theist,con,Tom Jump,con-experience-before-logic-language,reply,3,79,70,98,69,95,72,80,material warrant or verification step compressed,v4-closed-findings-adapter
12,settecase-jump-evidence-for-god-2025,Joel Settecase vs Tom Jump: Is There Evidence for God?,theist,pro,Joel Settecase,pro-christian-presuppositional-ground,reply,3,67,55,96,100,85,66,77,assertion/anecdote/authority/speculation carries substantial weight,v4-closed-findings-adapter
12,settecase-jump-evidence-for-god-2025,Joel Settecase vs Tom Jump: Is There Evidence for God?,theist,pro,Joel Settecase,pro-necessary-truths-absolute-mind,reply,3,60,54,98,87,75,62,72,assertion/anecdote/authority/speculation carries substantial weight,v4-closed-findings-adapter
12,settecase-jump-evidence-for-god-2025,Joel Settecase vs Tom Jump: Is There Evidence for God?,non_theist,con,Tom Jump,con-relations-without-descriptive-languages,reply,3,83,76,98,87,95,78,86,material warrant or verification step compressed,v4-closed-findings-adapter
12,settecase-jump-evidence-for-god-2025,Joel Settecase vs Tom Jump: Is There Evidence for God?,theist,pro,Joel Settecase,pro-contingent-language-necessary-truth,reply,3,84,73,99,69,95,71,82,material warrant or verification step compressed,v4-closed-findings-adapter
12,settecase-jump-evidence-for-god-2025,Joel Settecase vs Tom Jump: Is There Evidence for God?,non_theist,con,Tom Jump,con-no-conceptual-sustainer,reply,3,80,73,98,87,85,72,83,material warrant or verification step compressed,v4-closed-findings-adapter
12,settecase-jump-evidence-for-god-2025,Joel Settecase vs Tom Jump: Is There Evidence for God?,non_theist,con,Tom Jump,con-reality-persists-by-nature,reply,3,83,75,98,87,85,81,85,material warrant or verification step compressed,v4-closed-findings-adapter
12,settecase-jump-evidence-for-god-2025,Joel Settecase vs Tom Jump: Is There Evidence for God?,theist,pro,Joel Settecase,pro-uncreated-created-attribute-distinction,reply,3,74,64,97,87,95,71,80,assertion/anecdote/authority/speculation carries substantial weight,v4-closed-findings-adapter
12,settecase-jump-evidence-for-god-2025,Joel Settecase vs Tom Jump: Is There Evidence for God?,theist,pro,Joel Settecase,pro-necessary-god-contingent-creation,reply,3,71,58,97,100,95,63,80,assertion/anecdote/authority/speculation carries substantial weight,v4-closed-findings-adapter
12,settecase-jump-evidence-for-god-2025,Joel Settecase vs Tom Jump: Is There Evidence for God?,non_theist,con,Tom Jump,con-thinker-capable-of-error,reply,2,55,51,53,86,60,55,59,assertion/anecdote/authority/speculation carries substantial weight,v4-closed-findings-adapter
13,knechtle-oconnor-christian-morality-2025,"Cliffe Knechtle vs Alex O'Connor: Christianity, Scripture, and Morality",theist,pro,Cliffe Knechtle,pro-sin-grace-eternal-life,constructive,3,77,54,82,87,85,68,75,assertion/anecdote/authority/speculation carries substantial weight,v4-closed-findings-adapter
13,knechtle-oconnor-christian-morality-2025,"Cliffe Knechtle vs Alex O'Connor: Christianity, Scripture, and Morality",non_theist,con,Alex O'Connor,con-secular-anxiety-alternatives,reply,2,86,73,56,68,95,90,76,material warrant or verification step compressed,v4-closed-findings-adapter
13,knechtle-oconnor-christian-morality-2025,"Cliffe Knechtle vs Alex O'Connor: Christianity, Scripture, and Morality",theist,pro,Cliffe Knechtle,pro-transcendence-wellbeing-meaning,reply,2,67,61,97,69,75,61,72,assertion/anecdote/authority/speculation carries substantial weight,v4-closed-findings-adapter
13,knechtle-oconnor-christian-morality-2025,"Cliffe Knechtle vs Alex O'Connor: Christianity, Scripture, and Morality",non_theist,con,Alex O'Connor,con-consolation-not-truth,reply,3,88,75,99,87,95,92,89,material warrant or verification step compressed,v4-closed-findings-adapter
13,knechtle-oconnor-christian-morality-2025,"Cliffe Knechtle vs Alex O'Connor: Christianity, Scripture, and Morality",theist,pro,Cliffe Knechtle,pro-suffering-cross-restoration,reply,3,78,58,97,87,85,62,78,assertion/anecdote/authority/speculation carries substantial weight,v4-closed-findings-adapter
13,knechtle-oconnor-christian-morality-2025,"Cliffe Knechtle vs Alex O'Connor: Christianity, Scripture, and Morality",non_theist,con,Alex O'Connor,con-job-terrifying-submission,reply,3,85,82,95,87,95,89,88,stronger support,v4-closed-findings-adapter
13,knechtle-oconnor-christian-morality-2025,"Cliffe Knechtle vs Alex O'Connor: Christianity, Scripture, and Morality",non_theist,con,Alex O'Connor,con-slavery-property-permission,reply,3,90,87,57,87,95,93,83,stronger support,v4-closed-findings-adapter
13,knechtle-oconnor-christian-morality-2025,"Cliffe Knechtle vs Alex O'Connor: Christianity, Scripture, and Morality",theist,pro,Cliffe Knechtle,pro-slavery-law-accommodation,reply,3,70,62,71,87,95,59,73,assertion/anecdote/authority/speculation carries substantial weight,v4-closed-findings-adapter
13,knechtle-oconnor-christian-morality-2025,"Cliffe Knechtle vs Alex O'Connor: Christianity, Scripture, and Morality",non_theist,con,Alex O'Connor,con-slavery-family-separation,reply,3,94,87,99,87,95,95,93,stronger support,v4-closed-findings-adapter
13,knechtle-oconnor-christian-morality-2025,"Cliffe Knechtle vs Alex O'Connor: Christianity, Scripture, and Morality",non_theist,con,Alex O'Connor,con-galatians-spiritual-unity-limit,reply,2,91,87,94,69,95,91,88,stronger support,v4-closed-findings-adapter
13,knechtle-oconnor-christian-morality-2025,"Cliffe Knechtle vs Alex O'Connor: Christianity, Scripture, and Morality",non_theist,con,Alex O'Connor,con-corinthians-women-subordination,constructive,3,90,90,87,87,95,85,89,stronger support,v4-closed-findings-adapter
13,knechtle-oconnor-christian-morality-2025,"Cliffe Knechtle vs Alex O'Connor: Christianity, Scripture, and Morality",theist,pro,Cliffe Knechtle,pro-women-local-context-education,reply,3,83,76,98,87,75,77,84,material warrant or verification step compressed,v4-closed-findings-adapter
14,jones-carrier-god-existence-2025,Michael Jones vs Richard Carrier: Does God Exist?,theist,pro,Michael Jones,pro-mind-irreducibility-idealism,constructive,3,68,59,83,87,75,62,72,assertion/anecdote/authority/speculation carries substantial weight,v4-closed-findings-adapter
14,jones-carrier-god-existence-2025,Michael Jones vs Richard Carrier: Does God Exist?,theist,pro,Michael Jones,pro-informational-emergent-cosmos,constructive,2,64,55,75,86,60,61,67,assertion/anecdote/authority/speculation carries substantial weight,v4-closed-findings-adapter
14,jones-carrier-god-existence-2025,Michael Jones vs Richard Carrier: Does God Exist?,theist,pro,Michael Jones,pro-quantum-cosmic-mind-patterns,constructive,2,64,55,71,86,75,59,68,assertion/anecdote/authority/speculation carries substantial weight,v4-closed-findings-adapter
14,jones-carrier-god-existence-2025,Michael Jones vs Richard Carrier: Does God Exist?,theist,pro,Michael Jones,pro-personal-ground-of-morality,constructive,3,68,58,81,87,75,60,71,assertion/anecdote/authority/speculation carries substantial weight,v4-closed-findings-adapter
14,jones-carrier-god-existence-2025,Michael Jones vs Richard Carrier: Does God Exist?,theist,pro,Michael Jones,pro-one-mind-unifies-evidence,constructive,3,72,62,89,100,75,68,78,assertion/anecdote/authority/speculation carries substantial weight,v4-closed-findings-adapter
14,jones-carrier-god-existence-2025,Michael Jones vs Richard Carrier: Does God Exist?,theist,pro,Michael Jones,pro-nothing-cosmology-incoherence,constructive,2,54,47,71,68,60,39,57,effectively unsupported,v4-closed-findings-adapter
14,jones-carrier-god-existence-2025,Michael Jones vs Richard Carrier: Does God Exist?,non_theist,con,Richard Carrier,con-total-evidence-comparison,reply,3,88,76,57,69,95,85,77,material warrant or verification step compressed,v4-closed-findings-adapter
14,jones-carrier-god-existence-2025,Michael Jones vs Richard Carrier: Does God Exist?,non_theist,con,Richard Carrier,con-computational-qualia-account,reply,3,64,54,98,87,75,65,73,assertion/anecdote/authority/speculation carries substantial weight,v4-closed-findings-adapter
14,jones-carrier-god-existence-2025,Michael Jones vs Richard Carrier: Does God Exist?,non_theist,con,Richard Carrier,con-embodied-consciousness-likelihood,reply,3,78,76,97,87,85,71,83,material warrant or verification step compressed,v4-closed-findings-adapter
14,jones-carrier-god-existence-2025,Michael Jones vs Richard Carrier: Does God Exist?,non_theist,con,Richard Carrier,con-thermodynamic-cosmic-structure,reply,2,79,69,98,87,75,77,81,assertion/anecdote/authority/speculation carries substantial weight,v4-closed-findings-adapter
14,jones-carrier-god-existence-2025,Michael Jones vs Richard Carrier: Does God Exist?,non_theist,con,Richard Carrier,con-empirical-moral-imperatives,reply,2,66,57,94,86,60,66,72,assertion/anecdote/authority/speculation carries substantial weight,v4-closed-findings-adapter
14,jones-carrier-god-existence-2025,Michael Jones vs Richard Carrier: Does God Exist?,non_theist,con,Richard Carrier,con-random-possibility-multiverse,reply,3,53,46,97,87,60,43,65,effectively unsupported,v4-closed-findings-adapter
14,jones-carrier-god-existence-2025,Michael Jones vs Richard Carrier: Does God Exist?,non_theist,con,Richard Carrier,con-moral-development-likelihood,reply,3,78,76,59,99,85,74,77,material warrant or verification step compressed,v4-closed-findings-adapter
14,jones-carrier-god-existence-2025,Michael Jones vs Richard Carrier: Does God Exist?,non_theist,con,Richard Carrier,con-minimal-lawless-field-origin,reply,3,50,44,98,87,60,51,65,effectively unsupported,v4-closed-findings-adapter
14,jones-carrier-god-existence-2025,Michael Jones vs Richard Carrier: Does God Exist?,theist,pro,Michael Jones,pro-unconstrained-bubble-causal-gap,reply,3,89,82,99,87,95,92,90,stronger support,v4-closed-findings-adapter
14,jones-carrier-god-existence-2025,Michael Jones vs Richard Carrier: Does God Exist?,theist,pro,Michael Jones,pro-neural-correlation-explanatory-gap,reply,3,79,66,98,87,85,71,81,assertion/anecdote/authority/speculation carries substantial weight,v4-closed-findings-adapter
14,jones-carrier-god-existence-2025,Michael Jones vs Richard Carrier: Does God Exist?,non_theist,con,Richard Carrier,con-naturalistic-total-evidence-synthesis,reply,3,46,44,73,100,60,45,60,effectively unsupported,v4-closed-findings-adapter
14,jones-carrier-god-existence-2025,Michael Jones vs Richard Carrier: Does God Exist?,theist,pro,Michael Jones,pro-partless-divine-simplicity,reply,2,69,54,97,87,75,64,74,assertion/anecdote/authority/speculation carries substantial weight,v4-closed-findings-adapter
15,hitchens-lennox-is-god-great-2017,Christopher Hitchens vs John Lennox: Is God Great?,non_theist,con,Christopher Hitchens,con-deism-does-not-warrant-revelation,constructive,3,92,83,87,87,95,85,88,stronger support,v4-closed-findings-adapter
15,hitchens-lennox-is-god-great-2017,Christopher Hitchens vs John Lennox: Is God Great?,non_theist,con,Christopher Hitchens,con-natural-inquiry-falsifiability,constructive,3,75,67,80,87,75,61,75,assertion/anecdote/authority/speculation carries substantial weight,v4-closed-findings-adapter
15,hitchens-lennox-is-god-great-2017,Christopher Hitchens vs John Lennox: Is God Great?,non_theist,con,Christopher Hitchens,con-suffering-indicts-designer,constructive,3,83,78,90,87,85,79,84,material warrant or verification step compressed,v4-closed-findings-adapter
15,hitchens-lennox-is-god-great-2017,Christopher Hitchens vs John Lennox: Is God Great?,theist,pro,John Lennox,pro-religious-abuse-does-not-refute-god,reply,2,87,79,54,69,95,89,77,material warrant or verification step compressed,v4-closed-findings-adapter
15,hitchens-lennox-is-god-great-2017,Christopher Hitchens vs John Lennox: Is God Great?,theist,pro,John Lennox,pro-mechanism-and-creator-are-complementary,reply,3,88,77,97,87,95,90,88,material warrant or verification step compressed,v4-closed-findings-adapter
15,hitchens-lennox-is-god-great-2017,Christopher Hitchens vs John Lennox: Is God Great?,theist,pro,John Lennox,pro-divine-image-freedom-and-ultimate-hope,constructive,3,69,61,85,99,75,61,75,assertion/anecdote/authority/speculation carries substantial weight,v4-closed-findings-adapter
15,hitchens-lennox-is-god-great-2017,Christopher Hitchens vs John Lennox: Is God Great?,theist,pro,John Lennox,pro-objective-standard-for-moral-indictment,reply,3,63,57,57,87,75,58,65,assertion/anecdote/authority/speculation carries substantial weight,v4-closed-findings-adapter
15,hitchens-lennox-is-god-great-2017,Christopher Hitchens vs John Lennox: Is God Great?,non_theist,con,Christopher Hitchens,con-cosmos-undermines-human-design,reply,2,76,76,98,87,75,74,82,material warrant or verification step compressed,v4-closed-findings-adapter
15,hitchens-lennox-is-god-great-2017,Christopher Hitchens vs John Lennox: Is God Great?,non_theist,con,Christopher Hitchens,con-omniscient-rule-as-dictatorship,reply,3,74,68,98,87,95,77,82,assertion/anecdote/authority/speculation carries substantial weight,v4-closed-findings-adapter
15,hitchens-lennox-is-god-great-2017,Christopher Hitchens vs John Lennox: Is God Great?,non_theist,con,Christopher Hitchens,con-faith-no-unique-moral-act,reply,3,75,67,56,69,75,71,68,assertion/anecdote/authority/speculation carries substantial weight,v4-closed-findings-adapter
15,hitchens-lennox-is-god-great-2017,Christopher Hitchens vs John Lennox: Is God Great?,theist,pro,John Lennox,pro-incarnation-resurrection-evidential-bridge,reply,3,82,68,96,87,95,75,83,assertion/anecdote/authority/speculation carries substantial weight,v4-closed-findings-adapter
15,hitchens-lennox-is-god-great-2017,Christopher Hitchens vs John Lennox: Is God Great?,theist,pro,John Lennox,pro-shared-morality-and-unique-self-sacrifice,reply,3,73,64,73,87,95,71,75,assertion/anecdote/authority/speculation carries substantial weight,v4-closed-findings-adapter
15,hitchens-lennox-is-god-great-2017,Christopher Hitchens vs John Lennox: Is God Great?,non_theist,con,Christopher Hitchens,con-supernatural-belief-causes-coercion,reply,2,69,58,98,69,75,59,72,assertion/anecdote/authority/speculation carries substantial weight,v4-closed-findings-adapter
15,hitchens-lennox-is-god-great-2017,Christopher Hitchens vs John Lennox: Is God Great?,theist,pro,John Lennox,pro-christian-violence-as-doctrinal-perversion,reply,2,81,76,98,69,75,74,80,material warrant or verification step compressed,v4-closed-findings-adapter
15,hitchens-lennox-is-god-great-2017,Christopher Hitchens vs John Lennox: Is God Great?,non_theist,con,Christopher Hitchens,con-gospel-prophecy-warrant-challenge,reply,3,79,72,98,87,85,78,83,material warrant or verification step compressed,v4-closed-findings-adapter
15,hitchens-lennox-is-god-great-2017,Christopher Hitchens vs John Lennox: Is God Great?,theist,pro,John Lennox,pro-jesus-divinity-and-prophetic-warrant,reply,3,75,63,95,87,85,61,78,assertion/anecdote/authority/speculation carries substantial weight,v4-closed-findings-adapter
15,hitchens-lennox-is-god-great-2017,Christopher Hitchens vs John Lennox: Is God Great?,non_theist,con,Christopher Hitchens,con-secular-solidarity-and-love,constructive,3,85,75,87,87,95,85,85,material warrant or verification step compressed,v4-closed-findings-adapter
15,hitchens-lennox-is-god-great-2017,Christopher Hitchens vs John Lennox: Is God Great?,theist,pro,John Lennox,pro-divine-image-grounds-unique-human-worth,reply,3,67,61,97,87,75,58,75,assertion/anecdote/authority/speculation carries substantial weight,v4-closed-findings-adapter
15,hitchens-lennox-is-god-great-2017,Christopher Hitchens vs John Lennox: Is God Great?,theist,pro,John Lennox,pro-dna-information-inference-to-intelligence,constructive,3,66,58,83,87,75,58,71,assertion/anecdote/authority/speculation carries substantial weight,v4-closed-findings-adapter
15,hitchens-lennox-is-god-great-2017,Christopher Hitchens vs John Lennox: Is God Great?,non_theist,con,Christopher Hitchens,con-secular-meaning-and-transcendence,constructive,3,85,75,86,87,95,85,85,material warrant or verification step compressed,v4-closed-findings-adapter
15,hitchens-lennox-is-god-great-2017,Christopher Hitchens vs John Lennox: Is God Great?,theist,pro,John Lennox,pro-divine-christ-self-sacrifice-and-greatness,reply,3,76,64,73,99,95,64,77,assertion/anecdote/authority/speculation carries substantial weight,v4-closed-findings-adapter
15,hitchens-lennox-is-god-great-2017,Christopher Hitchens vs John Lennox: Is God Great?,non_theist,con,Christopher Hitchens,con-vicarious-redemption-moral-objection,reply,3,82,72,97,87,95,90,86,material warrant or verification step compressed,v4-closed-findings-adapter
15,hitchens-lennox-is-god-great-2017,Christopher Hitchens vs John Lennox: Is God Great?,non_theist,con,Christopher Hitchens,con-slavery-and-nonreligious-reform,reply,2,84,75,97,69,75,80,81,material warrant or verification step compressed,v4-closed-findings-adapter
16,hirsi-ali-dawkins-god-debate-2024,Ayaan Hirsi Ali vs Richard Dawkins: The God Debate,theist,pro,Ayaan Hirsi Ali,pro-experiential-crisis-prayer-recovery,constructive,3,80,66,88,87,95,75,81,assertion/anecdote/authority/speculation carries substantial weight,v4-closed-findings-adapter
16,hirsi-ali-dawkins-god-debate-2024,Ayaan Hirsi Ali vs Richard Dawkins: The God Debate,non_theist,con,Richard Dawkins,con-personal-recovery-does-not-establish-christianity,reply,3,92,87,99,100,95,91,94,stronger support,v4-closed-findings-adapter
16,hirsi-ali-dawkins-god-debate-2024,Ayaan Hirsi Ali vs Richard Dawkins: The God Debate,theist,pro,Ayaan Hirsi Ali,pro-chosen-faith-personal-and-civilizational-planes,reply,3,74,63,71,99,75,80,76,assertion/anecdote/authority/speculation carries substantial weight,v4-closed-findings-adapter
16,hirsi-ali-dawkins-god-debate-2024,Ayaan Hirsi Ali vs Richard Dawkins: The God Debate,non_theist,con,Richard Dawkins,con-inherited-sin-and-vicarious-punishment-objection,reply,3,75,63,71,87,75,59,72,assertion/anecdote/authority/speculation carries substantial weight,v4-closed-findings-adapter
16,hirsi-ali-dawkins-god-debate-2024,Ayaan Hirsi Ali vs Richard Dawkins: The God Debate,theist,pro,Ayaan Hirsi Ali,pro-christian-love-redemption-and-distinction,reply,3,77,63,73,87,75,65,74,assertion/anecdote/authority/speculation carries substantial weight,v4-closed-findings-adapter
16,hirsi-ali-dawkins-god-debate-2024,Ayaan Hirsi Ali vs Richard Dawkins: The God Debate,theist,pro,Ayaan Hirsi Ali,pro-public-christian-decline-moral-vacuum,constructive,3,69,55,82,87,75,68,72,assertion/anecdote/authority/speculation carries substantial weight,v4-closed-findings-adapter
16,hirsi-ali-dawkins-god-debate-2024,Ayaan Hirsi Ali vs Richard Dawkins: The God Debate,non_theist,con,Richard Dawkins,con-supernatural-creator-is-universe-defining-claim,reply,3,94,84,99,87,95,93,92,stronger support,v4-closed-findings-adapter
16,hirsi-ali-dawkins-god-debate-2024,Ayaan Hirsi Ali vs Richard Dawkins: The God Debate,non_theist,con,Richard Dawkins,con-benefit-does-not-make-existential-claims-true,reply,3,97,91,100,100,95,95,96,stronger support,v4-closed-findings-adapter
16,hirsi-ali-dawkins-god-debate-2024,Ayaan Hirsi Ali vs Richard Dawkins: The God Debate,non_theist,con,Richard Dawkins,con-abrahamic-similarity-and-christian-doctrinal-decline,reply,3,68,57,98,87,75,58,74,assertion/anecdote/authority/speculation carries substantial weight,v4-closed-findings-adapter
16,hirsi-ali-dawkins-god-debate-2024,Ayaan Hirsi Ali vs Richard Dawkins: The God Debate,non_theist,con,Richard Dawkins,con-secular-moral-philosophy-supplies-judgment-standard,reply,3,88,76,71,87,85,80,81,material warrant or verification step compressed,v4-closed-findings-adapter
16,hirsi-ali-dawkins-god-debate-2024,Ayaan Hirsi Ali vs Richard Dawkins: The God Debate,theist,pro,Ayaan Hirsi Ali,pro-scriptural-and-exemplar-distinction,reply,3,72,53,72,87,85,69,71,assertion/anecdote/authority/speculation carries substantial weight,v4-closed-findings-adapter
16,hirsi-ali-dawkins-god-debate-2024,Ayaan Hirsi Ali vs Richard Dawkins: The God Debate,theist,pro,Ayaan Hirsi Ali,pro-inheritance-without-humanist-substitute,reply,3,79,59,71,87,75,73,74,assertion/anecdote/authority/speculation carries substantial weight,v4-closed-findings-adapter
16,hirsi-ali-dawkins-god-debate-2024,Ayaan Hirsi Ali vs Richard Dawkins: The God Debate,non_theist,con,Richard Dawkins,con-church-organization-does-not-establish-moral-fitness,reply,2,85,75,98,87,75,82,85,material warrant or verification step compressed,v4-closed-findings-adapter
16,hirsi-ali-dawkins-god-debate-2024,Ayaan Hirsi Ali vs Richard Dawkins: The God Debate,theist,pro,Ayaan Hirsi Ali,pro-criticism-requires-viable-replacement,reply,3,81,57,97,69,75,76,77,assertion/anecdote/authority/speculation carries substantial weight,v4-closed-findings-adapter
16,hirsi-ali-dawkins-god-debate-2024,Ayaan Hirsi Ali vs Richard Dawkins: The God Debate,theist,pro,Ayaan Hirsi Ali,pro-affirmative-belief-against-islamist-recruitment,constructive,3,64,51,82,87,75,58,69,assertion/anecdote/authority/speculation carries substantial weight,v4-closed-findings-adapter
16,hirsi-ali-dawkins-god-debate-2024,Ayaan Hirsi Ali vs Richard Dawkins: The God Debate,theist,pro,Ayaan Hirsi Ali,pro-confident-inheritance-and-active-countermessage,reply,3,72,54,54,69,75,62,64,assertion/anecdote/authority/speculation carries substantial weight,v4-closed-findings-adapter
16,hirsi-ali-dawkins-god-debate-2024,Ayaan Hirsi Ali vs Richard Dawkins: The God Debate,non_theist,con,Richard Dawkins,con-enlightened-rationality-against-ideological-virus,reply,3,81,58,71,69,95,76,74,assertion/anecdote/authority/speculation carries substantial weight,v4-closed-findings-adapter
17,collins-oconnor-god-existence-2024,Francis Collins vs Alex O'Connor: Does God Exist?,non_theist,con,Alex O'Connor,con-agnostic-restraint,constructive,3,83,71,88,100,95,85,86,material warrant or verification step compressed,v4-closed-findings-adapter
17,collins-oconnor-god-existence-2024,Francis Collins vs Alex O'Connor: Does God Exist?,theist,pro,Francis Collins,pro-noncoercive-evidence-standard,constructive,2,80,66,85,69,95,75,78,assertion/anecdote/authority/speculation carries substantial weight,v4-closed-findings-adapter
17,collins-oconnor-god-existence-2024,Francis Collins vs Alex O'Connor: Does God Exist?,theist,pro,Francis Collins,pro-convergent-case-for-trust,constructive,3,81,73,89,100,75,90,84,material warrant or verification step compressed,v4-closed-findings-adapter
17,collins-oconnor-god-existence-2024,Francis Collins vs Alex O'Connor: Does God Exist?,non_theist,con,Alex O'Connor,con-christian-moral-conflict,reply,2,83,69,95,87,95,70,83,assertion/anecdote/authority/speculation carries substantial weight,v4-closed-findings-adapter
17,collins-oconnor-god-existence-2024,Francis Collins vs Alex O'Connor: Does God Exist?,theist,pro,Francis Collins,pro-fine-tuning-creator-inference,constructive,3,80,76,91,87,95,74,83,material warrant or verification step compressed,v4-closed-findings-adapter
17,collins-oconnor-god-existence-2024,Francis Collins vs Alex O'Connor: Does God Exist?,non_theist,con,Alex O'Connor,con-fine-tuning-reversal,reply,3,87,79,99,87,95,91,89,material warrant or verification step compressed,v4-closed-findings-adapter
17,collins-oconnor-god-existence-2024,Francis Collins vs Alex O'Connor: Does God Exist?,theist,pro,Francis Collins,pro-orderly-purposeful-parameters,reply,3,75,65,95,87,75,72,79,assertion/anecdote/authority/speculation carries substantial weight,v4-closed-findings-adapter
17,collins-oconnor-god-existence-2024,Francis Collins vs Alex O'Connor: Does God Exist?,non_theist,con,Alex O'Connor,con-constants-omnipotence,reply,3,90,78,98,87,95,92,89,material warrant or verification step compressed,v4-closed-findings-adapter
17,collins-oconnor-god-existence-2024,Francis Collins vs Alex O'Connor: Does God Exist?,non_theist,con,Alex O'Connor,con-evolutionary-suffering,constructive,3,90,84,94,87,95,91,90,stronger support,v4-closed-findings-adapter
17,collins-oconnor-god-existence-2024,Francis Collins vs Alex O'Connor: Does God Exist?,theist,pro,Francis Collins,pro-evolutionary-suffering-lawful-plan,reply,3,78,69,95,87,75,72,80,assertion/anecdote/authority/speculation carries substantial weight,v4-closed-findings-adapter
17,collins-oconnor-god-existence-2024,Francis Collins vs Alex O'Connor: Does God Exist?,non_theist,con,Alex O'Connor,con-suffering-mystery-symmetry,reply,3,90,81,99,87,95,92,90,stronger support,v4-closed-findings-adapter
17,collins-oconnor-god-existence-2024,Francis Collins vs Alex O'Connor: Does God Exist?,theist,pro,Francis Collins,pro-physical-suffering-stable-laws,reply,3,76,73,95,87,75,74,81,material warrant or verification step compressed,v4-closed-findings-adapter
17,collins-oconnor-god-existence-2024,Francis Collins vs Alex O'Connor: Does God Exist?,theist,pro,Francis Collins,pro-historical-resurrection-inference,constructive,3,77,68,93,87,85,67,80,assertion/anecdote/authority/speculation carries substantial weight,v4-closed-findings-adapter
17,collins-oconnor-god-existence-2024,Francis Collins vs Alex O'Connor: Does God Exist?,non_theist,con,Alex O'Connor,con-resurrection-legend-development,reply,3,83,79,99,87,95,77,87,material warrant or verification step compressed,v4-closed-findings-adapter
17,collins-oconnor-god-existence-2024,Francis Collins vs Alex O'Connor: Does God Exist?,theist,pro,Francis Collins,pro-transcendent-moral-source,reply,2,72,64,69,86,75,73,72,assertion/anecdote/authority/speculation carries substantial weight,v4-closed-findings-adapter
17,collins-oconnor-god-existence-2024,Francis Collins vs Alex O'Connor: Does God Exist?,theist,pro,Francis Collins,pro-holistic-christian-revelation,reply,3,69,61,55,87,75,69,68,assertion/anecdote/authority/speculation carries substantial weight,v4-closed-findings-adapter
17,collins-oconnor-god-existence-2024,Francis Collins vs Alex O'Connor: Does God Exist?,non_theist,con,Alex O'Connor,con-private-revelation-limit,reply,3,92,82,98,87,95,94,91,stronger support,v4-closed-findings-adapter
17,collins-oconnor-god-existence-2024,Francis Collins vs Alex O'Connor: Does God Exist?,theist,pro,Francis Collins,pro-numinous-beauty-transcendence,constructive,2,77,66,82,86,75,85,78,assertion/anecdote/authority/speculation carries substantial weight,v4-closed-findings-adapter
17,collins-oconnor-god-existence-2024,Francis Collins vs Alex O'Connor: Does God Exist?,non_theist,con,Alex O'Connor,con-beauty-diversity,reply,2,86,77,98,87,95,90,88,material warrant or verification step compressed,v4-closed-findings-adapter
17,collins-oconnor-god-existence-2024,Francis Collins vs Alex O'Connor: Does God Exist?,non_theist,con,Alex O'Connor,con-cumulative-mystery-restraint,reply,3,86,76,98,100,75,90,88,material warrant or verification step compressed,v4-closed-findings-adapter
20,hitchens-hitchens-iraq-god-2008,"Christopher Hitchens vs Peter Hitchens: Iraq, God, and Moral Authority",theist,con,Peter Hitchens,con-iraq-idealist-aggression,constructive,3,73,67,82,87,75,68,75,assertion/anecdote/authority/speculation carries substantial weight,v4-closed-findings-adapter
20,hitchens-hitchens-iraq-god-2008,"Christopher Hitchens vs Peter Hitchens: Iraq, God, and Moral Authority",non_theist,pro,Christopher Hitchens,pro-iraq-regime-extraordinary-threat,reply,3,77,73,73,87,75,79,77,material warrant or verification step compressed,v4-closed-findings-adapter
20,hitchens-hitchens-iraq-god-2008,"Christopher Hitchens vs Peter Hitchens: Iraq, God, and Moral Authority",non_theist,pro,Christopher Hitchens,pro-iraq-regional-strategic-gains,reply,2,77,64,72,86,75,85,75,assertion/anecdote/authority/speculation carries substantial weight,v4-closed-findings-adapter
20,hitchens-hitchens-iraq-god-2008,"Christopher Hitchens vs Peter Hitchens: Iraq, God, and Moral Authority",non_theist,pro,Christopher Hitchens,pro-iraq-realized-humanitarian-gains,reply,2,82,76,73,87,85,75,79,material warrant or verification step compressed,v4-closed-findings-adapter
20,hitchens-hitchens-iraq-god-2008,"Christopher Hitchens vs Peter Hitchens: Iraq, God, and Moral Authority",theist,con,Peter Hitchens,con-iraq-adverse-balance-sheet,reply,3,86,79,98,87,85,79,86,material warrant or verification step compressed,v4-closed-findings-adapter
20,hitchens-hitchens-iraq-god-2008,"Christopher Hitchens vs Peter Hitchens: Iraq, God, and Moral Authority",non_theist,pro,Christopher Hitchens,pro-iraq-sovereignty-forfeiture-standard,reply,3,79,77,98,87,95,77,85,material warrant or verification step compressed,v4-closed-findings-adapter
20,hitchens-hitchens-iraq-god-2008,"Christopher Hitchens vs Peter Hitchens: Iraq, God, and Moral Authority",non_theist,pro,Christopher Hitchens,pro-deism-theism-evidentiary-gap,constructive,2,92,84,87,69,95,95,87,stronger support,v4-closed-findings-adapter
20,hitchens-hitchens-iraq-god-2008,"Christopher Hitchens vs Peter Hitchens: Iraq, God, and Moral Authority",non_theist,pro,Christopher Hitchens,pro-innate-moral-integrity,constructive,3,75,67,88,87,75,69,77,assertion/anecdote/authority/speculation carries substantial weight,v4-closed-findings-adapter
20,hitchens-hitchens-iraq-god-2008,"Christopher Hitchens vs Peter Hitchens: Iraq, God, and Moral Authority",theist,con,Peter Hitchens,con-atheism-no-binding-authority,reply,3,61,58,73,87,75,59,68,assertion/anecdote/authority/speculation carries substantial weight,v4-closed-findings-adapter
20,hitchens-hitchens-iraq-god-2008,"Christopher Hitchens vs Peter Hitchens: Iraq, God, and Moral Authority",theist,con,Peter Hitchens,con-divine-order-self-government,reply,3,68,65,95,87,75,74,77,assertion/anecdote/authority/speculation carries substantial weight,v4-closed-findings-adapter
20,hitchens-hitchens-iraq-god-2008,"Christopher Hitchens vs Peter Hitchens: Iraq, God, and Moral Authority",non_theist,pro,Christopher Hitchens,pro-vicarious-redemption-responsibility,reply,2,78,65,94,86,75,58,78,assertion/anecdote/authority/speculation carries substantial weight,v4-closed-findings-adapter
20,hitchens-hitchens-iraq-god-2008,"Christopher Hitchens vs Peter Hitchens: Iraq, God, and Moral Authority",non_theist,pro,Christopher Hitchens,pro-design-suffering-cosmology,reply,2,71,70,73,69,85,67,72,material warrant or verification step compressed,v4-closed-findings-adapter
20,hitchens-hitchens-iraq-god-2008,"Christopher Hitchens vs Peter Hitchens: Iraq, God, and Moral Authority",theist,con,Peter Hitchens,con-isaac-sacrifice-repudiated,reply,2,78,67,73,69,75,79,73,assertion/anecdote/authority/speculation carries substantial weight,v4-closed-findings-adapter
20,hitchens-hitchens-iraq-god-2008,"Christopher Hitchens vs Peter Hitchens: Iraq, God, and Moral Authority",non_theist,pro,Christopher Hitchens,pro-divine-authorization-moral-license,reply,3,85,72,99,87,75,73,83,material warrant or verification step compressed,v4-closed-findings-adapter
20,hitchens-hitchens-iraq-god-2008,"Christopher Hitchens vs Peter Hitchens: Iraq, God, and Moral Authority",non_theist,pro,Christopher Hitchens,pro-solidarity-secular-motivation,constructive,3,83,73,88,87,75,76,81,material warrant or verification step compressed,v4-closed-findings-adapter
20,hitchens-hitchens-iraq-god-2008,"Christopher Hitchens vs Peter Hitchens: Iraq, God, and Moral Authority",theist,con,Peter Hitchens,con-objective-morality-borrowed-ground,reply,3,65,56,73,87,75,58,68,assertion/anecdote/authority/speculation carries substantial weight,v4-closed-findings-adapter
20,hitchens-hitchens-iraq-god-2008,"Christopher Hitchens vs Peter Hitchens: Iraq, God, and Moral Authority",theist,con,Peter Hitchens,con-aggression-restraint-distinction,reply,3,85,76,98,87,85,79,86,material warrant or verification step compressed,v4-closed-findings-adapter
20,hitchens-hitchens-iraq-god-2008,"Christopher Hitchens vs Peter Hitchens: Iraq, God, and Moral Authority",theist,con,Peter Hitchens,con-religion-net-civilizational-function,reply,3,78,56,73,87,60,72,72,assertion/anecdote/authority/speculation carries substantial weight,v4-closed-findings-adapter
20,hitchens-hitchens-iraq-god-2008,"Christopher Hitchens vs Peter Hitchens: Iraq, God, and Moral Authority",non_theist,pro,Christopher Hitchens,pro-totalitarianism-religious-continuities,reply,2,67,62,72,68,60,58,66,assertion/anecdote/authority/speculation carries substantial weight,v4-closed-findings-adapter
20,hitchens-hitchens-iraq-god-2008,"Christopher Hitchens vs Peter Hitchens: Iraq, God, and Moral Authority",theist,con,Peter Hitchens,con-secular-terror-soviet-persecution,reply,2,82,76,73,69,85,81,77,material warrant or verification step compressed,v4-closed-findings-adapter
20,hitchens-hitchens-iraq-god-2008,"Christopher Hitchens vs Peter Hitchens: Iraq, God, and Moral Authority",non_theist,pro,Christopher Hitchens,pro-humanism-causal-test,reply,2,88,74,99,69,95,79,84,material warrant or verification step compressed,v4-closed-findings-adapter
21,hitchens-wolpe-great-god-debate-2010,Christopher Hitchens vs Rabbi David Wolpe: The Great God Debate,theist,con,Rabbi David Wolpe,con-god-source-relational-ground,constructive,3,77,60,82,87,75,75,76,assertion/anecdote/authority/speculation carries substantial weight,v4-closed-findings-adapter
21,hitchens-wolpe-great-god-debate-2010,Christopher Hitchens vs Rabbi David Wolpe: The Great God Debate,non_theist,pro,Christopher Hitchens,pro-projection-parental-consolation,constructive,3,79,68,85,69,75,74,76,assertion/anecdote/authority/speculation carries substantial weight,v4-closed-findings-adapter
21,hitchens-wolpe-great-god-debate-2010,Christopher Hitchens vs Rabbi David Wolpe: The Great God Debate,theist,con,Rabbi David Wolpe,con-intangible-reality-theistic-inference,reply,3,72,65,57,87,75,85,71,assertion/anecdote/authority/speculation carries substantial weight,v4-closed-findings-adapter
21,hitchens-wolpe-great-god-debate-2010,Christopher Hitchens vs Rabbi David Wolpe: The Great God Debate,non_theist,pro,Christopher Hitchens,pro-verifiable-natural-cosmology-evolution,reply,3,87,82,98,87,95,93,90,stronger support,v4-closed-findings-adapter
21,hitchens-wolpe-great-god-debate-2010,Christopher Hitchens vs Rabbi David Wolpe: The Great God Debate,theist,con,Rabbi David Wolpe,con-immaterial-agency-free-will,reply,3,60,55,55,87,75,59,63,assertion/anecdote/authority/speculation carries substantial weight,v4-closed-findings-adapter
21,hitchens-wolpe-great-god-debate-2010,Christopher Hitchens vs Rabbi David Wolpe: The Great God Debate,non_theist,pro,Christopher Hitchens,pro-evolutionary-contingency-against-determinism,reply,3,66,71,95,87,75,61,76,material warrant or verification step compressed,v4-closed-findings-adapter
21,hitchens-wolpe-great-god-debate-2010,Christopher Hitchens vs Rabbi David Wolpe: The Great God Debate,theist,con,Rabbi David Wolpe,con-judaism-character-and-justice,reply,3,77,69,55,86,75,74,72,assertion/anecdote/authority/speculation carries substantial weight,v4-closed-findings-adapter
21,hitchens-wolpe-great-god-debate-2010,Christopher Hitchens vs Rabbi David Wolpe: The Great God Debate,non_theist,pro,Christopher Hitchens,pro-scriptural-tribal-prejudice-harm,reply,3,84,77,99,87,75,79,85,material warrant or verification step compressed,v4-closed-findings-adapter
21,hitchens-wolpe-great-god-debate-2010,Christopher Hitchens vs Rabbi David Wolpe: The Great God Debate,theist,con,Rabbi David Wolpe,con-evolving-self-refining-tradition,reply,3,80,67,98,69,95,87,82,assertion/anecdote/authority/speculation carries substantial weight,v4-closed-findings-adapter
21,hitchens-wolpe-great-god-debate-2010,Christopher Hitchens vs Rabbi David Wolpe: The Great God Debate,non_theist,pro,Christopher Hitchens,pro-no-unique-religious-moral-capacity,reply,3,86,65,54,87,95,91,77,assertion/anecdote/authority/speculation carries substantial weight,v4-closed-findings-adapter
21,hitchens-wolpe-great-god-debate-2010,Christopher Hitchens vs Rabbi David Wolpe: The Great God Debate,theist,con,Rabbi David Wolpe,con-religious-motivation-and-sanctity,reply,2,74,56,97,68,75,62,73,assertion/anecdote/authority/speculation carries substantial weight,v4-closed-findings-adapter
21,hitchens-wolpe-great-god-debate-2010,Christopher Hitchens vs Rabbi David Wolpe: The Great God Debate,theist,con,Rabbi David Wolpe,con-community-meaning-in-grief,reply,2,82,71,95,69,95,87,82,material warrant or verification step compressed,v4-closed-findings-adapter
21,hitchens-wolpe-great-god-debate-2010,Christopher Hitchens vs Rabbi David Wolpe: The Great God Debate,non_theist,pro,Christopher Hitchens,pro-divine-mandate-multiplies-conflict,reply,3,86,76,96,87,95,92,88,material warrant or verification step compressed,v4-closed-findings-adapter
21,hitchens-wolpe-great-god-debate-2010,Christopher Hitchens vs Rabbi David Wolpe: The Great God Debate,non_theist,pro,Christopher Hitchens,pro-shared-yet-contextual-moral-reasoning,reply,3,86,79,95,87,95,89,88,material warrant or verification step compressed,v4-closed-findings-adapter
21,hitchens-wolpe-great-god-debate-2010,Christopher Hitchens vs Rabbi David Wolpe: The Great God Debate,theist,con,Rabbi David Wolpe,con-objective-morality-with-reasoning,reply,3,62,56,98,87,75,58,73,assertion/anecdote/authority/speculation carries substantial weight,v4-closed-findings-adapter
21,hitchens-wolpe-great-god-debate-2010,Christopher Hitchens vs Rabbi David Wolpe: The Great God Debate,non_theist,pro,Christopher Hitchens,pro-creator-regress-and-deism-gap,reply,3,91,78,99,87,95,93,90,material warrant or verification step compressed,v4-closed-findings-adapter
21,hitchens-wolpe-great-god-debate-2010,Christopher Hitchens vs Rabbi David Wolpe: The Great God Debate,non_theist,pro,Christopher Hitchens,pro-natural-transcendence-without-supernaturalism,reply,2,91,81,99,87,95,94,91,stronger support,v4-closed-findings-adapter
21,hitchens-wolpe-great-god-debate-2010,Christopher Hitchens vs Rabbi David Wolpe: The Great God Debate,theist,con,Rabbi David Wolpe,con-universal-moral-obligation,reply,3,76,58,97,87,95,74,80,assertion/anecdote/authority/speculation carries substantial weight,v4-closed-findings-adapter
21,hitchens-wolpe-great-god-debate-2010,Christopher Hitchens vs Rabbi David Wolpe: The Great God Debate,theist,con,Rabbi David Wolpe,con-divine-freedom-and-intentional-choice,reply,3,78,64,98,87,85,80,81,assertion/anecdote/authority/speculation carries substantial weight,v4-closed-findings-adapter
22,turek-hitchens-god-existence-2008,Frank Turek vs Christopher Hitchens: Does God Exist?,theist,pro,Frank Turek,pro-cosmic-beginning-personal-cause,constructive,3,64,61,84,87,75,61,72,assertion/anecdote/authority/speculation carries substantial weight,v4-closed-findings-adapter
22,turek-hitchens-god-existence-2008,Frank Turek vs Christopher Hitchens: Does God Exist?,theist,pro,Frank Turek,pro-cosmic-planetary-fine-tuning,constructive,3,74,61,84,87,75,60,74,assertion/anecdote/authority/speculation carries substantial weight,v4-closed-findings-adapter
22,turek-hitchens-god-existence-2008,Frank Turek vs Christopher Hitchens: Does God Exist?,theist,pro,Frank Turek,pro-dna-specified-information-design,constructive,3,57,48,80,87,75,43,65,effectively unsupported,v4-closed-findings-adapter
22,turek-hitchens-god-existence-2008,Frank Turek vs Christopher Hitchens: Does God Exist?,theist,pro,Frank Turek,pro-objective-morality-divine-ground,constructive,3,68,59,87,87,85,60,74,assertion/anecdote/authority/speculation carries substantial weight,v4-closed-findings-adapter
22,turek-hitchens-god-existence-2008,Frank Turek vs Christopher Hitchens: Does God Exist?,theist,pro,Frank Turek,pro-reason-mathematics-freedom,constructive,2,58,46,76,69,60,56,61,effectively unsupported,v4-closed-findings-adapter
22,turek-hitchens-god-existence-2008,Frank Turek vs Christopher Hitchens: Does God Exist?,theist,pro,Frank Turek,pro-consciousness-theistic-explanation,constructive,2,53,45,73,68,75,40,59,effectively unsupported,v4-closed-findings-adapter
22,turek-hitchens-god-existence-2008,Frank Turek vs Christopher Hitchens: Does God Exist?,non_theist,con,Christopher Hitchens,con-autonomy-against-divine-permission,reply,2,66,60,57,86,75,57,66,assertion/anecdote/authority/speculation carries substantial weight,v4-closed-findings-adapter
22,turek-hitchens-god-existence-2008,Frank Turek vs Christopher Hitchens: Does God Exist?,non_theist,con,Christopher Hitchens,con-divine-tyranny-against-moral-autonomy,reply,3,70,60,71,87,75,59,70,assertion/anecdote/authority/speculation carries substantial weight,v4-closed-findings-adapter
22,turek-hitchens-god-existence-2008,Frank Turek vs Christopher Hitchens: Does God Exist?,non_theist,con,Christopher Hitchens,con-theistic-claimant-burden,reply,3,87,72,98,87,95,80,86,material warrant or verification step compressed,v4-closed-findings-adapter
22,turek-hitchens-god-existence-2008,Frank Turek vs Christopher Hitchens: Does God Exist?,non_theist,con,Christopher Hitchens,con-designer-christianity-gap,reply,3,94,86,99,87,95,94,92,stronger support,v4-closed-findings-adapter
22,turek-hitchens-god-existence-2008,Frank Turek vs Christopher Hitchens: Does God Exist?,non_theist,con,Christopher Hitchens,con-secular-morality-and-religious-crime,reply,3,79,71,71,87,75,68,76,material warrant or verification step compressed,v4-closed-findings-adapter
22,turek-hitchens-god-existence-2008,Frank Turek vs Christopher Hitchens: Does God Exist?,theist,pro,Frank Turek,pro-wrongdoing-generic-theism-distinction,reply,3,88,77,98,69,95,89,86,material warrant or verification step compressed,v4-closed-findings-adapter
22,turek-hitchens-god-existence-2008,Frank Turek vs Christopher Hitchens: Does God Exist?,non_theist,con,Christopher Hitchens,con-evolution-parsimony-against-designer,reply,3,66,68,97,87,60,50,74,assertion/anecdote/authority/speculation carries substantial weight,v4-closed-findings-adapter
22,turek-hitchens-god-existence-2008,Frank Turek vs Christopher Hitchens: Does God Exist?,non_theist,con,Christopher Hitchens,con-ignorance-does-not-license-creator,reply,3,92,83,99,87,95,91,91,stronger support,v4-closed-findings-adapter
22,turek-hitchens-god-existence-2008,Frank Turek vs Christopher Hitchens: Does God Exist?,non_theist,con,Christopher Hitchens,con-vicarious-redemption-scapegoating,reply,3,76,66,57,87,85,68,72,assertion/anecdote/authority/speculation carries substantial weight,v4-closed-findings-adapter
22,turek-hitchens-god-existence-2008,Frank Turek vs Christopher Hitchens: Does God Exist?,non_theist,con,Christopher Hitchens,con-dna-design-underdetermination,reply,3,90,80,99,87,95,92,90,stronger support,v4-closed-findings-adapter
22,turek-hitchens-god-existence-2008,Frank Turek vs Christopher Hitchens: Does God Exist?,theist,pro,Frank Turek,pro-resurrection-christian-evidence-bridge,reply,3,78,55,73,87,95,81,76,assertion/anecdote/authority/speculation carries substantial weight,v4-closed-findings-adapter
22,turek-hitchens-god-existence-2008,Frank Turek vs Christopher Hitchens: Does God Exist?,theist,pro,Frank Turek,pro-empathy-normativity-distinction,reply,3,86,76,98,87,95,77,87,material warrant or verification step compressed,v4-closed-findings-adapter
22,turek-hitchens-god-existence-2008,Frank Turek vs Christopher Hitchens: Does God Exist?,non_theist,con,Christopher Hitchens,con-secular-sacrifice-without-reward,reply,3,82,78,71,87,85,71,79,material warrant or verification step compressed,v4-closed-findings-adapter
24,hitchens-olasky-religion-grace-2007,"Christopher Hitchens vs Marvin Olasky: Religion, Grace, and Secular Morality",non_theist,pro,Christopher Hitchens,pro-natural-origin-of-religion,constructive,3,66,62,85,87,75,59,72,assertion/anecdote/authority/speculation carries substantial weight,v4-closed-findings-adapter
24,hitchens-olasky-religion-grace-2007,"Christopher Hitchens vs Marvin Olasky: Religion, Grace, and Secular Morality",non_theist,pro,Christopher Hitchens,pro-divine-warrant-enables-theocracy,constructive,3,85,77,90,87,85,75,84,material warrant or verification step compressed,v4-closed-findings-adapter
24,hitchens-olasky-religion-grace-2007,"Christopher Hitchens vs Marvin Olasky: Religion, Grace, and Secular Morality",non_theist,pro,Christopher Hitchens,pro-secular-government-protects-liberty,constructive,2,82,75,81,69,85,80,79,material warrant or verification step compressed,v4-closed-findings-adapter
24,hitchens-olasky-religion-grace-2007,"Christopher Hitchens vs Marvin Olasky: Religion, Grace, and Secular Morality",theist,con,Marvin Olasky,con-scope-universal-poison-burden,reply,3,90,75,99,100,95,89,91,material warrant or verification step compressed,v4-closed-findings-adapter
24,hitchens-olasky-religion-grace-2007,"Christopher Hitchens vs Marvin Olasky: Religion, Grace, and Secular Morality",theist,con,Marvin Olasky,con-authority-independence-inspiration-coexistence,reply,2,80,73,94,86,95,89,85,material warrant or verification step compressed,v4-closed-findings-adapter
24,hitchens-olasky-religion-grace-2007,"Christopher Hitchens vs Marvin Olasky: Religion, Grace, and Secular Morality",theist,con,Marvin Olasky,con-credibility-archaeological-corroboration,reply,2,83,74,93,87,95,90,86,material warrant or verification step compressed,v4-closed-findings-adapter
24,hitchens-olasky-religion-grace-2007,"Christopher Hitchens vs Marvin Olasky: Religion, Grace, and Secular Morality",theist,con,Marvin Olasky,con-charity-costly-christian-adoption,reply,3,85,77,94,100,95,81,88,material warrant or verification step compressed,v4-closed-findings-adapter
24,hitchens-olasky-religion-grace-2007,"Christopher Hitchens vs Marvin Olasky: Religion, Grace, and Secular Morality",theist,con,Marvin Olasky,con-public-fruits-charity-liberty-press,reply,3,73,64,95,87,75,64,77,assertion/anecdote/authority/speculation carries substantial weight,v4-closed-findings-adapter
24,hitchens-olasky-religion-grace-2007,"Christopher Hitchens vs Marvin Olasky: Religion, Grace, and Secular Morality",non_theist,pro,Christopher Hitchens,pro-charity-does-not-validate-religion,reply,3,80,71,95,100,95,88,87,material warrant or verification step compressed,v4-closed-findings-adapter
24,hitchens-olasky-religion-grace-2007,"Christopher Hitchens vs Marvin Olasky: Religion, Grace, and Secular Morality",theist,con,Marvin Olasky,con-scope-symmetrical-attribution,reply,3,91,82,99,87,95,91,91,stronger support,v4-closed-findings-adapter
24,hitchens-olasky-religion-grace-2007,"Christopher Hitchens vs Marvin Olasky: Religion, Grace, and Secular Morality",theist,con,Marvin Olasky,con-grace-creation-fall-rescue-redemption,constructive,3,84,69,90,87,95,75,83,assertion/anecdote/authority/speculation carries substantial weight,v4-closed-findings-adapter
24,hitchens-olasky-religion-grace-2007,"Christopher Hitchens vs Marvin Olasky: Religion, Grace, and Secular Morality",theist,con,Marvin Olasky,con-scripture-amalek-exceptional-warfare,reply,3,61,52,70,68,75,67,64,assertion/anecdote/authority/speculation carries substantial weight,v4-closed-findings-adapter
24,hitchens-olasky-religion-grace-2007,"Christopher Hitchens vs Marvin Olasky: Religion, Grace, and Secular Morality",non_theist,pro,Christopher Hitchens,pro-undirected-evolution,reply,3,77,79,72,87,85,75,79,material warrant or verification step compressed,v4-closed-findings-adapter
24,hitchens-olasky-religion-grace-2007,"Christopher Hitchens vs Marvin Olasky: Religion, Grace, and Secular Morality",non_theist,pro,Christopher Hitchens,pro-inherited-guilt-and-cosmic-egotism,reply,3,65,54,94,86,75,57,72,assertion/anecdote/authority/speculation carries substantial weight,v4-closed-findings-adapter
24,hitchens-olasky-religion-grace-2007,"Christopher Hitchens vs Marvin Olasky: Religion, Grace, and Secular Morality",non_theist,pro,Christopher Hitchens,pro-scriptural-child-killing-objection,reply,3,91,83,98,69,95,93,88,stronger support,v4-closed-findings-adapter
24,hitchens-olasky-religion-grace-2007,"Christopher Hitchens vs Marvin Olasky: Religion, Grace, and Secular Morality",non_theist,pro,Christopher Hitchens,pro-religious-credit-pollutes-honesty,reply,2,70,59,95,87,75,61,75,assertion/anecdote/authority/speculation carries substantial weight,v4-closed-findings-adapter
24,hitchens-olasky-religion-grace-2007,"Christopher Hitchens vs Marvin Olasky: Religion, Grace, and Secular Morality",theist,con,Marvin Olasky,con-credibility-gospel-witnesses-details,reply,2,77,67,71,87,85,76,76,assertion/anecdote/authority/speculation carries substantial weight,v4-closed-findings-adapter
24,hitchens-olasky-religion-grace-2007,"Christopher Hitchens vs Marvin Olasky: Religion, Grace, and Secular Morality",theist,con,Marvin Olasky,con-grace-forgiveness-and-transformation,reply,3,83,74,95,87,95,80,85,material warrant or verification step compressed,v4-closed-findings-adapter
24,hitchens-olasky-religion-grace-2007,"Christopher Hitchens vs Marvin Olasky: Religion, Grace, and Secular Morality",non_theist,pro,Christopher Hitchens,pro-faith-obstructs-vaccination,reply,2,84,69,95,69,75,80,80,assertion/anecdote/authority/speculation carries substantial weight,v4-closed-findings-adapter
24,hitchens-olasky-religion-grace-2007,"Christopher Hitchens vs Marvin Olasky: Religion, Grace, and Secular Morality",non_theist,pro,Christopher Hitchens,pro-evolutionary-human-morality,reply,3,82,72,95,87,75,78,82,material warrant or verification step compressed,v4-closed-findings-adapter
25,hitchens-ramadan-islam-peace-2010,Christopher Hitchens vs Tariq Ramadan: Is Islam a Religion of Peace?,non_theist,pro,Christopher Hitchens,pro-religion-peace-caliphate,constructive,3,74,68,88,100,75,75,80,assertion/anecdote/authority/speculation carries substantial weight,v4-closed-findings-adapter
25,hitchens-ramadan-islam-peace-2010,Christopher Hitchens vs Tariq Ramadan: Is Islam a Religion of Peace?,non_theist,pro,Christopher Hitchens,pro-authenticity-arbiter-schism,constructive,3,80,70,91,87,75,79,81,material warrant or verification step compressed,v4-closed-findings-adapter
25,hitchens-ramadan-islam-peace-2010,Christopher Hitchens vs Tariq Ramadan: Is Islam a Religion of Peace?,non_theist,pro,Christopher Hitchens,pro-final-revelation-blasphemy,constructive,3,84,74,91,87,75,75,82,material warrant or verification step compressed,v4-closed-findings-adapter
25,hitchens-ramadan-islam-peace-2010,Christopher Hitchens vs Tariq Ramadan: Is Islam a Religion of Peace?,theist,con,Tariq Ramadan,con-peace-direction-criterion,reply,3,86,73,97,99,95,90,89,material warrant or verification step compressed,v4-closed-findings-adapter
25,hitchens-ramadan-islam-peace-2010,Christopher Hitchens vs Tariq Ramadan: Is Islam a Religion of Peace?,theist,con,Tariq Ramadan,con-interpretive-diversity,reply,3,87,73,73,87,95,80,82,material warrant or verification step compressed,v4-closed-findings-adapter
25,hitchens-ramadan-islam-peace-2010,Christopher Hitchens vs Tariq Ramadan: Is Islam a Religion of Peace?,theist,con,Tariq Ramadan,con-islamic-peace-process,reply,3,88,78,72,100,95,85,85,material warrant or verification step compressed,v4-closed-findings-adapter
25,hitchens-ramadan-islam-peace-2010,Christopher Hitchens vs Tariq Ramadan: Is Islam a Religion of Peace?,theist,con,Tariq Ramadan,con-condemn-violent-readings,reply,3,86,70,72,87,95,87,81,material warrant or verification step compressed,v4-closed-findings-adapter
25,hitchens-ramadan-islam-peace-2010,Christopher Hitchens vs Tariq Ramadan: Is Islam a Religion of Peace?,non_theist,pro,Christopher Hitchens,pro-submission-not-peace,reply,2,68,64,71,86,75,68,71,assertion/anecdote/authority/speculation carries substantial weight,v4-closed-findings-adapter
25,hitchens-ramadan-islam-peace-2010,Christopher Hitchens vs Tariq Ramadan: Is Islam a Religion of Peace?,non_theist,pro,Christopher Hitchens,pro-intimidation-censorship,reply,3,84,75,70,87,75,75,78,material warrant or verification step compressed,v4-closed-findings-adapter
25,hitchens-ramadan-islam-peace-2010,Christopher Hitchens vs Tariq Ramadan: Is Islam a Religion of Peace?,non_theist,pro,Christopher Hitchens,pro-secular-equality-guarantee,constructive,3,85,74,91,87,85,78,84,material warrant or verification step compressed,v4-closed-findings-adapter
25,hitchens-ramadan-islam-peace-2010,Christopher Hitchens vs Tariq Ramadan: Is Islam a Religion of Peace?,theist,con,Tariq Ramadan,con-mainstream-condemnation,reply,3,87,76,73,87,75,81,80,material warrant or verification step compressed,v4-closed-findings-adapter
25,hitchens-ramadan-islam-peace-2010,Christopher Hitchens vs Tariq Ramadan: Is Islam a Religion of Peace?,theist,con,Tariq Ramadan,con-religious-civic-pluralism,reply,3,85,73,73,87,95,82,81,material warrant or verification step compressed,v4-closed-findings-adapter
25,hitchens-ramadan-islam-peace-2010,Christopher Hitchens vs Tariq Ramadan: Is Islam a Religion of Peace?,non_theist,pro,Christopher Hitchens,pro-cartoon-rushdie-coercion,reply,3,89,82,96,87,95,78,88,stronger support,v4-closed-findings-adapter
25,hitchens-ramadan-islam-peace-2010,Christopher Hitchens vs Tariq Ramadan: Is Islam a Religion of Peace?,theist,con,Tariq Ramadan,con-cartoon-crisis-political-causation,reply,3,81,77,72,87,95,75,80,material warrant or verification step compressed,v4-closed-findings-adapter
25,hitchens-ramadan-islam-peace-2010,Christopher Hitchens vs Tariq Ramadan: Is Islam a Religion of Peace?,theist,con,Tariq Ramadan,con-historical-political-causation,reply,3,85,75,72,69,75,80,77,material warrant or verification step compressed,v4-closed-findings-adapter
25,hitchens-ramadan-islam-peace-2010,Christopher Hitchens vs Tariq Ramadan: Is Islam a Religion of Peace?,non_theist,pro,Christopher Hitchens,pro-turkey-legal-political-causes,reply,2,89,83,98,69,95,90,87,stronger support,v4-closed-findings-adapter
25,hitchens-ramadan-islam-peace-2010,Christopher Hitchens vs Tariq Ramadan: Is Islam a Religion of Peace?,theist,con,Tariq Ramadan,con-internal-reform-resources,constructive,3,82,74,86,87,75,75,81,material warrant or verification step compressed,v4-closed-findings-adapter
25,hitchens-ramadan-islam-peace-2010,Christopher Hitchens vs Tariq Ramadan: Is Islam a Religion of Peace?,theist,con,Tariq Ramadan,con-sharia-equal-citizenship,reply,3,86,74,73,87,95,88,82,material warrant or verification step compressed,v4-closed-findings-adapter
25,hitchens-ramadan-islam-peace-2010,Christopher Hitchens vs Tariq Ramadan: Is Islam a Religion of Peace?,non_theist,pro,Christopher Hitchens,pro-sharia-uneven-human-law,reply,2,65,63,71,86,75,62,70,assertion/anecdote/authority/speculation carries substantial weight,v4-closed-findings-adapter
25,hitchens-ramadan-islam-peace-2010,Christopher Hitchens vs Tariq Ramadan: Is Islam a Religion of Peace?,non_theist,pro,Christopher Hitchens,pro-balkan-secular-comparison,reply,2,79,73,73,69,75,79,75,material warrant or verification step compressed,v4-closed-findings-adapter
26,turek-hitchens-reality-theism-atheism-2011,Frank Turek vs Christopher Hitchens: What Best Explains Reality?,theist,pro,Frank Turek,pro-cosmic-beginning-supernatural-cause,constructive,3,74,69,89,87,85,68,78,assertion/anecdote/authority/speculation carries substantial weight,v4-closed-findings-adapter
26,turek-hitchens-reality-theism-atheism-2011,Frank Turek vs Christopher Hitchens: What Best Explains Reality?,theist,pro,Frank Turek,pro-cosmic-fine-tuning-design,constructive,3,80,73,89,87,85,75,81,material warrant or verification step compressed,v4-closed-findings-adapter
26,turek-hitchens-reality-theism-atheism-2011,Frank Turek vs Christopher Hitchens: What Best Explains Reality?,theist,pro,Frank Turek,pro-biological-information-mind,constructive,3,65,59,87,87,75,59,72,assertion/anecdote/authority/speculation carries substantial weight,v4-closed-findings-adapter
26,turek-hitchens-reality-theism-atheism-2011,Frank Turek vs Christopher Hitchens: What Best Explains Reality?,theist,pro,Frank Turek,pro-objective-morality-divine-standard,constructive,3,67,60,89,87,95,58,75,assertion/anecdote/authority/speculation carries substantial weight,v4-closed-findings-adapter
26,turek-hitchens-reality-theism-atheism-2011,Frank Turek vs Christopher Hitchens: What Best Explains Reality?,theist,pro,Frank Turek,pro-truth-reason-theistic-foundation,constructive,2,65,57,83,86,75,59,71,assertion/anecdote/authority/speculation carries substantial weight,v4-closed-findings-adapter
26,turek-hitchens-reality-theism-atheism-2011,Frank Turek vs Christopher Hitchens: What Best Explains Reality?,theist,pro,Frank Turek,pro-resurrection-disciples-testimony,constructive,3,60,54,84,87,75,57,69,assertion/anecdote/authority/speculation carries substantial weight,v4-closed-findings-adapter
26,turek-hitchens-reality-theism-atheism-2011,Frank Turek vs Christopher Hitchens: What Best Explains Reality?,non_theist,con,Christopher Hitchens,con-c007-laws-operate-without-prime-mover,reply,3,78,70,95,87,95,89,84,material warrant or verification step compressed,v4-closed-findings-adapter
26,turek-hitchens-reality-theism-atheism-2011,Frank Turek vs Christopher Hitchens: What Best Explains Reality?,non_theist,con,Christopher Hitchens,con-c010-miracle-reports-less-probable-than-error,reply,3,83,72,98,87,95,77,85,material warrant or verification step compressed,v4-closed-findings-adapter
26,turek-hitchens-reality-theism-atheism-2011,Frank Turek vs Christopher Hitchens: What Best Explains Reality?,non_theist,con,Christopher Hitchens,con-c002-01-designer-regress-and-revelation-gap,reply,3,81,70,96,87,95,78,84,material warrant or verification step compressed,v4-closed-findings-adapter
26,turek-hitchens-reality-theism-atheism-2011,Frank Turek vs Christopher Hitchens: What Best Explains Reality?,non_theist,con,Christopher Hitchens,con-c002-02-waste-and-suffering-against-design,reply,3,81,75,97,87,95,78,85,material warrant or verification step compressed,v4-closed-findings-adapter
26,turek-hitchens-reality-theism-atheism-2011,Frank Turek vs Christopher Hitchens: What Best Explains Reality?,theist,pro,Frank Turek,pro-miracles-forensic-singular-events,reply,3,77,64,71,86,95,72,76,assertion/anecdote/authority/speculation carries substantial weight,v4-closed-findings-adapter
26,turek-hitchens-reality-theism-atheism-2011,Frank Turek vs Christopher Hitchens: What Best Explains Reality?,theist,pro,Frank Turek,pro-eternal-personal-cosmic-cause,reply,3,70,63,72,87,85,61,72,assertion/anecdote/authority/speculation carries substantial weight,v4-closed-findings-adapter
26,turek-hitchens-reality-theism-atheism-2011,Frank Turek vs Christopher Hitchens: What Best Explains Reality?,non_theist,con,Christopher Hitchens,con-c002-08-darwinian-explanation-of-complexity,reply,3,80,70,97,87,85,65,81,material warrant or verification step compressed,v4-closed-findings-adapter
26,turek-hitchens-reality-theism-atheism-2011,Frank Turek vs Christopher Hitchens: What Best Explains Reality?,non_theist,con,Christopher Hitchens,con-c002-10-diversity-supports-human-religious-origin,reply,3,80,71,94,87,85,78,82,material warrant or verification step compressed,v4-closed-findings-adapter
26,turek-hitchens-reality-theism-atheism-2011,Frank Turek vs Christopher Hitchens: What Best Explains Reality?,non_theist,con,Christopher Hitchens,con-chunk003-01-divine-sanction-can-license-wickedness,reply,2,73,64,93,69,75,62,74,assertion/anecdote/authority/speculation carries substantial weight,v4-closed-findings-adapter
26,turek-hitchens-reality-theism-atheism-2011,Frank Turek vs Christopher Hitchens: What Best Explains Reality?,non_theist,con,Christopher Hitchens,con-chunk004-01-naturalistic-numinous-experience,reply,2,86,76,96,86,95,85,87,material warrant or verification step compressed,v4-closed-findings-adapter
26,turek-hitchens-reality-theism-atheism-2011,Frank Turek vs Christopher Hitchens: What Best Explains Reality?,non_theist,con,Christopher Hitchens,con-chunk004-02-transcendence-compatible-with-chemistry,reply,2,82,71,96,86,75,87,83,material warrant or verification step compressed,v4-closed-findings-adapter
26,turek-hitchens-reality-theism-atheism-2011,Frank Turek vs Christopher Hitchens: What Best Explains Reality?,non_theist,con,Christopher Hitchens,con-chunk004-04-law-and-solidarity-ground-responsibility,reply,3,82,73,72,87,95,85,81,material warrant or verification step compressed,v4-closed-findings-adapter
26,turek-hitchens-reality-theism-atheism-2011,Frank Turek vs Christopher Hitchens: What Best Explains Reality?,theist,pro,Frank Turek,pro-atheistic-moral-criticism-borrowing,reply,3,65,57,71,87,75,58,68,assertion/anecdote/authority/speculation carries substantial weight,v4-closed-findings-adapter
27,oconnor-turek-evil-moral-argument-2017,Alex O'Connor vs Frank Turek: The Moral Argument Debate,theist,pro,Frank Turek,pro-evil-good-divine-ground,constructive,3,66,55,85,100,75,68,74,assertion/anecdote/authority/speculation carries substantial weight,v4-closed-findings-adapter
27,oconnor-turek-evil-moral-argument-2017,Alex O'Connor vs Frank Turek: The Moral Argument Debate,non_theist,con,Alex O'Connor,con-burden-agnostic-atheism-nonbelief,reply,2,87,79,57,69,95,85,77,material warrant or verification step compressed,v4-closed-findings-adapter
27,oconnor-turek-evil-moral-argument-2017,Alex O'Connor vs Frank Turek: The Moral Argument Debate,theist,pro,Frank Turek,pro-atheist-positive-claims-burden,reply,2,90,73,99,69,75,94,84,material warrant or verification step compressed,v4-closed-findings-adapter
27,oconnor-turek-evil-moral-argument-2017,Alex O'Connor vs Frank Turek: The Moral Argument Debate,theist,pro,Frank Turek,pro-moral-argument-limited-conclusion,reply,1,93,84,98,69,95,95,89,stronger support,v4-closed-findings-adapter
27,oconnor-turek-evil-moral-argument-2017,Alex O'Connor vs Frank Turek: The Moral Argument Debate,non_theist,con,Alex O'Connor,con-objective-morality-evidential-concession,reply,2,91,84,95,87,95,94,91,stronger support,v4-closed-findings-adapter
27,oconnor-turek-evil-moral-argument-2017,Alex O'Connor vs Frank Turek: The Moral Argument Debate,non_theist,con,Alex O'Connor,con-conscious-moral-status-circular-grounding,reply,3,85,78,99,87,95,81,87,material warrant or verification step compressed,v4-closed-findings-adapter
27,oconnor-turek-evil-moral-argument-2017,Alex O'Connor vs Frank Turek: The Moral Argument Debate,non_theist,con,Alex O'Connor,con-evolved-dispositions-conditional-rules,reply,3,80,74,98,100,75,91,86,material warrant or verification step compressed,v4-closed-findings-adapter
27,oconnor-turek-evil-moral-argument-2017,Alex O'Connor vs Frank Turek: The Moral Argument Debate,theist,pro,Frank Turek,pro-evolution-global-belief-defeater,reply,3,62,54,99,87,75,60,73,assertion/anecdote/authority/speculation carries substantial weight,v4-closed-findings-adapter
27,oconnor-turek-evil-moral-argument-2017,Alex O'Connor vs Frank Turek: The Moral Argument Debate,non_theist,con,Alex O'Connor,con-reason-necessary-epistemic-baseline,reply,2,85,78,97,69,95,89,85,material warrant or verification step compressed,v4-closed-findings-adapter
27,oconnor-turek-evil-moral-argument-2017,Alex O'Connor vs Frank Turek: The Moral Argument Debate,theist,pro,Frank Turek,pro-logic-reason-naturalist-grounding,reply,3,76,55,99,69,75,74,75,assertion/anecdote/authority/speculation carries substantial weight,v4-closed-findings-adapter
27,oconnor-turek-evil-moral-argument-2017,Alex O'Connor vs Frank Turek: The Moral Argument Debate,non_theist,con,Alex O'Connor,con-objective-logic-subjective-reasoning,reply,2,73,72,97,86,60,90,80,material warrant or verification step compressed,v4-closed-findings-adapter
27,oconnor-turek-evil-moral-argument-2017,Alex O'Connor vs Frank Turek: The Moral Argument Debate,theist,pro,Frank Turek,pro-subjective-reason-self-defeat,reply,3,64,61,99,87,75,59,74,assertion/anecdote/authority/speculation carries substantial weight,v4-closed-findings-adapter
27,oconnor-turek-evil-moral-argument-2017,Alex O'Connor vs Frank Turek: The Moral Argument Debate,non_theist,con,Alex O'Connor,con-compelling-yet-culturally-contingent-judgment,reply,3,91,77,98,87,95,91,89,material warrant or verification step compressed,v4-closed-findings-adapter
27,oconnor-turek-evil-moral-argument-2017,Alex O'Connor vs Frank Turek: The Moral Argument Debate,theist,pro,Frank Turek,pro-basic-objective-obligation,reply,3,80,70,98,87,75,78,82,material warrant or verification step compressed,v4-closed-findings-adapter
27,oconnor-turek-evil-moral-argument-2017,Alex O'Connor vs Frank Turek: The Moral Argument Debate,non_theist,con,Alex O'Connor,con-causal-explanation-not-moral-justification,reply,3,96,86,99,100,95,95,95,stronger support,v4-closed-findings-adapter
27,oconnor-turek-evil-moral-argument-2017,Alex O'Connor vs Frank Turek: The Moral Argument Debate,theist,pro,Frank Turek,pro-better-society-implies-best,reply,3,55,50,71,87,60,57,63,assertion/anecdote/authority/speculation carries substantial weight,v4-closed-findings-adapter
27,oconnor-turek-evil-moral-argument-2017,Alex O'Connor vs Frank Turek: The Moral Argument Debate,non_theist,con,Alex O'Connor,con-revulsion-does-not-refute-subjectivism,reply,2,93,84,99,87,95,92,92,stronger support,v4-closed-findings-adapter
27,oconnor-turek-evil-moral-argument-2017,Alex O'Connor vs Frank Turek: The Moral Argument Debate,theist,pro,Frank Turek,pro-evolution-self-reference-basic-belief,reply,3,59,53,99,87,75,59,72,assertion/anecdote/authority/speculation carries substantial weight,v4-closed-findings-adapter
27,oconnor-turek-evil-moral-argument-2017,Alex O'Connor vs Frank Turek: The Moral Argument Debate,theist,pro,Frank Turek,pro-disagreement-not-unreality,reply,2,93,83,99,69,95,92,89,stronger support,v4-closed-findings-adapter
28,turek-shermer-reality-theism-atheism-2018,Frank Turek vs Michael Shermer: What Best Explains Reality?,theist,pro,Frank Turek,pro-cosmic-beginning-fine-tuning-cause,constructive,3,76,68,91,87,75,62,78,assertion/anecdote/authority/speculation carries substantial weight,v4-closed-findings-adapter
28,turek-shermer-reality-theism-atheism-2018,Frank Turek vs Michael Shermer: What Best Explains Reality?,theist,pro,Frank Turek,pro-reason-materialism-trust-defeat,constructive,2,59,56,75,86,75,57,67,assertion/anecdote/authority/speculation carries substantial weight,v4-closed-findings-adapter
28,turek-shermer-reality-theism-atheism-2018,Frank Turek vs Michael Shermer: What Best Explains Reality?,theist,pro,Frank Turek,pro-life-dna-message-intelligence,constructive,3,62,57,78,87,75,60,69,assertion/anecdote/authority/speculation carries substantial weight,v4-closed-findings-adapter
28,turek-shermer-reality-theism-atheism-2018,Frank Turek vs Michael Shermer: What Best Explains Reality?,theist,pro,Frank Turek,pro-morality-external-divine-standard,constructive,3,72,64,86,87,85,61,76,assertion/anecdote/authority/speculation carries substantial weight,v4-closed-findings-adapter
28,turek-shermer-reality-theism-atheism-2018,Frank Turek vs Michael Shermer: What Best Explains Reality?,theist,pro,Frank Turek,pro-evil-presupposes-good-and-justice,constructive,2,65,59,77,86,75,57,70,assertion/anecdote/authority/speculation carries substantial weight,v4-closed-findings-adapter
28,turek-shermer-reality-theism-atheism-2018,Frank Turek vs Michael Shermer: What Best Explains Reality?,theist,pro,Frank Turek,pro-science-stable-order-intellect,constructive,2,61,59,76,86,75,59,69,assertion/anecdote/authority/speculation carries substantial weight,v4-closed-findings-adapter
28,turek-shermer-reality-theism-atheism-2018,Frank Turek vs Michael Shermer: What Best Explains Reality?,theist,pro,Frank Turek,pro-cumulative-theistic-identification,constructive,3,77,68,89,100,85,71,81,assertion/anecdote/authority/speculation carries substantial weight,v4-closed-findings-adapter
28,turek-shermer-reality-theism-atheism-2018,Frank Turek vs Michael Shermer: What Best Explains Reality?,non_theist,con,Michael Shermer,con-morality-harm-empathy-reciprocity,reply,3,83,78,72,87,85,74,80,material warrant or verification step compressed,v4-closed-findings-adapter
28,turek-shermer-reality-theism-atheism-2018,Frank Turek vs Michael Shermer: What Best Explains Reality?,non_theist,con,Michael Shermer,con-evidence-sensitive-atheism,constructive,3,90,81,91,100,95,85,90,stronger support,v4-closed-findings-adapter
28,turek-shermer-reality-theism-atheism-2018,Frank Turek vs Michael Shermer: What Best Explains Reality?,non_theist,con,Michael Shermer,con-god-claim-needs-mechanism,reply,3,80,74,96,87,85,75,83,material warrant or verification step compressed,v4-closed-findings-adapter
28,turek-shermer-reality-theism-atheism-2018,Frank Turek vs Michael Shermer: What Best Explains Reality?,non_theist,con,Michael Shermer,con-reason-science-as-practices,reply,2,55,57,71,86,75,54,65,assertion/anecdote/authority/speculation carries substantial weight,v4-closed-findings-adapter
28,turek-shermer-reality-theism-atheism-2018,Frank Turek vs Michael Shermer: What Best Explains Reality?,non_theist,con,Michael Shermer,con-preventable-suffering-divine-tension,reply,3,84,78,95,87,85,83,85,material warrant or verification step compressed,v4-closed-findings-adapter
28,turek-shermer-reality-theism-atheism-2018,Frank Turek vs Michael Shermer: What Best Explains Reality?,non_theist,con,Michael Shermer,con-emergent-mind-and-volition,reply,2,79,71,95,86,85,82,83,material warrant or verification step compressed,v4-closed-findings-adapter
28,turek-shermer-reality-theism-atheism-2018,Frank Turek vs Michael Shermer: What Best Explains Reality?,non_theist,con,Michael Shermer,con-genomic-evolutionary-history,reply,3,83,81,95,87,95,90,88,stronger support,v4-closed-findings-adapter
28,turek-shermer-reality-theism-atheism-2018,Frank Turek vs Michael Shermer: What Best Explains Reality?,theist,pro,Frank Turek,pro-cosmic-uncomposed-ultimate-composer,reply,2,60,51,55,86,75,59,63,assertion/anecdote/authority/speculation carries substantial weight,v4-closed-findings-adapter
28,turek-shermer-reality-theism-atheism-2018,Frank Turek vs Michael Shermer: What Best Explains Reality?,non_theist,con,Michael Shermer,con-cosmic-delay-against-human-purpose,reply,2,80,80,95,86,85,88,85,stronger support,v4-closed-findings-adapter
28,turek-shermer-reality-theism-atheism-2018,Frank Turek vs Michael Shermer: What Best Explains Reality?,non_theist,con,Michael Shermer,con-religious-diversity-nonconvergence,reply,2,80,73,95,69,75,83,80,material warrant or verification step compressed,v4-closed-findings-adapter
28,turek-shermer-reality-theism-atheism-2018,Frank Turek vs Michael Shermer: What Best Explains Reality?,theist,pro,Frank Turek,pro-religious-truth-cumulative-resurrection-case,reply,2,70,55,72,68,85,59,68,assertion/anecdote/authority/speculation carries substantial weight,v4-closed-findings-adapter
28,turek-shermer-reality-theism-atheism-2018,Frank Turek vs Michael Shermer: What Best Explains Reality?,non_theist,con,Michael Shermer,con-open-systems-information-gains,reply,3,88,84,98,87,75,81,87,stronger support,v4-closed-findings-adapter
28,turek-shermer-reality-theism-atheism-2018,Frank Turek vs Michael Shermer: What Best Explains Reality?,theist,pro,Frank Turek,pro-life-origin-epigenetic-information-gap,reply,3,65,57,71,69,75,62,66,assertion/anecdote/authority/speculation carries substantial weight,v4-closed-findings-adapter
28,turek-shermer-reality-theism-atheism-2018,Frank Turek vs Michael Shermer: What Best Explains Reality?,non_theist,con,Michael Shermer,con-relational-human-purpose,reply,2,85,75,73,86,95,81,81,material warrant or verification step compressed,v4-closed-findings-adapter
28,turek-shermer-reality-theism-atheism-2018,Frank Turek vs Michael Shermer: What Best Explains Reality?,theist,pro,Frank Turek,pro-morality-knowledge-grounding-distinction,reply,3,82,69,98,87,95,73,84,assertion/anecdote/authority/speculation carries substantial weight,v4-closed-findings-adapter
28,turek-shermer-reality-theism-atheism-2018,Frank Turek vs Michael Shermer: What Best Explains Reality?,non_theist,con,Michael Shermer,con-selection-bias-apparent-providence,reply,2,86,78,96,68,85,89,84,material warrant or verification step compressed,v4-closed-findings-adapter
28,turek-shermer-reality-theism-atheism-2018,Frank Turek vs Michael Shermer: What Best Explains Reality?,theist,pro,Frank Turek,pro-cumulative-naturalism-explanatory-deficit,reply,3,58,52,71,88,75,55,65,assertion/anecdote/authority/speculation carries substantial weight,v4-closed-findings-adapter
29,turek-silverman-reality-theism-atheism-2013,Frank Turek vs David Silverman: Which Better Explains Reality?,theist,pro,Frank Turek,pro-comparative-immaterial-reality-thesis,constructive,3,70,58,88,100,75,63,76,assertion/anecdote/authority/speculation carries substantial weight,v4-closed-findings-adapter
29,turek-silverman-reality-theism-atheism-2013,Frank Turek vs David Silverman: Which Better Explains Reality?,theist,pro,Frank Turek,pro-cosmic-beginning-fine-tuning-cause,constructive,3,77,71,91,87,75,77,80,material warrant or verification step compressed,v4-closed-findings-adapter
29,turek-silverman-reality-theism-atheism-2013,Frank Turek vs David Silverman: Which Better Explains Reality?,theist,pro,Frank Turek,pro-materialism-rational-reliability,constructive,3,61,55,87,87,75,59,70,assertion/anecdote/authority/speculation carries substantial weight,v4-closed-findings-adapter
29,turek-silverman-reality-theism-atheism-2013,Frank Turek vs David Silverman: Which Better Explains Reality?,theist,pro,Frank Turek,pro-dna-information-intelligent-source,constructive,3,65,58,85,87,75,60,71,assertion/anecdote/authority/speculation carries substantial weight,v4-closed-findings-adapter
29,turek-silverman-reality-theism-atheism-2013,Frank Turek vs David Silverman: Which Better Explains Reality?,theist,pro,Frank Turek,pro-objective-morality-transcendent-standard,constructive,3,69,62,90,87,85,71,76,assertion/anecdote/authority/speculation carries substantial weight,v4-closed-findings-adapter
29,turek-silverman-reality-theism-atheism-2013,Frank Turek vs David Silverman: Which Better Explains Reality?,non_theist,con,David Silverman,con-cosmic-hostility-against-design,reply,2,73,68,73,87,75,71,74,assertion/anecdote/authority/speculation carries substantial weight,v4-closed-findings-adapter
29,turek-silverman-reality-theism-atheism-2013,Frank Turek vs David Silverman: Which Better Explains Reality?,non_theist,con,David Silverman,con-social-morality-and-responsibility,reply,3,68,59,98,87,95,58,77,assertion/anecdote/authority/speculation carries substantial weight,v4-closed-findings-adapter
29,turek-silverman-reality-theism-atheism-2013,Frank Turek vs David Silverman: Which Better Explains Reality?,theist,pro,Frank Turek,pro-positive-intelligence-inference,reply,2,70,62,70,69,75,71,69,assertion/anecdote/authority/speculation carries substantial weight,v4-closed-findings-adapter
29,turek-silverman-reality-theism-atheism-2013,Frank Turek vs David Silverman: Which Better Explains Reality?,theist,pro,Frank Turek,pro-natural-origin-category-limit,reply,3,79,70,95,87,75,76,81,material warrant or verification step compressed,v4-closed-findings-adapter
29,turek-silverman-reality-theism-atheism-2013,Frank Turek vs David Silverman: Which Better Explains Reality?,theist,pro,Frank Turek,pro-moral-lawgiver-beyond-society,reply,3,74,66,99,87,85,79,81,assertion/anecdote/authority/speculation carries substantial weight,v4-closed-findings-adapter
29,turek-silverman-reality-theism-atheism-2013,Frank Turek vs David Silverman: Which Better Explains Reality?,non_theist,con,David Silverman,con-observer-selection-cosmic-order,reply,3,69,57,73,87,75,64,70,assertion/anecdote/authority/speculation carries substantial weight,v4-closed-findings-adapter
29,turek-silverman-reality-theism-atheism-2013,Frank Turek vs David Silverman: Which Better Explains Reality?,non_theist,con,David Silverman,con-gradual-evolutionary-complexity,reply,3,84,76,97,87,95,86,87,material warrant or verification step compressed,v4-closed-findings-adapter
29,turek-silverman-reality-theism-atheism-2013,Frank Turek vs David Silverman: Which Better Explains Reality?,non_theist,con,David Silverman,con-child-suffering-divine-attributes,reply,3,85,79,72,87,95,90,83,material warrant or verification step compressed,v4-closed-findings-adapter
29,turek-silverman-reality-theism-atheism-2013,Frank Turek vs David Silverman: Which Better Explains Reality?,non_theist,con,David Silverman,con-foreknowledge-initial-conditions,reply,3,79,71,73,87,95,79,79,material warrant or verification step compressed,v4-closed-findings-adapter
29,turek-silverman-reality-theism-atheism-2013,Frank Turek vs David Silverman: Which Better Explains Reality?,theist,pro,Frank Turek,pro-foreknowledge-without-causation,reply,3,78,68,73,87,75,78,76,assertion/anecdote/authority/speculation carries substantial weight,v4-closed-findings-adapter
29,turek-silverman-reality-theism-atheism-2013,Frank Turek vs David Silverman: Which Better Explains Reality?,theist,pro,Frank Turek,pro-epistemic-limits-and-wider-goods,reply,3,78,66,73,87,95,82,78,assertion/anecdote/authority/speculation carries substantial weight,v4-closed-findings-adapter
29,turek-silverman-reality-theism-atheism-2013,Frank Turek vs David Silverman: Which Better Explains Reality?,non_theist,con,David Silverman,con-religious-chronology-adaptation,reply,2,69,51,56,69,75,56,62,assertion/anecdote/authority/speculation carries substantial weight,v4-closed-findings-adapter
29,turek-silverman-reality-theism-atheism-2013,Frank Turek vs David Silverman: Which Better Explains Reality?,non_theist,con,David Silverman,con-evidential-honesty-human-ownership,constructive,3,68,59,84,99,75,68,75,assertion/anecdote/authority/speculation carries substantial weight,v4-closed-findings-adapter
29,turek-silverman-reality-theism-atheism-2013,Frank Turek vs David Silverman: Which Better Explains Reality?,non_theist,con,David Silverman,con-evolved-social-empathy,constructive,2,81,73,86,87,85,75,81,material warrant or verification step compressed,v4-closed-findings-adapter
30,lowder-turek-naturalism-theism-2016,Jeffery Jay Lowder vs Frank Turek: Naturalism or Theism?,non_theist,pro,Jeffery Jay Lowder,pro-intrinsic-probability-from-modesty,constructive,3,80,72,88,87,75,75,80,material warrant or verification step compressed,v4-closed-findings-adapter
30,lowder-turek-naturalism-theism-2016,Jeffery Jay Lowder vs Frank Turek: Naturalism or Theism?,non_theist,pro,Jeffery Jay Lowder,pro-physical-reality-expectedness,constructive,2,76,70,82,87,75,80,78,material warrant or verification step compressed,v4-closed-findings-adapter
30,lowder-turek-naturalism-theism-2016,Jeffery Jay Lowder vs Frank Turek: Naturalism or Theism?,non_theist,pro,Jeffery Jay Lowder,pro-evolution-comparative-evidence,constructive,3,81,82,88,87,85,75,83,stronger support,v4-closed-findings-adapter
30,lowder-turek-naturalism-theism-2016,Jeffery Jay Lowder vs Frank Turek: Naturalism or Theism?,non_theist,pro,Jeffery Jay Lowder,pro-pain-pleasure-moral-randomness,constructive,3,85,80,89,87,85,85,85,stronger support,v4-closed-findings-adapter
30,lowder-turek-naturalism-theism-2016,Jeffery Jay Lowder vs Frank Turek: Naturalism or Theism?,non_theist,pro,Jeffery Jay Lowder,pro-mind-brain-dependence,constructive,3,79,79,88,87,85,79,83,material warrant or verification step compressed,v4-closed-findings-adapter
30,lowder-turek-naturalism-theism-2016,Jeffery Jay Lowder vs Frank Turek: Naturalism or Theism?,non_theist,pro,Jeffery Jay Lowder,pro-neurological-moral-handicaps,constructive,2,83,77,83,86,95,90,84,material warrant or verification step compressed,v4-closed-findings-adapter
30,lowder-turek-naturalism-theism-2016,Jeffery Jay Lowder vs Frank Turek: Naturalism or Theism?,non_theist,pro,Jeffery Jay Lowder,pro-nonresistant-nonbelief,constructive,3,86,79,89,87,95,80,86,material warrant or verification step compressed,v4-closed-findings-adapter
30,lowder-turek-naturalism-theism-2016,Jeffery Jay Lowder vs Frank Turek: Naturalism or Theism?,theist,con,Frank Turek,con-cosmic-creator-from-beginning-fine-tuning,constructive,3,72,70,90,87,75,64,77,material warrant or verification step compressed,v4-closed-findings-adapter
30,lowder-turek-naturalism-theism-2016,Jeffery Jay Lowder vs Frank Turek: Naturalism or Theism?,theist,con,Frank Turek,con-mind-determinism-undermines-reason,reply,3,58,55,55,87,75,58,63,assertion/anecdote/authority/speculation carries substantial weight,v4-closed-findings-adapter
30,lowder-turek-naturalism-theism-2016,Jeffery Jay Lowder vs Frank Turek: Naturalism or Theism?,theist,con,Frank Turek,con-biology-dna-code-requires-coder,constructive,3,61,57,85,87,75,56,70,assertion/anecdote/authority/speculation carries substantial weight,v4-closed-findings-adapter
30,lowder-turek-naturalism-theism-2016,Jeffery Jay Lowder vs Frank Turek: Naturalism or Theism?,non_theist,pro,Jeffery Jay Lowder,pro-cumulative-explanatory-criterion,reply,3,86,76,98,100,95,91,90,material warrant or verification step compressed,v4-closed-findings-adapter
30,lowder-turek-naturalism-theism-2016,Jeffery Jay Lowder vs Frank Turek: Naturalism or Theism?,non_theist,pro,Jeffery Jay Lowder,pro-life-permission-and-cosmic-hostility,reply,3,85,79,98,87,95,88,88,material warrant or verification step compressed,v4-closed-findings-adapter
30,lowder-turek-naturalism-theism-2016,Jeffery Jay Lowder vs Frank Turek: Naturalism or Theism?,theist,con,Frank Turek,con-biology-macroevolution-information-limits,reply,3,64,45,97,87,75,54,70,effectively unsupported,v4-closed-findings-adapter
30,lowder-turek-naturalism-theism-2016,Jeffery Jay Lowder vs Frank Turek: Naturalism or Theism?,theist,con,Frank Turek,con-suffering-moral-standard-restoration,reply,3,68,59,56,69,75,56,63,assertion/anecdote/authority/speculation carries substantial weight,v4-closed-findings-adapter
30,lowder-turek-naturalism-theism-2016,Jeffery Jay Lowder vs Frank Turek: Naturalism or Theism?,theist,con,Frank Turek,con-hiddenness-delayed-belief-goods,reply,3,77,62,97,69,95,86,80,assertion/anecdote/authority/speculation carries substantial weight,v4-closed-findings-adapter
30,lowder-turek-naturalism-theism-2016,Jeffery Jay Lowder vs Frank Turek: Naturalism or Theism?,theist,con,Frank Turek,con-morality-obligation-requires-god,reply,2,66,51,54,87,75,56,64,assertion/anecdote/authority/speculation carries substantial weight,v4-closed-findings-adapter
30,lowder-turek-naturalism-theism-2016,Jeffery Jay Lowder vs Frank Turek: Naturalism or Theism?,non_theist,pro,Jeffery Jay Lowder,pro-cognitive-reliability-despite-determinism,reply,3,89,81,99,87,95,92,90,stronger support,v4-closed-findings-adapter
30,lowder-turek-naturalism-theism-2016,Jeffery Jay Lowder vs Frank Turek: Naturalism or Theism?,non_theist,pro,Jeffery Jay Lowder,pro-rna-world-partial-confirmation,reply,2,87,75,98,87,95,93,88,material warrant or verification step compressed,v4-closed-findings-adapter
30,lowder-turek-naturalism-theism-2016,Jeffery Jay Lowder vs Frank Turek: Naturalism or Theism?,theist,con,Frank Turek,con-cosmic-contingency-divine-sustenance,constructive,3,66,56,78,87,75,68,71,assertion/anecdote/authority/speculation carries substantial weight,v4-closed-findings-adapter
30,lowder-turek-naturalism-theism-2016,Jeffery Jay Lowder vs Frank Turek: Naturalism or Theism?,theist,con,Frank Turek,con-science-philosophical-presuppositions,constructive,2,77,65,84,69,75,71,74,assertion/anecdote/authority/speculation carries substantial weight,v4-closed-findings-adapter
30,lowder-turek-naturalism-theism-2016,Jeffery Jay Lowder vs Frank Turek: Naturalism or Theism?,non_theist,pro,Jeffery Jay Lowder,pro-causal-naturalism-scope,reply,3,91,82,98,69,95,92,88,stronger support,v4-closed-findings-adapter
30,lowder-turek-naturalism-theism-2016,Jeffery Jay Lowder vs Frank Turek: Naturalism or Theism?,theist,con,Frank Turek,con-balance-theism-six-domain-explanation,constructive,3,76,68,84,100,85,75,80,assertion/anecdote/authority/speculation carries substantial weight,v4-closed-findings-adapter
30,lowder-turek-naturalism-theism-2016,Jeffery Jay Lowder vs Frank Turek: Naturalism or Theism?,theist,con,Frank Turek,con-framework-probability-presupposes-mind,reply,2,60,48,70,86,75,56,65,effectively unsupported,v4-closed-findings-adapter
31,oconnor-craig-resurrection-2023,Alex O'Connor vs William Lane Craig: Did Jesus Rise From the Dead?,theist,pro,William Lane Craig,pro-experiential-warrant-and-factual-defeaters,constructive,2,87,72,85,68,95,85,81,material warrant or verification step compressed,v4-closed-findings-adapter
31,oconnor-craig-resurrection-2023,Alex O'Connor vs William Lane Craig: Did Jesus Rise From the Dead?,non_theist,con,Alex O'Connor,con-bones-defeat-experiential-warrant,reply,2,94,87,99,69,95,94,90,stronger support,v4-closed-findings-adapter
31,oconnor-craig-resurrection-2023,Alex O'Connor vs William Lane Craig: Did Jesus Rise From the Dead?,theist,pro,William Lane Craig,pro-equal-standard-and-pragmatic-stakes,reply,2,84,73,54,69,95,75,74,material warrant or verification step compressed,v4-closed-findings-adapter
31,oconnor-craig-resurrection-2023,Alex O'Connor vs William Lane Craig: Did Jesus Rise From the Dead?,non_theist,con,Alex O'Connor,con-divine-intent-evidence-expectation,reply,3,84,75,98,87,85,86,86,material warrant or verification step compressed,v4-closed-findings-adapter
31,oconnor-craig-resurrection-2023,Alex O'Connor vs William Lane Craig: Did Jesus Rise From the Dead?,theist,pro,William Lane Craig,pro-likelihood-ratio-over-extraordinary-evidence-rule,reply,3,92,84,72,87,95,93,86,stronger support,v4-closed-findings-adapter
31,oconnor-craig-resurrection-2023,Alex O'Connor vs William Lane Craig: Did Jesus Rise From the Dead?,non_theist,con,Alex O'Connor,con-resurrection-low-prior,reply,3,90,77,98,87,85,84,87,material warrant or verification step compressed,v4-closed-findings-adapter
31,oconnor-craig-resurrection-2023,Alex O'Connor vs William Lane Craig: Did Jesus Rise From the Dead?,theist,pro,William Lane Craig,pro-theistic-context-for-miracle-prior,reply,3,89,77,99,87,95,93,89,material warrant or verification step compressed,v4-closed-findings-adapter
31,oconnor-craig-resurrection-2023,Alex O'Connor vs William Lane Craig: Did Jesus Rise From the Dead?,theist,pro,William Lane Craig,pro-five-facts-best-explanation-case,constructive,3,84,74,88,100,85,75,84,material warrant or verification step compressed,v4-closed-findings-adapter
31,oconnor-craig-resurrection-2023,Alex O'Connor vs William Lane Craig: Did Jesus Rise From the Dead?,non_theist,con,Alex O'Connor,con-sincere-error-grief-hallucination,reply,3,90,71,98,87,95,95,88,material warrant or verification step compressed,v4-closed-findings-adapter
31,oconnor-craig-resurrection-2023,Alex O'Connor vs William Lane Craig: Did Jesus Rise From the Dead?,theist,pro,William Lane Craig,pro-hallucination-scope-and-power-objection,reply,3,89,77,99,87,85,83,87,material warrant or verification step compressed,v4-closed-findings-adapter
31,oconnor-craig-resurrection-2023,Alex O'Connor vs William Lane Craig: Did Jesus Rise From the Dead?,non_theist,con,Alex O'Connor,con-underlying-reports-unreliable,reply,3,89,82,99,87,95,94,90,stronger support,v4-closed-findings-adapter
31,oconnor-craig-resurrection-2023,Alex O'Connor vs William Lane Craig: Did Jesus Rise From the Dead?,theist,pro,William Lane Craig,pro-early-and-independent-core-data-support,reply,3,86,80,99,87,75,81,86,stronger support,v4-closed-findings-adapter
31,oconnor-craig-resurrection-2023,Alex O'Connor vs William Lane Craig: Did Jesus Rise From the Dead?,non_theist,con,Alex O'Connor,con-appearance-legendary-development,reply,3,84,81,98,87,75,87,86,stronger support,v4-closed-findings-adapter
31,oconnor-craig-resurrection-2023,Alex O'Connor vs William Lane Craig: Did Jesus Rise From the Dead?,theist,pro,William Lane Craig,pro-early-sources-against-legend,reply,3,89,83,99,87,75,84,88,stronger support,v4-closed-findings-adapter
33,craig-carroll-god-cosmology-2014,William Lane Craig vs Sean Carroll: God and Cosmology,theist,pro,William Lane Craig,pro-cosmology-neutral-premises,constructive,2,88,78,84,68,95,75,82,material warrant or verification step compressed,v4-closed-findings-adapter
33,craig-carroll-god-cosmology-2014,William Lane Craig vs Sean Carroll: God and Cosmology,theist,pro,William Lane Craig,pro-expansion-finite-past,constructive,3,84,82,91,87,95,89,87,stronger support,v4-closed-findings-adapter
33,craig-carroll-god-cosmology-2014,William Lane Craig vs Sean Carroll: God and Cosmology,theist,pro,William Lane Craig,pro-thermodynamic-beginning,constructive,3,81,80,90,87,85,79,84,stronger support,v4-closed-findings-adapter
33,craig-carroll-god-cosmology-2014,William Lane Craig vs Sean Carroll: God and Cosmology,theist,pro,William Lane Craig,pro-fine-tuning-design,constructive,3,78,76,92,87,75,73,81,material warrant or verification step compressed,v4-closed-findings-adapter
33,craig-carroll-god-cosmology-2014,William Lane Craig vs Sean Carroll: God and Cosmology,non_theist,con,Sean Carroll,con-causation-models-not-transcendent-causes,reply,3,86,83,98,87,95,81,88,stronger support,v4-closed-findings-adapter
33,craig-carroll-god-cosmology-2014,William Lane Craig vs Sean Carroll: God and Cosmology,non_theist,con,Sean Carroll,con-beginning-models-and-theorem-limits,reply,3,91,87,99,87,95,90,92,stronger support,v4-closed-findings-adapter
33,craig-carroll-god-cosmology-2014,William Lane Craig vs Sean Carroll: God and Cosmology,non_theist,con,Sean Carroll,con-low-entropy-open-naturalistic-problem,reply,2,81,73,94,69,95,83,82,material warrant or verification step compressed,v4-closed-findings-adapter
33,craig-carroll-god-cosmology-2014,William Lane Craig vs Sean Carroll: God and Cosmology,non_theist,con,Sean Carroll,con-eternal-model-technical-coherence,reply,3,94,88,99,87,95,93,93,stronger support,v4-closed-findings-adapter
33,craig-carroll-god-cosmology-2014,William Lane Craig vs Sean Carroll: God and Cosmology,non_theist,con,Sean Carroll,con-parameter-sensitivity-not-life-impossibility,reply,3,91,81,98,87,95,89,90,stronger support,v4-closed-findings-adapter
33,craig-carroll-god-cosmology-2014,William Lane Craig vs Sean Carroll: God and Cosmology,non_theist,con,Sean Carroll,con-rigorous-measures-can-remove-tuning,reply,3,83,85,99,87,95,83,88,stronger support,v4-closed-findings-adapter
33,craig-carroll-god-cosmology-2014,William Lane Craig vs Sean Carroll: God and Cosmology,non_theist,con,Sean Carroll,con-multiverse-predictions-and-observer-tests,reply,3,89,81,98,87,95,90,90,stronger support,v4-closed-findings-adapter
33,craig-carroll-god-cosmology-2014,William Lane Craig vs Sean Carroll: God and Cosmology,non_theist,con,Sean Carroll,con-theism-lacks-distinctive-expectations,reply,3,86,86,99,87,95,82,89,stronger support,v4-closed-findings-adapter
33,craig-carroll-god-cosmology-2014,William Lane Craig vs Sean Carroll: God and Cosmology,theist,pro,William Lane Craig,pro-low-entropy-discoverable-order,reply,3,78,75,95,69,75,76,79,material warrant or verification step compressed,v4-closed-findings-adapter
33,craig-carroll-god-cosmology-2014,William Lane Craig vs Sean Carroll: God and Cosmology,non_theist,con,Sean Carroll,con-causal-language-does-not-scale-to-cosmos,reply,3,88,82,99,87,95,82,89,stronger support,v4-closed-findings-adapter
33,craig-carroll-god-cosmology-2014,William Lane Craig vs Sean Carroll: God and Cosmology,theist,pro,William Lane Craig,pro-theism-not-scientific-competitor,reply,3,84,78,97,87,95,73,86,material warrant or verification step compressed,v4-closed-findings-adapter
33,craig-carroll-god-cosmology-2014,William Lane Craig vs Sean Carroll: God and Cosmology,theist,pro,William Lane Craig,pro-causal-principle,reply,3,74,72,95,87,75,69,79,material warrant or verification step compressed,v4-closed-findings-adapter
33,craig-carroll-god-cosmology-2014,William Lane Craig vs Sean Carroll: God and Cosmology,theist,pro,William Lane Craig,pro-multiverse-boltzmann-brains,reply,3,83,78,95,69,95,75,83,material warrant or verification step compressed,v4-closed-findings-adapter
33,craig-carroll-god-cosmology-2014,William Lane Craig vs Sean Carroll: God and Cosmology,theist,pro,William Lane Craig,pro-simultaneous-divine-causation,reply,2,86,76,95,87,95,87,87,material warrant or verification step compressed,v4-closed-findings-adapter
33,craig-carroll-god-cosmology-2014,William Lane Craig vs Sean Carroll: God and Cosmology,non_theist,con,Sean Carroll,con-parsimony-favors-self-contained-model,reply,3,89,82,98,100,95,91,92,stronger support,v4-closed-findings-adapter
33,craig-carroll-god-cosmology-2014,William Lane Craig vs Sean Carroll: God and Cosmology,theist,pro,William Lane Craig,pro-conceptual-fine-tuning-probability,reply,2,76,72,71,86,85,70,76,material warrant or verification step compressed,v4-closed-findings-adapter
36,carroll-halvorson-metaphysics-worldview-2016,Sean Carroll vs Hans Halvorson: Metaphysics,non_theist,pro,Sean Carroll,pro-integrated-revisable-naturalism,constructive,3,84,74,88,87,95,85,84,material warrant or verification step compressed,v4-closed-findings-adapter
36,carroll-halvorson-metaphysics-worldview-2016,Sean Carroll vs Hans Halvorson: Metaphysics,theist,con,Hans Halvorson,con-integration-science-corrects-interpretation,constructive,3,88,81,89,87,95,92,88,stronger support,v4-closed-findings-adapter
36,carroll-halvorson-metaphysics-worldview-2016,Sean Carroll vs Hans Halvorson: Metaphysics,theist,con,Hans Halvorson,con-cosmology-no-causal-gap,reply,3,85,74,98,87,95,90,87,material warrant or verification step compressed,v4-closed-findings-adapter
36,carroll-halvorson-metaphysics-worldview-2016,Sean Carroll vs Hans Halvorson: Metaphysics,non_theist,pro,Sean Carroll,pro-self-contained-cosmology,reply,3,87,80,73,87,95,89,84,stronger support,v4-closed-findings-adapter
36,carroll-halvorson-metaphysics-worldview-2016,Sean Carroll vs Hans Halvorson: Metaphysics,theist,con,Hans Halvorson,con-revelation-discovery-empiricism,reply,2,84,73,97,69,95,83,83,material warrant or verification step compressed,v4-closed-findings-adapter
36,carroll-halvorson-metaphysics-worldview-2016,Sean Carroll vs Hans Halvorson: Metaphysics,non_theist,pro,Sean Carroll,pro-environmental-selection,reply,3,83,76,73,87,75,78,79,material warrant or verification step compressed,v4-closed-findings-adapter
36,carroll-halvorson-metaphysics-worldview-2016,Sean Carroll vs Hans Halvorson: Metaphysics,theist,con,Hans Halvorson,con-fine-tuning-probability-caution,reply,3,90,84,98,87,95,94,91,stronger support,v4-closed-findings-adapter
36,carroll-halvorson-metaphysics-worldview-2016,Sean Carroll vs Hans Halvorson: Metaphysics,theist,con,Hans Halvorson,con-quantum-metaphysical-restraint,reply,2,91,83,69,87,95,94,85,stronger support,v4-closed-findings-adapter
36,carroll-halvorson-metaphysics-worldview-2016,Sean Carroll vs Hans Halvorson: Metaphysics,non_theist,pro,Sean Carroll,pro-quantum-compatible-materialism,reply,2,90,82,99,87,95,94,91,stronger support,v4-closed-findings-adapter
36,carroll-halvorson-metaphysics-worldview-2016,Sean Carroll vs Hans Halvorson: Metaphysics,non_theist,pro,Sean Carroll,pro-emergent-compatibilist-agency,constructive,3,84,79,89,87,95,89,86,material warrant or verification step compressed,v4-closed-findings-adapter
36,carroll-halvorson-metaphysics-worldview-2016,Sean Carroll vs Hans Halvorson: Metaphysics,theist,con,Hans Halvorson,con-personhood-reduction-underdetermined,reply,3,87,80,98,87,75,92,87,stronger support,v4-closed-findings-adapter
36,carroll-halvorson-metaphysics-worldview-2016,Sean Carroll vs Hans Halvorson: Metaphysics,theist,con,Hans Halvorson,con-physics-neutral-on-agency,reply,3,91,84,98,87,95,92,91,stronger support,v4-closed-findings-adapter
36,carroll-halvorson-metaphysics-worldview-2016,Sean Carroll vs Hans Halvorson: Metaphysics,non_theist,pro,Sean Carroll,pro-revisable-empirical-equilibrium,constructive,3,91,84,92,87,95,93,90,stronger support,v4-closed-findings-adapter
36,carroll-halvorson-metaphysics-worldview-2016,Sean Carroll vs Hans Halvorson: Metaphysics,theist,con,Hans Halvorson,con-consciousness-modeling-openness,reply,2,87,75,97,87,75,92,86,material warrant or verification step compressed,v4-closed-findings-adapter
36,carroll-halvorson-metaphysics-worldview-2016,Sean Carroll vs Hans Halvorson: Metaphysics,non_theist,pro,Sean Carroll,pro-consciousness-neuroscience-program,reply,3,83,76,98,87,95,90,87,material warrant or verification step compressed,v4-closed-findings-adapter
36,carroll-halvorson-metaphysics-worldview-2016,Sean Carroll vs Hans Halvorson: Metaphysics,non_theist,pro,Sean Carroll,pro-human-constructed-morality,constructive,3,76,69,91,87,95,73,81,assertion/anecdote/authority/speculation carries substantial weight,v4-closed-findings-adapter
36,carroll-halvorson-metaphysics-worldview-2016,Sean Carroll vs Hans Halvorson: Metaphysics,theist,con,Hans Halvorson,con-real-moral-order-self-examination,reply,3,80,68,97,87,75,79,81,assertion/anecdote/authority/speculation carries substantial weight,v4-closed-findings-adapter
36,carroll-halvorson-metaphysics-worldview-2016,Sean Carroll vs Hans Halvorson: Metaphysics,non_theist,pro,Sean Carroll,pro-finite-life-meaning,reply,3,79,70,71,87,75,63,75,material warrant or verification step compressed,v4-closed-findings-adapter
36,carroll-halvorson-metaphysics-worldview-2016,Sean Carroll vs Hans Halvorson: Metaphysics,theist,con,Hans Halvorson,con-present-life-hope-vocation,reply,3,90,79,99,87,95,95,90,material warrant or verification step compressed,v4-closed-findings-adapter
37,ehrman-bass-resurrection-history-2023,Bart Ehrman vs Justin Bass: Did Jesus of Nazareth Rise From the Dead?,theist,pro,Justin Bass,pro-early-pauline-bedrock-sources,constructive,3,81,75,83,87,75,75,80,material warrant or verification step compressed,v4-closed-findings-adapter
37,ehrman-bass-resurrection-history-2023,Bart Ehrman vs Justin Bass: Did Jesus of Nazareth Rise From the Dead?,theist,pro,Justin Bass,pro-multiple-appearance-testimony,constructive,3,80,72,82,87,75,75,79,material warrant or verification step compressed,v4-closed-findings-adapter
37,ehrman-bass-resurrection-history-2023,Bart Ehrman vs Justin Bass: Did Jesus of Nazareth Rise From the Dead?,non_theist,con,Bart Ehrman,con-indirect-appearance-sources,reply,3,88,82,98,87,95,92,90,stronger support,v4-closed-findings-adapter
37,ehrman-bass-resurrection-history-2023,Bart Ehrman vs Justin Bass: Did Jesus of Nazareth Rise From the Dead?,non_theist,con,Bart Ehrman,con-impartial-source-standards,reply,3,91,82,98,87,95,90,90,stronger support,v4-closed-findings-adapter
37,ehrman-bass-resurrection-history-2023,Bart Ehrman vs Justin Bass: Did Jesus of Nazareth Rise From the Dead?,non_theist,con,Bart Ehrman,con-vision-and-reinforcement-pathway,reply,3,87,76,98,87,95,94,89,material warrant or verification step compressed,v4-closed-findings-adapter
37,ehrman-bass-resurrection-history-2023,Bart Ehrman vs Justin Bass: Did Jesus of Nazareth Rise From the Dead?,non_theist,con,Bart Ehrman,con-apocalyptic-embodied-inference,reply,3,81,70,97,87,75,66,81,material warrant or verification step compressed,v4-closed-findings-adapter
37,ehrman-bass-resurrection-history-2023,Bart Ehrman vs Justin Bass: Did Jesus of Nazareth Rise From the Dead?,theist,pro,Justin Bass,pro-immediate-resurrection-unexpected,reply,3,89,80,98,87,85,82,88,stronger support,v4-closed-findings-adapter
37,ehrman-bass-resurrection-history-2023,Bart Ehrman vs Justin Bass: Did Jesus of Nazareth Rise From the Dead?,non_theist,con,Bart Ehrman,con-underdetermined-postmortem-experiences,reply,3,89,83,73,100,95,93,87,stronger support,v4-closed-findings-adapter
37,ehrman-bass-resurrection-history-2023,Bart Ehrman vs Justin Bass: Did Jesus of Nazareth Rise From the Dead?,theist,pro,Justin Bass,pro-paul-hostile-vision-challenge,reply,2,79,68,95,87,75,84,81,assertion/anecdote/authority/speculation carries substantial weight,v4-closed-findings-adapter
37,ehrman-bass-resurrection-history-2023,Bart Ehrman vs Justin Bass: Did Jesus of Nazareth Rise From the Dead?,non_theist,con,Bart Ehrman,con-physical-regularity-probability,reply,3,86,83,99,100,75,79,88,stronger support,v4-closed-findings-adapter
37,ehrman-bass-resurrection-history-2023,Bart Ehrman vs Justin Bass: Did Jesus of Nazareth Rise From the Dead?,theist,pro,Justin Bass,pro-appearances-fit-cumulative-case,reply,3,77,68,95,69,95,86,80,assertion/anecdote/authority/speculation carries substantial weight,v4-closed-findings-adapter
37,ehrman-bass-resurrection-history-2023,Bart Ehrman vs Justin Bass: Did Jesus of Nazareth Rise From the Dead?,theist,pro,Justin Bass,pro-singular-worldwide-worship-anomaly,reply,3,64,61,54,86,75,68,66,assertion/anecdote/authority/speculation carries substantial weight,v4-closed-findings-adapter
37,ehrman-bass-resurrection-history-2023,Bart Ehrman vs Justin Bass: Did Jesus of Nazareth Rise From the Dead?,non_theist,con,Bart Ehrman,con-conviction-not-miracle,reply,3,95,88,99,87,95,92,93,stronger support,v4-closed-findings-adapter
37,ehrman-bass-resurrection-history-2023,Bart Ehrman vs Justin Bass: Did Jesus of Nazareth Rise From the Dead?,non_theist,con,Bart Ehrman,con-growth-nondiagnostic-comparison,reply,3,91,84,99,87,95,91,91,stronger support,v4-closed-findings-adapter
37,ehrman-bass-resurrection-history-2023,Bart Ehrman vs Justin Bass: Did Jesus of Nazareth Rise From the Dead?,theist,pro,Justin Bass,pro-worldwide-mission-fulfilled,constructive,3,66,60,74,87,75,68,71,assertion/anecdote/authority/speculation carries substantial weight,v4-closed-findings-adapter
37,ehrman-bass-resurrection-history-2023,Bart Ehrman vs Justin Bass: Did Jesus of Nazareth Rise From the Dead?,theist,pro,Justin Bass,pro-cross-cultural-jesus-visions,constructive,3,73,60,79,87,75,79,75,assertion/anecdote/authority/speculation carries substantial weight,v4-closed-findings-adapter
37,ehrman-bass-resurrection-history-2023,Bart Ehrman vs Justin Bass: Did Jesus of Nazareth Rise From the Dead?,non_theist,con,Bart Ehrman,con-dreams-and-comparative-visions,reply,3,90,80,98,87,75,85,87,stronger support,v4-closed-findings-adapter
37,ehrman-bass-resurrection-history-2023,Bart Ehrman vs Justin Bass: Did Jesus of Nazareth Rise From the Dead?,theist,pro,Justin Bass,pro-visions-cross-religious-distinction,reply,2,70,50,72,86,60,60,67,assertion/anecdote/authority/speculation carries substantial weight,v4-closed-findings-adapter
39,lambert-jones-christian-faith-skepticism-2021,Derek Lambert vs Michael Jones: Atheist and Christian Discussion,non_theist,con,Derek Lambert,con-sincere-skeptic-hell,constructive,3,86,77,89,87,95,85,86,material warrant or verification step compressed,v4-closed-findings-adapter
39,lambert-jones-christian-faith-skepticism-2021,Derek Lambert vs Michael Jones: Atheist and Christian Discussion,theist,pro,Michael Jones,pro-hell-chosen-separation,reply,3,77,67,73,87,95,89,79,assertion/anecdote/authority/speculation carries substantial weight,v4-closed-findings-adapter
39,lambert-jones-christian-faith-skepticism-2021,Derek Lambert vs Michael Jones: Atheist and Christian Discussion,non_theist,con,Derek Lambert,con-postmortem-recognition-present-belief,reply,2,86,75,98,87,95,92,88,material warrant or verification step compressed,v4-closed-findings-adapter
39,lambert-jones-christian-faith-skepticism-2021,Derek Lambert vs Michael Jones: Atheist and Christian Discussion,theist,pro,Michael Jones,pro-hell-present-sanctification,reply,3,79,66,73,87,85,81,77,assertion/anecdote/authority/speculation carries substantial weight,v4-closed-findings-adapter
39,lambert-jones-christian-faith-skepticism-2021,Derek Lambert vs Michael Jones: Atheist and Christian Discussion,non_theist,con,Derek Lambert,con-biblical-faith-contrary-evidence,constructive,3,71,69,87,87,75,69,76,assertion/anecdote/authority/speculation carries substantial weight,v4-closed-findings-adapter
39,lambert-jones-christian-faith-skepticism-2021,Derek Lambert vs Michael Jones: Atheist and Christian Discussion,theist,pro,Michael Jones,pro-faith-prior-evidence,reply,3,86,77,99,87,95,78,87,material warrant or verification step compressed,v4-closed-findings-adapter
39,lambert-jones-christian-faith-skepticism-2021,Derek Lambert vs Michael Jones: Atheist and Christian Discussion,non_theist,con,Derek Lambert,con-competing-scriptures-privilege,reply,3,86,74,57,69,95,93,77,material warrant or verification step compressed,v4-closed-findings-adapter
39,lambert-jones-christian-faith-skepticism-2021,Derek Lambert vs Michael Jones: Atheist and Christian Discussion,theist,pro,Michael Jones,pro-pluralism-worldview-comparison,reply,3,73,60,71,68,95,70,71,assertion/anecdote/authority/speculation carries substantial weight,v4-closed-findings-adapter
39,lambert-jones-christian-faith-skepticism-2021,Derek Lambert vs Michael Jones: Atheist and Christian Discussion,non_theist,con,Derek Lambert,con-apostolic-disagreement-reliability,reply,3,77,75,72,87,85,72,77,material warrant or verification step compressed,v4-closed-findings-adapter
39,lambert-jones-christian-faith-skepticism-2021,Derek Lambert vs Michael Jones: Atheist and Christian Discussion,non_theist,con,Derek Lambert,con-ancient-testimony-resurrection,reply,3,81,71,73,87,95,87,80,material warrant or verification step compressed,v4-closed-findings-adapter
39,lambert-jones-christian-faith-skepticism-2021,Derek Lambert vs Michael Jones: Atheist and Christian Discussion,theist,pro,Michael Jones,pro-resurrection-cumulative-method,reply,3,88,72,98,87,95,92,88,material warrant or verification step compressed,v4-closed-findings-adapter
39,lambert-jones-christian-faith-skepticism-2021,Derek Lambert vs Michael Jones: Atheist and Christian Discussion,theist,pro,Michael Jones,pro-resurrection-comparative-evidence,reply,3,83,76,75,87,95,90,83,material warrant or verification step compressed,v4-closed-findings-adapter
39,lambert-jones-christian-faith-skepticism-2021,Derek Lambert vs Michael Jones: Atheist and Christian Discussion,non_theist,con,Derek Lambert,con-loving-god-adequate-disclosure,reply,3,87,77,95,87,95,92,88,material warrant or verification step compressed,v4-closed-findings-adapter
39,lambert-jones-christian-faith-skepticism-2021,Derek Lambert vs Michael Jones: Atheist and Christian Discussion,theist,pro,Michael Jones,pro-hiddenness-moral-transformation,reply,3,76,64,73,87,75,76,75,assertion/anecdote/authority/speculation carries substantial weight,v4-closed-findings-adapter
39,lambert-jones-christian-faith-skepticism-2021,Derek Lambert vs Michael Jones: Atheist and Christian Discussion,theist,pro,Michael Jones,pro-scripture-fallible-authors,reply,3,82,69,57,87,95,84,77,assertion/anecdote/authority/speculation carries substantial weight,v4-closed-findings-adapter
39,lambert-jones-christian-faith-skepticism-2021,Derek Lambert vs Michael Jones: Atheist and Christian Discussion,non_theist,con,Derek Lambert,con-naturalistic-religious-experience,reply,2,82,74,56,68,95,90,75,material warrant or verification step compressed,v4-closed-findings-adapter
39,lambert-jones-christian-faith-skepticism-2021,Derek Lambert vs Michael Jones: Atheist and Christian Discussion,theist,pro,Michael Jones,pro-exodus-minimal-migration,reply,2,77,68,8,69,75,75,60,assertion/anecdote/authority/speculation carries substantial weight,v4-closed-findings-adapter
39,lambert-jones-christian-faith-skepticism-2021,Derek Lambert vs Michael Jones: Atheist and Christian Discussion,non_theist,con,Derek Lambert,con-exodus-scale-archaeology,reply,2,84,69,98,69,95,92,83,assertion/anecdote/authority/speculation carries substantial weight,v4-closed-findings-adapter
39,lambert-jones-christian-faith-skepticism-2021,Derek Lambert vs Michael Jones: Atheist and Christian Discussion,theist,pro,Michael Jones,pro-exodus-ancient-numbers,reply,2,79,60,73,68,95,73,73,assertion/anecdote/authority/speculation carries substantial weight,v4-closed-findings-adapter
39,lambert-jones-christian-faith-skepticism-2021,Derek Lambert vs Michael Jones: Atheist and Christian Discussion,theist,pro,Michael Jones,pro-pluralism-case-specific-comparison,reply,3,83,69,73,69,95,81,77,assertion/anecdote/authority/speculation carries substantial weight,v4-closed-findings-adapter
39,lambert-jones-christian-faith-skepticism-2021,Derek Lambert vs Michael Jones: Atheist and Christian Discussion,non_theist,con,Derek Lambert,con-scripture-human-cultural-development,reply,3,77,72,71,87,95,76,78,material warrant or verification step compressed,v4-closed-findings-adapter
39,lambert-jones-christian-faith-skepticism-2021,Derek Lambert vs Michael Jones: Atheist and Christian Discussion,theist,pro,Michael Jones,pro-scripture-meaning-over-exactness,reply,3,78,68,72,87,75,82,76,assertion/anecdote/authority/speculation carries substantial weight,v4-closed-findings-adapter
39,lambert-jones-christian-faith-skepticism-2021,Derek Lambert vs Michael Jones: Atheist and Christian Discussion,non_theist,con,Derek Lambert,con-resurrection-ordinary-rival-testimony,reply,3,86,74,96,87,95,94,87,material warrant or verification step compressed,v4-closed-findings-adapter
42,schmid-tomaszewski-divine-simplicity-2020,Joe Schmid vs Chris Tomaszewski: Is Divine Simplicity True?,non_theist,con,Joe Schmid,con-simplicity-composition-taxonomy,constructive,2,87,82,82,68,95,85,83,stronger support,v4-closed-findings-adapter
42,schmid-tomaszewski-divine-simplicity-2020,Joe Schmid vs Chris Tomaszewski: Is Divine Simplicity True?,theist,pro,Chris Tomaszewski,pro-analogy-distinguishes-divine-attributes,reply,2,81,75,97,87,95,80,85,material warrant or verification step compressed,v4-closed-findings-adapter
42,schmid-tomaszewski-divine-simplicity-2020,Joe Schmid vs Chris Tomaszewski: Is Divine Simplicity True?,non_theist,con,Joe Schmid,con-positive-intrinsic-item-criterion,constructive,3,91,85,91,87,95,85,89,stronger support,v4-closed-findings-adapter
42,schmid-tomaszewski-divine-simplicity-2020,Joe Schmid vs Chris Tomaszewski: Is Divine Simplicity True?,theist,pro,Chris Tomaszewski,pro-intrinsic-conceptual-extrinsic-distinctions,reply,3,86,80,98,87,95,91,89,stronger support,v4-closed-findings-adapter
42,schmid-tomaszewski-divine-simplicity-2020,Joe Schmid vs Chris Tomaszewski: Is Divine Simplicity True?,theist,pro,Chris Tomaszewski,pro-aseity-excludes-intrinsic-parts,constructive,3,79,76,88,87,85,80,82,material warrant or verification step compressed,v4-closed-findings-adapter
42,schmid-tomaszewski-divine-simplicity-2020,Joe Schmid vs Chris Tomaszewski: Is Divine Simplicity True?,non_theist,con,Joe Schmid,con-aseity-without-simplicity,reply,3,83,78,98,87,75,92,86,material warrant or verification step compressed,v4-closed-findings-adapter
42,schmid-tomaszewski-divine-simplicity-2020,Joe Schmid vs Chris Tomaszewski: Is Divine Simplicity True?,theist,pro,Chris Tomaszewski,pro-unity-grounding-aseity-reply,reply,3,84,79,98,87,95,93,88,material warrant or verification step compressed,v4-closed-findings-adapter
42,schmid-tomaszewski-divine-simplicity-2020,Joe Schmid vs Chris Tomaszewski: Is Divine Simplicity True?,non_theist,con,Joe Schmid,con-trinitarian-inconsistent-tetrad,constructive,3,89,82,93,87,95,85,88,stronger support,v4-closed-findings-adapter
42,schmid-tomaszewski-divine-simplicity-2020,Joe Schmid vs Chris Tomaszewski: Is Divine Simplicity True?,theist,pro,Chris Tomaszewski,pro-latin-trinity-subsistent-relations,reply,3,80,77,98,87,95,83,86,material warrant or verification step compressed,v4-closed-findings-adapter
42,schmid-tomaszewski-divine-simplicity-2020,Joe Schmid vs Chris Tomaszewski: Is Divine Simplicity True?,non_theist,con,Joe Schmid,con-begotten-son-godhead-distinction,reply,3,85,81,98,87,75,91,87,stronger support,v4-closed-findings-adapter
42,schmid-tomaszewski-divine-simplicity-2020,Joe Schmid vs Chris Tomaszewski: Is Divine Simplicity True?,theist,pro,Chris Tomaszewski,pro-relational-directedness-no-added-item,reply,3,78,73,98,87,75,82,82,material warrant or verification step compressed,v4-closed-findings-adapter
42,schmid-tomaszewski-divine-simplicity-2020,Joe Schmid vs Chris Tomaszewski: Is Divine Simplicity True?,non_theist,con,Joe Schmid,con-alone-world-contingent-knowledge,constructive,3,85,80,93,87,95,83,87,stronger support,v4-closed-findings-adapter
42,schmid-tomaszewski-divine-simplicity-2020,Joe Schmid vs Chris Tomaszewski: Is Divine Simplicity True?,non_theist,con,Joe Schmid,con-changing-reality-epistemic-change,constructive,3,86,84,94,87,95,82,88,stronger support,v4-closed-findings-adapter
42,schmid-tomaszewski-divine-simplicity-2020,Joe Schmid vs Chris Tomaszewski: Is Divine Simplicity True?,theist,pro,Chris Tomaszewski,pro-changing-truths-no-divine-potency,reply,3,84,79,99,87,95,82,87,material warrant or verification step compressed,v4-closed-findings-adapter
42,schmid-tomaszewski-divine-simplicity-2020,Joe Schmid vs Chris Tomaszewski: Is Divine Simplicity True?,theist,pro,Chris Tomaszewski,pro-intellect-causality-extrinsic-knowledge,reply,3,81,76,98,87,95,80,86,material warrant or verification step compressed,v4-closed-findings-adapter
43,meyer-halper-cosmology-fine-tuning-2026,Stephen Meyer vs Phil Halper: The Big Bang and Fine-Tuning,non_theist,con,Phil Halper,con-alternatives-disjunctive-uncertainty,constructive,3,82,74,84,100,95,85,85,material warrant or verification step compressed,v4-closed-findings-adapter
43,meyer-halper-cosmology-fine-tuning-2026,Stephen Meyer vs Phil Halper: The Big Bang and Fine-Tuning,non_theist,con,Phil Halper,con-science-faith-probabilistic-conflict,constructive,1,84,77,81,68,95,82,81,material warrant or verification step compressed,v4-closed-findings-adapter
43,meyer-halper-cosmology-fine-tuning-2026,Stephen Meyer vs Phil Halper: The Big Bang and Fine-Tuning,theist,pro,Stephen Meyer,pro-epistemic-biblical-science,reply,1,80,71,57,68,75,75,71,material warrant or verification step compressed,v4-closed-findings-adapter
43,meyer-halper-cosmology-fine-tuning-2026,Stephen Meyer vs Phil Halper: The Big Bang and Fine-Tuning,non_theist,con,Phil Halper,con-natural-motivation-for-science,reply,1,86,79,95,68,95,81,84,material warrant or verification step compressed,v4-closed-findings-adapter
43,meyer-halper-cosmology-fine-tuning-2026,Stephen Meyer vs Phil Halper: The Big Bang and Fine-Tuning,theist,pro,Stephen Meyer,pro-beginning-observation-theorems,constructive,3,86,83,90,87,75,84,85,stronger support,v4-closed-findings-adapter
43,meyer-halper-cosmology-fine-tuning-2026,Stephen Meyer vs Phil Halper: The Big Bang and Fine-Tuning,theist,pro,Stephen Meyer,pro-beginning-transcendent-cause,constructive,3,74,67,84,87,95,71,78,assertion/anecdote/authority/speculation carries substantial weight,v4-closed-findings-adapter
43,meyer-halper-cosmology-fine-tuning-2026,Stephen Meyer vs Phil Halper: The Big Bang and Fine-Tuning,non_theist,con,Phil Halper,con-hot-big-bang-not-singularity,reply,3,92,84,99,87,95,80,90,stronger support,v4-closed-findings-adapter
43,meyer-halper-cosmology-fine-tuning-2026,Stephen Meyer vs Phil Halper: The Big Bang and Fine-Tuning,non_theist,con,Phil Halper,con-classical-theorems-quantum-limit,reply,3,91,83,99,87,95,91,91,stronger support,v4-closed-findings-adapter
43,meyer-halper-cosmology-fine-tuning-2026,Stephen Meyer vs Phil Halper: The Big Bang and Fine-Tuning,theist,pro,Stephen Meyer,pro-alternatives-quantum-inputs,reply,3,71,64,95,87,75,59,76,assertion/anecdote/authority/speculation carries substantial weight,v4-closed-findings-adapter
43,meyer-halper-cosmology-fine-tuning-2026,Stephen Meyer vs Phil Halper: The Big Bang and Fine-Tuning,theist,pro,Stephen Meyer,pro-alternatives-bgv-costs,reply,3,84,74,96,87,95,81,86,material warrant or verification step compressed,v4-closed-findings-adapter
43,meyer-halper-cosmology-fine-tuning-2026,Stephen Meyer vs Phil Halper: The Big Bang and Fine-Tuning,non_theist,con,Phil Halper,con-models-require-tested-predictions,reply,3,90,80,98,100,95,89,92,stronger support,v4-closed-findings-adapter
43,meyer-halper-cosmology-fine-tuning-2026,Stephen Meyer vs Phil Halper: The Big Bang and Fine-Tuning,theist,pro,Stephen Meyer,pro-finetuning-narrow-ranges,constructive,3,75,69,88,87,75,60,77,assertion/anecdote/authority/speculation carries substantial weight,v4-closed-findings-adapter
43,meyer-halper-cosmology-fine-tuning-2026,Stephen Meyer vs Phil Halper: The Big Bang and Fine-Tuning,non_theist,con,Phil Halper,con-fine-tuning-measure-unknown,reply,3,94,88,99,87,95,93,93,stronger support,v4-closed-findings-adapter
43,meyer-halper-cosmology-fine-tuning-2026,Stephen Meyer vs Phil Halper: The Big Bang and Fine-Tuning,theist,pro,Stephen Meyer,pro-finetuning-contingency-probability,reply,3,70,63,95,87,75,61,76,assertion/anecdote/authority/speculation carries substantial weight,v4-closed-findings-adapter
43,meyer-halper-cosmology-fine-tuning-2026,Stephen Meyer vs Phil Halper: The Big Bang and Fine-Tuning,non_theist,con,Phil Halper,con-anthropic-constant-prediction,reply,2,89,83,97,86,95,93,90,stronger support,v4-closed-findings-adapter
43,meyer-halper-cosmology-fine-tuning-2026,Stephen Meyer vs Phil Halper: The Big Bang and Fine-Tuning,theist,pro,Stephen Meyer,pro-comparative-design-multiverse,reply,3,80,70,95,100,75,74,83,material warrant or verification step compressed,v4-closed-findings-adapter
43,meyer-halper-cosmology-fine-tuning-2026,Stephen Meyer vs Phil Halper: The Big Bang and Fine-Tuning,theist,pro,Stephen Meyer,pro-comparative-agency-causal-knowledge,reply,3,69,67,95,87,75,59,76,assertion/anecdote/authority/speculation carries substantial weight,v4-closed-findings-adapter
43,meyer-halper-cosmology-fine-tuning-2026,Stephen Meyer vs Phil Halper: The Big Bang and Fine-Tuning,non_theist,con,Phil Halper,con-embodied-minds-analogy-limit,reply,3,92,86,99,87,95,82,91,stronger support,v4-closed-findings-adapter
43,meyer-halper-cosmology-fine-tuning-2026,Stephen Meyer vs Phil Halper: The Big Bang and Fine-Tuning,non_theist,con,Phil Halper,con-divine-intentions-underdetermined,reply,3,89,80,99,87,95,80,89,stronger support,v4-closed-findings-adapter
46,shapiro-oconnor-atheist-delusion-society-2023,"Ben Shapiro vs Alex O'Connor: The Atheist Delusion, Free Will, and Society",theist,pro,Ben Shapiro,pro-agency-social-function,constructive,3,74,58,84,87,75,68,74,assertion/anecdote/authority/speculation carries substantial weight,v4-closed-findings-adapter
46,shapiro-oconnor-atheist-delusion-society-2023,"Ben Shapiro vs Alex O'Connor: The Atheist Delusion, Free Will, and Society",non_theist,con,Alex O'Connor,con-determined-or-random-dilemma,reply,3,74,72,58,87,85,77,74,material warrant or verification step compressed,v4-closed-findings-adapter
46,shapiro-oconnor-atheist-delusion-society-2023,"Ben Shapiro vs Alex O'Connor: The Atheist Delusion, Free Will, and Society",theist,pro,Ben Shapiro,pro-materialism-agency-conditional,reply,3,68,55,56,87,75,61,66,assertion/anecdote/authority/speculation carries substantial weight,v4-closed-findings-adapter
46,shapiro-oconnor-atheist-delusion-society-2023,"Ben Shapiro vs Alex O'Connor: The Atheist Delusion, Free Will, and Society",non_theist,con,Alex O'Connor,con-necessary-free-will-delusion-reversal,reply,2,92,85,99,99,95,92,93,stronger support,v4-closed-findings-adapter
46,shapiro-oconnor-atheist-delusion-society-2023,"Ben Shapiro vs Alex O'Connor: The Atheist Delusion, Free Will, and Society",non_theist,con,Alex O'Connor,con-fallible-divine-attribution,constructive,3,87,76,88,87,95,89,86,material warrant or verification step compressed,v4-closed-findings-adapter
46,shapiro-oconnor-atheist-delusion-society-2023,"Ben Shapiro vs Alex O'Connor: The Atheist Delusion, Free Will, and Society",theist,pro,Ben Shapiro,pro-religious-absolutes-equal-law,reply,3,70,56,73,87,75,60,70,assertion/anecdote/authority/speculation carries substantial weight,v4-closed-findings-adapter
46,shapiro-oconnor-atheist-delusion-society-2023,"Ben Shapiro vs Alex O'Connor: The Atheist Delusion, Free Will, and Society",non_theist,con,Alex O'Connor,con-authority-tradeoff,reply,3,90,78,99,87,95,94,90,material warrant or verification step compressed,v4-closed-findings-adapter
46,shapiro-oconnor-atheist-delusion-society-2023,"Ben Shapiro vs Alex O'Connor: The Atheist Delusion, Free Will, and Society",non_theist,con,Alex O'Connor,con-progress-through-religious-resistance,reply,3,80,73,98,87,75,77,82,material warrant or verification step compressed,v4-closed-findings-adapter
46,shapiro-oconnor-atheist-delusion-society-2023,"Ben Shapiro vs Alex O'Connor: The Atheist Delusion, Free Will, and Society",theist,pro,Ben Shapiro,pro-authority-untouchable-norms,reply,3,73,60,73,87,75,69,72,assertion/anecdote/authority/speculation carries substantial weight,v4-closed-findings-adapter
46,shapiro-oconnor-atheist-delusion-society-2023,"Ben Shapiro vs Alex O'Connor: The Atheist Delusion, Free Will, and Society",theist,pro,Ben Shapiro,pro-religious-intelligibility-science,reply,3,69,53,95,87,60,60,72,assertion/anecdote/authority/speculation carries substantial weight,v4-closed-findings-adapter
46,shapiro-oconnor-atheist-delusion-society-2023,"Ben Shapiro vs Alex O'Connor: The Atheist Delusion, Free Will, and Society",non_theist,con,Alex O'Connor,con-galileo-scriptural-suppression,reply,3,94,86,99,87,95,95,93,stronger support,v4-closed-findings-adapter
46,shapiro-oconnor-atheist-delusion-society-2023,"Ben Shapiro vs Alex O'Connor: The Atheist Delusion, Free Will, and Society",theist,pro,Ben Shapiro,pro-religion-universal-cohesion,constructive,3,74,52,85,87,60,60,71,assertion/anecdote/authority/speculation carries substantial weight,v4-closed-findings-adapter
46,shapiro-oconnor-atheist-delusion-society-2023,"Ben Shapiro vs Alex O'Connor: The Atheist Delusion, Free Will, and Society",theist,pro,Ben Shapiro,pro-revelation-gradual-humanization,reply,3,79,68,71,69,75,89,74,assertion/anecdote/authority/speculation carries substantial weight,v4-closed-findings-adapter
46,shapiro-oconnor-atheist-delusion-society-2023,"Ben Shapiro vs Alex O'Connor: The Atheist Delusion, Free Will, and Society",non_theist,con,Alex O'Connor,con-accommodation-defense-counterexample,reply,3,90,83,99,69,95,93,88,stronger support,v4-closed-findings-adapter
46,shapiro-oconnor-atheist-delusion-society-2023,"Ben Shapiro vs Alex O'Connor: The Atheist Delusion, Free Will, and Society",theist,pro,Ben Shapiro,pro-biblical-universalism-abolition,reply,3,77,70,72,69,75,77,73,material warrant or verification step compressed,v4-closed-findings-adapter
46,shapiro-oconnor-atheist-delusion-society-2023,"Ben Shapiro vs Alex O'Connor: The Atheist Delusion, Free Will, and Society",non_theist,con,Alex O'Connor,con-feasible-family-release-reform,reply,3,93,84,99,69,95,94,89,stronger support,v4-closed-findings-adapter
46,shapiro-oconnor-atheist-delusion-society-2023,"Ben Shapiro vs Alex O'Connor: The Atheist Delusion, Free Will, and Society",non_theist,con,Alex O'Connor,con-social-utility-cannot-create-belief,reply,3,94,86,99,87,95,94,92,stronger support,v4-closed-findings-adapter
46,shapiro-oconnor-atheist-delusion-society-2023,"Ben Shapiro vs Alex O'Connor: The Atheist Delusion, Free Will, and Society",theist,pro,Ben Shapiro,pro-god-centered-institutional-support,reply,3,70,53,72,87,75,60,69,assertion/anecdote/authority/speculation carries substantial weight,v4-closed-findings-adapter
47,jones-krauss-christianity-secular-ethics-2025,Michael Jones vs Lawrence Krauss: Christianity or Secular Ethics - What's Best for Society?,theist,pro,Michael Jones,pro-social-missionary-prosocial-outcomes,constructive,3,73,69,88,87,75,68,77,assertion/anecdote/authority/speculation carries substantial weight,v4-closed-findings-adapter
47,jones-krauss-christianity-secular-ethics-2025,Michael Jones vs Lawrence Krauss: Christianity or Secular Ethics - What's Best for Society?,theist,pro,Michael Jones,pro-social-mental-health-outcomes,constructive,3,71,72,85,87,75,68,76,material warrant or verification step compressed,v4-closed-findings-adapter
47,jones-krauss-christianity-secular-ethics-2025,Michael Jones vs Lawrence Krauss: Christianity or Secular Ethics - What's Best for Society?,theist,pro,Michael Jones,pro-liberty-practice-against-authoritarianism,constructive,2,66,63,80,86,75,60,72,assertion/anecdote/authority/speculation carries substantial weight,v4-closed-findings-adapter
47,jones-krauss-christianity-secular-ethics-2025,Michael Jones vs Lawrence Krauss: Christianity or Secular Ethics - What's Best for Society?,theist,pro,Michael Jones,pro-continuity-replacement-fertility,constructive,2,62,57,82,87,75,59,70,assertion/anecdote/authority/speculation carries substantial weight,v4-closed-findings-adapter
47,jones-krauss-christianity-secular-ethics-2025,Michael Jones vs Lawrence Krauss: Christianity or Secular Ethics - What's Best for Society?,non_theist,con,Lawrence Krauss,con-social-empirical-countercase,reply,3,68,58,73,87,75,59,70,assertion/anecdote/authority/speculation carries substantial weight,v4-closed-findings-adapter
47,jones-krauss-christianity-secular-ethics-2025,Michael Jones vs Lawrence Krauss: Christianity or Secular Ethics - What's Best for Society?,non_theist,con,Lawrence Krauss,con-progress-enlightenment-gains,constructive,3,68,61,87,87,75,59,73,assertion/anecdote/authority/speculation carries substantial weight,v4-closed-findings-adapter
47,jones-krauss-christianity-secular-ethics-2025,Michael Jones vs Lawrence Krauss: Christianity or Secular Ethics - What's Best for Society?,non_theist,con,Lawrence Krauss,con-doctrine-secular-fallibilism,constructive,2,77,65,81,69,75,69,73,assertion/anecdote/authority/speculation carries substantial weight,v4-closed-findings-adapter
47,jones-krauss-christianity-secular-ethics-2025,Michael Jones vs Lawrence Krauss: Christianity or Secular Ethics - What's Best for Society?,non_theist,con,Lawrence Krauss,con-morality-secular-ethical-basis,constructive,3,83,77,90,87,85,85,84,material warrant or verification step compressed,v4-closed-findings-adapter
47,jones-krauss-christianity-secular-ethics-2025,Michael Jones vs Lawrence Krauss: Christianity or Secular Ethics - What's Best for Society?,non_theist,con,Lawrence Krauss,con-doctrine-sin-punishment,constructive,2,71,60,82,86,75,54,72,assertion/anecdote/authority/speculation carries substantial weight,v4-closed-findings-adapter
47,jones-krauss-christianity-secular-ethics-2025,Michael Jones vs Lawrence Krauss: Christianity or Secular Ethics - What's Best for Society?,theist,pro,Michael Jones,pro-doctrine-original-sin-fallibilism,reply,2,78,71,68,69,75,70,72,material warrant or verification step compressed,v4-closed-findings-adapter
47,jones-krauss-christianity-secular-ethics-2025,Michael Jones vs Lawrence Krauss: Christianity or Secular Ethics - What's Best for Society?,theist,pro,Michael Jones,pro-progress-rights-missions,reply,3,79,78,97,87,75,74,83,material warrant or verification step compressed,v4-closed-findings-adapter
47,jones-krauss-christianity-secular-ethics-2025,Michael Jones vs Lawrence Krauss: Christianity or Secular Ethics - What's Best for Society?,theist,pro,Michael Jones,pro-progress-christian-institutions,reply,3,75,74,97,87,75,63,80,material warrant or verification step compressed,v4-closed-findings-adapter
47,jones-krauss-christianity-secular-ethics-2025,Michael Jones vs Lawrence Krauss: Christianity or Secular Ethics - What's Best for Society?,non_theist,con,Lawrence Krauss,con-liberty-demography-women,reply,2,65,54,95,87,75,56,72,assertion/anecdote/authority/speculation carries substantial weight,v4-closed-findings-adapter
47,jones-krauss-christianity-secular-ethics-2025,Michael Jones vs Lawrence Krauss: Christianity or Secular Ethics - What's Best for Society?,non_theist,con,Lawrence Krauss,con-progress-natural-causation,reply,2,64,68,55,87,75,66,68,assertion/anecdote/authority/speculation carries substantial weight,v4-closed-findings-adapter
47,jones-krauss-christianity-secular-ethics-2025,Michael Jones vs Lawrence Krauss: Christianity or Secular Ethics - What's Best for Society?,non_theist,con,Lawrence Krauss,con-liberty-secular-reform,reply,3,77,63,97,87,75,62,78,assertion/anecdote/authority/speculation carries substantial weight,v4-closed-findings-adapter
47,jones-krauss-christianity-secular-ethics-2025,Michael Jones vs Lawrence Krauss: Christianity or Secular Ethics - What's Best for Society?,theist,pro,Michael Jones,pro-doctrine-scientific-order,constructive,2,80,73,84,69,75,75,77,material warrant or verification step compressed,v4-closed-findings-adapter
47,jones-krauss-christianity-secular-ethics-2025,Michael Jones vs Lawrence Krauss: Christianity or Secular Ethics - What's Best for Society?,theist,pro,Michael Jones,pro-morality-naturalistic-fallacy,reply,2,90,83,98,87,95,88,90,stronger support,v4-closed-findings-adapter
47,jones-krauss-christianity-secular-ethics-2025,Michael Jones vs Lawrence Krauss: Christianity or Secular Ethics - What's Best for Society?,non_theist,con,Lawrence Krauss,con-social-religious-heterogeneity,reply,3,88,77,99,69,95,93,86,material warrant or verification step compressed,v4-closed-findings-adapter
47,jones-krauss-christianity-secular-ethics-2025,Michael Jones vs Lawrence Krauss: Christianity or Secular Ethics - What's Best for Society?,non_theist,con,Lawrence Krauss,con-morality-equal-human-standing,reply,3,78,75,71,87,85,80,78,material warrant or verification step compressed,v4-closed-findings-adapter
47,jones-krauss-christianity-secular-ethics-2025,Michael Jones vs Lawrence Krauss: Christianity or Secular Ethics - What's Best for Society?,theist,pro,Michael Jones,pro-morality-adamic-human-unity,reply,2,78,75,96,86,85,73,82,material warrant or verification step compressed,v4-closed-findings-adapter
48,scrivener-folley-hiddenness-evil-moral-narrative-2025,"Glen Scrivener vs Joe Folley: Morality, Evil, Consciousness, and Christian Narrative",non_theist,con,Joe Folley,con-hiddenness-nonresistant-geography,constructive,3,88,78,91,87,95,91,87,material warrant or verification step compressed,v4-closed-findings-adapter
48,scrivener-folley-hiddenness-evil-moral-narrative-2025,"Glen Scrivener vs Joe Folley: Morality, Evil, Consciousness, and Christian Narrative",non_theist,con,Joe Folley,con-hiddenness-believers-and-disagreement,constructive,3,86,77,89,87,95,90,86,material warrant or verification step compressed,v4-closed-findings-adapter
48,scrivener-folley-hiddenness-evil-moral-narrative-2025,"Glen Scrivener vs Joe Folley: Morality, Evil, Consciousness, and Christian Narrative",theist,pro,Glen Scrivener,pro-hiddenness-conscious-participation,reply,3,75,67,56,86,75,82,72,assertion/anecdote/authority/speculation carries substantial weight,v4-closed-findings-adapter
48,scrivener-folley-hiddenness-evil-moral-narrative-2025,"Glen Scrivener vs Joe Folley: Morality, Evil, Consciousness, and Christian Narrative",theist,pro,Glen Scrivener,pro-hiddenness-crucified-divine-participation,reply,3,81,73,73,87,95,92,81,material warrant or verification step compressed,v4-closed-findings-adapter
48,scrivener-folley-hiddenness-evil-moral-narrative-2025,"Glen Scrivener vs Joe Folley: Morality, Evil, Consciousness, and Christian Narrative",non_theist,con,Joe Folley,con-evil-apparently-gratuitous-suffering,constructive,3,86,81,91,87,95,91,88,stronger support,v4-closed-findings-adapter
48,scrivener-folley-hiddenness-evil-moral-narrative-2025,"Glen Scrivener vs Joe Folley: Morality, Evil, Consciousness, and Christian Narrative",theist,pro,Glen Scrivener,pro-evil-cross-resurrection-cost,reply,3,72,62,72,87,75,71,72,assertion/anecdote/authority/speculation carries substantial weight,v4-closed-findings-adapter
48,scrivener-folley-hiddenness-evil-moral-narrative-2025,"Glen Scrivener vs Joe Folley: Morality, Evil, Consciousness, and Christian Narrative",non_theist,con,Joe Folley,con-evil-skeptical-theism-tradeoff,reply,3,88,79,70,87,95,90,83,material warrant or verification step compressed,v4-closed-findings-adapter
48,scrivener-folley-hiddenness-evil-moral-narrative-2025,"Glen Scrivener vs Joe Folley: Morality, Evil, Consciousness, and Christian Narrative",non_theist,con,Joe Folley,con-morality-power-goodness-dilemma,reply,3,85,74,57,87,95,90,79,material warrant or verification step compressed,v4-closed-findings-adapter
48,scrivener-folley-hiddenness-evil-moral-narrative-2025,"Glen Scrivener vs Joe Folley: Morality, Evil, Consciousness, and Christian Narrative",theist,pro,Glen Scrivener,pro-morality-trinitarian-goodness,reply,3,79,69,73,87,85,78,77,assertion/anecdote/authority/speculation carries substantial weight,v4-closed-findings-adapter
48,scrivener-folley-hiddenness-evil-moral-narrative-2025,"Glen Scrivener vs Joe Folley: Morality, Evil, Consciousness, and Christian Narrative",theist,pro,Glen Scrivener,pro-morality-objective-condemnation,constructive,3,63,59,84,86,75,60,71,assertion/anecdote/authority/speculation carries substantial weight,v4-closed-findings-adapter
48,scrivener-folley-hiddenness-evil-moral-narrative-2025,"Glen Scrivener vs Joe Folley: Morality, Evil, Consciousness, and Christian Narrative",non_theist,con,Joe Folley,con-morality-emotive-motivation,reply,3,82,73,71,87,95,86,80,material warrant or verification step compressed,v4-closed-findings-adapter
48,scrivener-folley-hiddenness-evil-moral-narrative-2025,"Glen Scrivener vs Joe Folley: Morality, Evil, Consciousness, and Christian Narrative",theist,pro,Glen Scrivener,pro-dignity-christian-inheritance,reply,2,63,63,55,69,75,60,63,assertion/anecdote/authority/speculation carries substantial weight,v4-closed-findings-adapter
48,scrivener-folley-hiddenness-evil-moral-narrative-2025,"Glen Scrivener vs Joe Folley: Morality, Evil, Consciousness, and Christian Narrative",non_theist,con,Joe Folley,con-progress-advance-criteria,reply,3,92,84,73,87,95,93,86,stronger support,v4-closed-findings-adapter
48,scrivener-folley-hiddenness-evil-moral-narrative-2025,"Glen Scrivener vs Joe Folley: Morality, Evil, Consciousness, and Christian Narrative",non_theist,con,Joe Folley,con-progress-realism-and-regression,reply,3,89,78,74,87,95,92,84,material warrant or verification step compressed,v4-closed-findings-adapter
48,scrivener-folley-hiddenness-evil-moral-narrative-2025,"Glen Scrivener vs Joe Folley: Morality, Evil, Consciousness, and Christian Narrative",theist,pro,Glen Scrivener,pro-progress-jesus-centered-test,reply,3,78,70,73,87,75,89,78,material warrant or verification step compressed,v4-closed-findings-adapter
49,dyer-dillahunty-transcendental-theism-2019,Jay Dyer vs Matt Dillahunty: Transcendental Argument for Theism,theist,pro,Jay Dyer,pro-induction-empiricism-deficit,constructive,3,80,75,87,87,85,74,81,material warrant or verification step compressed,v4-closed-findings-adapter
49,dyer-dillahunty-transcendental-theism-2019,Jay Dyer vs Matt Dillahunty: Transcendental Argument for Theism,theist,pro,Jay Dyer,pro-orthodox-divine-ground,constructive,3,68,58,85,87,75,68,73,assertion/anecdote/authority/speculation carries substantial weight,v4-closed-findings-adapter
49,dyer-dillahunty-transcendental-theism-2019,Jay Dyer vs Matt Dillahunty: Transcendental Argument for Theism,theist,pro,Jay Dyer,pro-theism-worldview-coherence,constructive,2,67,56,82,86,75,60,71,assertion/anecdote/authority/speculation carries substantial weight,v4-closed-findings-adapter
49,dyer-dillahunty-transcendental-theism-2019,Jay Dyer vs Matt Dillahunty: Transcendental Argument for Theism,non_theist,con,Matt Dillahunty,con-god-guarantor-assumes-foundation,reply,3,85,79,98,87,95,90,88,material warrant or verification step compressed,v4-closed-findings-adapter
49,dyer-dillahunty-transcendental-theism-2019,Jay Dyer vs Matt Dillahunty: Transcendental Argument for Theism,non_theist,con,Matt Dillahunty,con-reliability-parsimony-justify-use,reply,3,85,79,98,87,95,90,88,material warrant or verification step compressed,v4-closed-findings-adapter
49,dyer-dillahunty-transcendental-theism-2019,Jay Dyer vs Matt Dillahunty: Transcendental Argument for Theism,theist,pro,Jay Dyer,pro-personal-god-unifies-categories,reply,3,61,53,57,87,75,59,64,assertion/anecdote/authority/speculation carries substantial weight,v4-closed-findings-adapter
49,dyer-dillahunty-transcendental-theism-2019,Jay Dyer vs Matt Dillahunty: Transcendental Argument for Theism,non_theist,con,Matt Dillahunty,con-fallible-proportioned-confidence,reply,3,88,82,98,87,95,89,89,stronger support,v4-closed-findings-adapter
49,dyer-dillahunty-transcendental-theism-2019,Jay Dyer vs Matt Dillahunty: Transcendental Argument for Theism,theist,pro,Jay Dyer,pro-transcendentals-maximal-certainty,reply,3,79,74,98,87,95,80,85,material warrant or verification step compressed,v4-closed-findings-adapter
49,dyer-dillahunty-transcendental-theism-2019,Jay Dyer vs Matt Dillahunty: Transcendental Argument for Theism,theist,pro,Jay Dyer,pro-coherentist-web-no-arbitrary-stop,reply,2,65,56,73,86,85,61,70,assertion/anecdote/authority/speculation carries substantial weight,v4-closed-findings-adapter
49,dyer-dillahunty-transcendental-theism-2019,Jay Dyer vs Matt Dillahunty: Transcendental Argument for Theism,non_theist,con,Matt Dillahunty,con-reductio-must-exhaust-alternatives,reply,3,92,86,99,87,95,92,92,stronger support,v4-closed-findings-adapter
49,dyer-dillahunty-transcendental-theism-2019,Jay Dyer vs Matt Dillahunty: Transcendental Argument for Theism,non_theist,con,Matt Dillahunty,con-divine-logic-dilemma,reply,3,82,76,99,87,95,82,86,material warrant or verification step compressed,v4-closed-findings-adapter
49,dyer-dillahunty-transcendental-theism-2019,Jay Dyer vs Matt Dillahunty: Transcendental Argument for Theism,non_theist,con,Matt Dillahunty,con-perfect-ground-fallible-access,reply,3,90,83,99,87,95,81,90,stronger support,v4-closed-findings-adapter
49,dyer-dillahunty-transcendental-theism-2019,Jay Dyer vs Matt Dillahunty: Transcendental Argument for Theism,theist,pro,Jay Dyer,pro-induction-pragmatic-circularity,reply,3,88,82,99,87,95,91,90,stronger support,v4-closed-findings-adapter
49,dyer-dillahunty-transcendental-theism-2019,Jay Dyer vs Matt Dillahunty: Transcendental Argument for Theism,non_theist,con,Matt Dillahunty,con-use-without-causal-explanation,reply,3,83,77,98,87,95,86,87,material warrant or verification step compressed,v4-closed-findings-adapter
49,dyer-dillahunty-transcendental-theism-2019,Jay Dyer vs Matt Dillahunty: Transcendental Argument for Theism,non_theist,con,Matt Dillahunty,con-atheism-nonbelief-burden,reply,2,89,83,98,69,95,90,87,stronger support,v4-closed-findings-adapter
49,dyer-dillahunty-transcendental-theism-2019,Jay Dyer vs Matt Dillahunty: Transcendental Argument for Theism,theist,pro,Jay Dyer,pro-skeptical-neutrality-commitments,reply,2,84,78,98,69,95,89,85,material warrant or verification step compressed,v4-closed-findings-adapter
49,dyer-dillahunty-transcendental-theism-2019,Jay Dyer vs Matt Dillahunty: Transcendental Argument for Theism,non_theist,con,Matt Dillahunty,con-logic-describes-invariant-relations,reply,3,85,78,98,87,95,89,88,material warrant or verification step compressed,v4-closed-findings-adapter
49,dyer-dillahunty-transcendental-theism-2019,Jay Dyer vs Matt Dillahunty: Transcendental Argument for Theism,non_theist,con,Matt Dillahunty,con-explicit-form-required,reply,3,90,84,98,87,95,92,91,stronger support,v4-closed-findings-adapter
49,dyer-dillahunty-transcendental-theism-2019,Jay Dyer vs Matt Dillahunty: Transcendental Argument for Theism,theist,pro,Jay Dyer,pro-denial-dependent-positive-proof,reply,3,80,73,73,69,95,73,76,material warrant or verification step compressed,v4-closed-findings-adapter
49,dyer-dillahunty-transcendental-theism-2019,Jay Dyer vs Matt Dillahunty: Transcendental Argument for Theism,theist,pro,Jay Dyer,pro-logic-reflects-divine-mind,reply,3,84,69,73,69,95,76,77,assertion/anecdote/authority/speculation carries substantial weight,v4-closed-findings-adapter
49,dyer-dillahunty-transcendental-theism-2019,Jay Dyer vs Matt Dillahunty: Transcendental Argument for Theism,theist,pro,Jay Dyer,pro-knowledge-requires-god,constructive,3,50,42,76,100,95,43,65,effectively unsupported,v4-closed-findings-adapter
49,dyer-dillahunty-transcendental-theism-2019,Jay Dyer vs Matt Dillahunty: Transcendental Argument for Theism,non_theist,con,Matt Dillahunty,con-divine-guarantee-unnecessary-step,reply,3,91,84,99,100,95,92,93,stronger support,v4-closed-findings-adapter
49,dyer-dillahunty-transcendental-theism-2019,Jay Dyer vs Matt Dillahunty: Transcendental Argument for Theism,theist,pro,Jay Dyer,pro-logic-divine-energies,reply,2,82,67,98,87,95,77,84,assertion/anecdote/authority/speculation carries substantial weight,v4-closed-findings-adapter
49,dyer-dillahunty-transcendental-theism-2019,Jay Dyer vs Matt Dillahunty: Transcendental Argument for Theism,non_theist,con,Matt Dillahunty,con-secular-moral-reasoning,constructive,1,83,65,69,68,75,92,74,assertion/anecdote/authority/speculation carries substantial weight,v4-closed-findings-adapter
50,knechtle-dillahunty-christianity-true-2023,Cliffe Knechtle vs Matt Dillahunty: Is Christianity True?,theist,pro,Cliffe Knechtle,pro-human-value-divine-image,constructive,2,75,56,78,86,85,68,74,assertion/anecdote/authority/speculation carries substantial weight,v4-closed-findings-adapter
50,knechtle-dillahunty-christianity-true-2023,Cliffe Knechtle vs Matt Dillahunty: Is Christianity True?,theist,pro,Cliffe Knechtle,pro-objective-morality-prior-mind,constructive,2,65,53,76,87,75,68,69,assertion/anecdote/authority/speculation carries substantial weight,v4-closed-findings-adapter
50,knechtle-dillahunty-christianity-true-2023,Cliffe Knechtle vs Matt Dillahunty: Is Christianity True?,theist,pro,Cliffe Knechtle,pro-plural-forms-of-evidence,constructive,3,83,74,87,87,85,75,82,material warrant or verification step compressed,v4-closed-findings-adapter
50,knechtle-dillahunty-christianity-true-2023,Cliffe Knechtle vs Matt Dillahunty: Is Christianity True?,non_theist,con,Matt Dillahunty,con-discriminating-truth-test,reply,3,91,82,99,87,95,93,91,stronger support,v4-closed-findings-adapter
50,knechtle-dillahunty-christianity-true-2023,Cliffe Knechtle vs Matt Dillahunty: Is Christianity True?,non_theist,con,Matt Dillahunty,con-empirical-resurrection-deficit,reply,3,89,78,98,87,95,86,89,material warrant or verification step compressed,v4-closed-findings-adapter
50,knechtle-dillahunty-christianity-true-2023,Cliffe Knechtle vs Matt Dillahunty: Is Christianity True?,theist,pro,Cliffe Knechtle,pro-resurrection-cumulative-history,reply,3,74,63,72,87,85,68,74,assertion/anecdote/authority/speculation carries substantial weight,v4-closed-findings-adapter
50,knechtle-dillahunty-christianity-true-2023,Cliffe Knechtle vs Matt Dillahunty: Is Christianity True?,non_theist,con,Matt Dillahunty,con-preservation-not-truth,reply,3,96,89,99,87,95,95,94,stronger support,v4-closed-findings-adapter
50,knechtle-dillahunty-christianity-true-2023,Cliffe Knechtle vs Matt Dillahunty: Is Christianity True?,theist,pro,Cliffe Knechtle,pro-gospels-cumulative-reliability,reply,3,69,62,73,87,75,61,71,assertion/anecdote/authority/speculation carries substantial weight,v4-closed-findings-adapter
50,knechtle-dillahunty-christianity-true-2023,Cliffe Knechtle vs Matt Dillahunty: Is Christianity True?,non_theist,con,Matt Dillahunty,con-four-tests-fiction-compatible,reply,3,94,87,99,87,95,93,93,stronger support,v4-closed-findings-adapter
50,knechtle-dillahunty-christianity-true-2023,Cliffe Knechtle vs Matt Dillahunty: Is Christianity True?,non_theist,con,Matt Dillahunty,con-no-replacement-method-burden,reply,2,95,89,99,69,95,94,91,stronger support,v4-closed-findings-adapter
50,knechtle-dillahunty-christianity-true-2023,Cliffe Knechtle vs Matt Dillahunty: Is Christianity True?,non_theist,con,Matt Dillahunty,con-empty-tomb-appearances-insufficient,reply,3,87,75,97,87,95,91,88,material warrant or verification step compressed,v4-closed-findings-adapter
50,knechtle-dillahunty-christianity-true-2023,Cliffe Knechtle vs Matt Dillahunty: Is Christianity True?,theist,pro,Cliffe Knechtle,pro-evidential-skepticism,reply,2,69,64,69,68,75,67,68,assertion/anecdote/authority/speculation carries substantial weight,v4-closed-findings-adapter
50,knechtle-dillahunty-christianity-true-2023,Cliffe Knechtle vs Matt Dillahunty: Is Christianity True?,non_theist,con,Matt Dillahunty,con-secular-human-meaning,reply,2,84,71,97,87,95,89,86,material warrant or verification step compressed,v4-closed-findings-adapter
50,knechtle-dillahunty-christianity-true-2023,Cliffe Knechtle vs Matt Dillahunty: Is Christianity True?,theist,pro,Cliffe Knechtle,pro-compatible-gospel-perspectives,reply,2,82,69,71,86,75,79,77,assertion/anecdote/authority/speculation carries substantial weight,v4-closed-findings-adapter
50,knechtle-dillahunty-christianity-true-2023,Cliffe Knechtle vs Matt Dillahunty: Is Christianity True?,non_theist,con,Matt Dillahunty,con-biblical-gender-inequality,reply,3,86,75,70,87,95,81,81,material warrant or verification step compressed,v4-closed-findings-adapter
50,knechtle-dillahunty-christianity-true-2023,Cliffe Knechtle vs Matt Dillahunty: Is Christianity True?,theist,pro,Cliffe Knechtle,pro-accommodation-and-creation-ideal,reply,3,74,63,72,69,75,64,70,assertion/anecdote/authority/speculation carries substantial weight,v4-closed-findings-adapter
50,knechtle-dillahunty-christianity-true-2023,Cliffe Knechtle vs Matt Dillahunty: Is Christianity True?,theist,pro,Cliffe Knechtle,pro-free-will-human-evil,reply,2,78,66,53,86,85,75,72,assertion/anecdote/authority/speculation carries substantial weight,v4-closed-findings-adapter
50,knechtle-dillahunty-christianity-true-2023,Cliffe Knechtle vs Matt Dillahunty: Is Christianity True?,non_theist,con,Matt Dillahunty,con-exodus-regulates-slavery,reply,3,94,84,99,87,95,94,92,stronger support,v4-closed-findings-adapter
50,knechtle-dillahunty-christianity-true-2023,Cliffe Knechtle vs Matt Dillahunty: Is Christianity True?,theist,pro,Cliffe Knechtle,pro-stolen-body-alternative,reply,2,65,60,72,87,75,56,69,assertion/anecdote/authority/speculation carries substantial weight,v4-closed-findings-adapter
51,lennox-atkins-duelling-professors-2012,John Lennox vs Peter Atkins: Duelling Professors on Science and God,non_theist,con,Peter Atkins,con-apparent-design-01,constructive,3,68,55,67,99,75,68,71,assertion/anecdote/authority/speculation carries substantial weight,v4-closed-findings-adapter
51,lennox-atkins-duelling-professors-2012,John Lennox vs Peter Atkins: Duelling Professors on Science and God,theist,pro,John Lennox,pro-design-agency-01,reply,3,81,68,99,71,95,74,81,assertion/anecdote/authority/speculation carries substantial weight,v4-closed-findings-adapter
51,lennox-atkins-duelling-professors-2012,John Lennox vs Peter Atkins: Duelling Professors on Science and God,theist,pro,John Lennox,pro-intelligibility-01,reply,3,69,60,57,88,75,61,67,assertion/anecdote/authority/speculation carries substantial weight,v4-closed-findings-adapter
51,lennox-atkins-duelling-professors-2012,John Lennox vs Peter Atkins: Duelling Professors on Science and God,non_theist,con,Peter Atkins,con-method-economy-01,reply,3,81,71,98,88,95,83,85,material warrant or verification step compressed,v4-closed-findings-adapter
51,lennox-atkins-duelling-professors-2012,John Lennox vs Peter Atkins: Duelling Professors on Science and God,non_theist,con,Peter Atkins,con-selection-complexity-01,reply,3,68,62,59,88,75,68,69,assertion/anecdote/authority/speculation carries substantial weight,v4-closed-findings-adapter
51,lennox-atkins-duelling-professors-2012,John Lennox vs Peter Atkins: Duelling Professors on Science and God,theist,pro,John Lennox,pro-replicator-semiotics-01,reply,3,81,72,98,88,75,77,83,material warrant or verification step compressed,v4-closed-findings-adapter
51,lennox-atkins-duelling-professors-2012,John Lennox vs Peter Atkins: Duelling Professors on Science and God,non_theist,con,Peter Atkins,con-information-structure-01,reply,3,67,57,73,88,75,60,69,assertion/anecdote/authority/speculation carries substantial weight,v4-closed-findings-adapter
51,lennox-atkins-duelling-professors-2012,John Lennox vs Peter Atkins: Duelling Professors on Science and God,non_theist,con,Peter Atkins,con-mathematical-emergence-01,reply,3,58,48,96,87,60,85,71,effectively unsupported,v4-closed-findings-adapter
51,lennox-atkins-duelling-professors-2012,John Lennox vs Peter Atkins: Duelling Professors on Science and God,theist,pro,John Lennox,pro-null-set-causation-01,reply,3,89,82,99,88,95,82,89,stronger support,v4-closed-findings-adapter
51,lennox-atkins-duelling-professors-2012,John Lennox vs Peter Atkins: Duelling Professors on Science and God,non_theist,con,Peter Atkins,con-religious-framework-01,reply,2,58,51,58,87,60,35,59,assertion/anecdote/authority/speculation carries substantial weight,v4-closed-findings-adapter
51,lennox-atkins-duelling-professors-2012,John Lennox vs Peter Atkins: Duelling Professors on Science and God,non_theist,con,Peter Atkins,con-emergent-laws-01,constructive,2,71,70,77,71,75,67,72,material warrant or verification step compressed,v4-closed-findings-adapter
51,lennox-atkins-duelling-professors-2012,John Lennox vs Peter Atkins: Duelling Professors on Science and God,theist,pro,John Lennox,pro-resurrection-history-01,constructive,3,75,60,68,88,85,77,74,assertion/anecdote/authority/speculation carries substantial weight,v4-closed-findings-adapter
51,lennox-atkins-duelling-professors-2012,John Lennox vs Peter Atkins: Duelling Professors on Science and God,non_theist,con,Peter Atkins,con-evolved-morality-01,constructive,3,79,72,81,88,95,85,82,material warrant or verification step compressed,v4-closed-findings-adapter
51,lennox-atkins-duelling-professors-2012,John Lennox vs Peter Atkins: Duelling Professors on Science and God,non_theist,con,Peter Atkins,con-afterlife-evidence-01,reply,2,66,65,59,87,75,57,68,assertion/anecdote/authority/speculation carries substantial weight,v4-closed-findings-adapter
51,lennox-atkins-duelling-professors-2012,John Lennox vs Peter Atkins: Duelling Professors on Science and God,non_theist,con,Peter Atkins,con-religious-conditioning-01,reply,2,67,55,55,87,75,63,66,assertion/anecdote/authority/speculation carries substantial weight,v4-closed-findings-adapter
51,lennox-atkins-duelling-professors-2012,John Lennox vs Peter Atkins: Duelling Professors on Science and God,theist,pro,John Lennox,pro-fine-tuning-01,constructive,3,77,69,81,71,95,68,76,assertion/anecdote/authority/speculation carries substantial weight,v4-closed-findings-adapter
51,lennox-atkins-duelling-professors-2012,John Lennox vs Peter Atkins: Duelling Professors on Science and God,theist,pro,John Lennox,pro-information-origin-01,reply,3,71,59,99,88,75,59,76,assertion/anecdote/authority/speculation carries substantial weight,v4-closed-findings-adapter
51,lennox-atkins-duelling-professors-2012,John Lennox vs Peter Atkins: Duelling Professors on Science and God,theist,pro,John Lennox,pro-objective-morality-01,reply,3,69,59,98,88,75,68,76,assertion/anecdote/authority/speculation carries substantial weight,v4-closed-findings-adapter
51,lennox-atkins-duelling-professors-2012,John Lennox vs Peter Atkins: Duelling Professors on Science and God,theist,pro,John Lennox,pro-moral-foundation-01,reply,3,80,65,99,88,95,79,83,assertion/anecdote/authority/speculation carries substantial weight,v4-closed-findings-adapter
51,lennox-atkins-duelling-professors-2012,John Lennox vs Peter Atkins: Duelling Professors on Science and God,theist,pro,John Lennox,pro-general-to-christian-01,constructive,3,85,70,86,89,95,85,84,material warrant or verification step compressed,v4-closed-findings-adapter
52,horn-dillahunty-resurrection-reasonable-2021,Trent Horn vs Matt Dillahunty: Is Belief in the Resurrection Reasonable?,theist,pro,Trent Horn,pro-reasonableness-three-part-test,constructive,3,86,78,94,100,95,75,88,material warrant or verification step compressed,v4-closed-findings-adapter
52,horn-dillahunty-resurrection-reasonable-2021,Trent Horn vs Matt Dillahunty: Is Belief in the Resurrection Reasonable?,theist,pro,Trent Horn,pro-testimony-and-early-experiences,constructive,3,82,75,88,87,75,75,81,material warrant or verification step compressed,v4-closed-findings-adapter
52,horn-dillahunty-resurrection-reasonable-2021,Trent Horn vs Matt Dillahunty: Is Belief in the Resurrection Reasonable?,theist,pro,Trent Horn,pro-ordinary-alternatives-comparison,constructive,3,78,66,90,87,75,64,78,assertion/anecdote/authority/speculation carries substantial weight,v4-closed-findings-adapter
52,horn-dillahunty-resurrection-reasonable-2021,Trent Horn vs Matt Dillahunty: Is Belief in the Resurrection Reasonable?,theist,pro,Trent Horn,pro-divine-agency-from-change,constructive,3,71,60,83,87,75,68,74,assertion/anecdote/authority/speculation carries substantial weight,v4-closed-findings-adapter
52,horn-dillahunty-resurrection-reasonable-2021,Trent Horn vs Matt Dillahunty: Is Belief in the Resurrection Reasonable?,non_theist,con,Matt Dillahunty,con-reasonableness-reality-standard,reply,3,79,75,95,87,75,78,82,material warrant or verification step compressed,v4-closed-findings-adapter
52,horn-dillahunty-resurrection-reasonable-2021,Trent Horn vs Matt Dillahunty: Is Belief in the Resurrection Reasonable?,non_theist,con,Matt Dillahunty,con-testimony-insufficient-for-resurrection,reply,3,71,73,98,100,75,70,81,material warrant or verification step compressed,v4-closed-findings-adapter
52,horn-dillahunty-resurrection-reasonable-2021,Trent Horn vs Matt Dillahunty: Is Belief in the Resurrection Reasonable?,non_theist,con,Matt Dillahunty,con-ordinary-error-more-probable,reply,3,84,76,97,87,95,79,86,material warrant or verification step compressed,v4-closed-findings-adapter
52,horn-dillahunty-resurrection-reasonable-2021,Trent Horn vs Matt Dillahunty: Is Belief in the Resurrection Reasonable?,non_theist,con,Matt Dillahunty,con-inaccessible-sources-lack-corroboration,reply,3,77,68,98,87,75,71,80,assertion/anecdote/authority/speculation carries substantial weight,v4-closed-findings-adapter
52,horn-dillahunty-resurrection-reasonable-2021,Trent Horn vs Matt Dillahunty: Is Belief in the Resurrection Reasonable?,non_theist,con,Matt Dillahunty,con-prior-supernatural-assumptions,constructive,3,80,72,85,87,75,78,80,material warrant or verification step compressed,v4-closed-findings-adapter
52,horn-dillahunty-resurrection-reasonable-2021,Trent Horn vs Matt Dillahunty: Is Belief in the Resurrection Reasonable?,non_theist,con,Matt Dillahunty,con-confirmed-resurrections-would-be-public,reply,2,77,69,71,68,75,75,72,assertion/anecdote/authority/speculation carries substantial weight,v4-closed-findings-adapter
52,horn-dillahunty-resurrection-reasonable-2021,Trent Horn vs Matt Dillahunty: Is Belief in the Resurrection Reasonable?,non_theist,con,Matt Dillahunty,con-burden-withhold-acceptance,reply,3,95,89,99,100,95,85,94,stronger support,v4-closed-findings-adapter
52,horn-dillahunty-resurrection-reasonable-2021,Trent Horn vs Matt Dillahunty: Is Belief in the Resurrection Reasonable?,theist,pro,Trent Horn,pro-regularity-allows-miracles,reply,3,81,71,95,87,75,75,82,material warrant or verification step compressed,v4-closed-findings-adapter
52,horn-dillahunty-resurrection-reasonable-2021,Trent Horn vs Matt Dillahunty: Is Belief in the Resurrection Reasonable?,theist,pro,Trent Horn,pro-costly-multiple-testimony,reply,3,74,68,73,69,75,69,71,assertion/anecdote/authority/speculation carries substantial weight,v4-closed-findings-adapter
52,horn-dillahunty-resurrection-reasonable-2021,Trent Horn vs Matt Dillahunty: Is Belief in the Resurrection Reasonable?,non_theist,con,Matt Dillahunty,con-supernatural-requires-demonstration,reply,3,80,73,72,87,95,75,79,material warrant or verification step compressed,v4-closed-findings-adapter
52,horn-dillahunty-resurrection-reasonable-2021,Trent Horn vs Matt Dillahunty: Is Belief in the Resurrection Reasonable?,theist,pro,Trent Horn,pro-elvis-parody-differences,reply,2,91,83,98,87,95,92,91,stronger support,v4-closed-findings-adapter
52,horn-dillahunty-resurrection-reasonable-2021,Trent Horn vs Matt Dillahunty: Is Belief in the Resurrection Reasonable?,theist,pro,Trent Horn,pro-resurrection-falsifiability,reply,2,82,76,73,68,75,85,77,material warrant or verification step compressed,v4-closed-findings-adapter
52,horn-dillahunty-resurrection-reasonable-2021,Trent Horn vs Matt Dillahunty: Is Belief in the Resurrection Reasonable?,non_theist,con,Matt Dillahunty,con-martyrdom-shows-belief-not-truth,reply,3,96,89,99,69,95,94,91,stronger support,v4-closed-findings-adapter
52,horn-dillahunty-resurrection-reasonable-2021,Trent Horn vs Matt Dillahunty: Is Belief in the Resurrection Reasonable?,theist,pro,Trent Horn,pro-sincerity-needs-explanation,reply,3,86,72,96,69,95,81,83,material warrant or verification step compressed,v4-closed-findings-adapter
52,horn-dillahunty-resurrection-reasonable-2021,Trent Horn vs Matt Dillahunty: Is Belief in the Resurrection Reasonable?,theist,pro,Trent Horn,pro-modern-evidence-expectation,reply,2,76,65,94,69,85,73,77,assertion/anecdote/authority/speculation carries substantial weight,v4-closed-findings-adapter
52,horn-dillahunty-resurrection-reasonable-2021,Trent Horn vs Matt Dillahunty: Is Belief in the Resurrection Reasonable?,non_theist,con,Matt Dillahunty,con-relational-god-could-provide-better-evidence,reply,2,78,64,97,69,75,69,76,assertion/anecdote/authority/speculation carries substantial weight,v4-closed-findings-adapter
52,horn-dillahunty-resurrection-reasonable-2021,Trent Horn vs Matt Dillahunty: Is Belief in the Resurrection Reasonable?,non_theist,con,Matt Dillahunty,con-scripture-fallible-without-divine-guarantee,reply,2,84,70,68,87,95,81,79,material warrant or verification step compressed,v4-closed-findings-adapter
52,horn-dillahunty-resurrection-reasonable-2021,Trent Horn vs Matt Dillahunty: Is Belief in the Resurrection Reasonable?,theist,pro,Trent Horn,pro-reasonable-disagreement-standard,reply,3,87,75,98,100,95,75,88,material warrant or verification step compressed,v4-closed-findings-adapter
52,horn-dillahunty-resurrection-reasonable-2021,Trent Horn vs Matt Dillahunty: Is Belief in the Resurrection Reasonable?,non_theist,con,Matt Dillahunty,con-sincere-consensus-still-allows-error,reply,3,92,83,99,87,95,93,91,stronger support,v4-closed-findings-adapter
53,oconnor-dsouza-bible-true-2024,Alex O'Connor vs Dinesh D'Souza: Is the Bible True?,non_theist,con,Alex O'Connor,con-genre-sensitive-truth-standards,constructive,3,94,88,93,87,95,85,91,stronger support,v4-closed-findings-adapter
53,oconnor-dsouza-bible-true-2024,Alex O'Connor vs Dinesh D'Souza: Is the Bible True?,non_theist,con,Alex O'Connor,con-genesis-allegorical-coherence,constructive,2,87,85,84,99,85,93,88,stronger support,v4-closed-findings-adapter
53,oconnor-dsouza-bible-true-2024,Alex O'Connor vs Dinesh D'Souza: Is the Bible True?,non_theist,con,Alex O'Connor,con-conquest-genocide-moral-truth,constructive,3,93,89,96,100,95,94,94,stronger support,v4-closed-findings-adapter
53,oconnor-dsouza-bible-true-2024,Alex O'Connor vs Dinesh D'Souza: Is the Bible True?,non_theist,con,Alex O'Connor,con-gospel-concrete-contradictions,constructive,3,91,88,95,87,95,92,91,stronger support,v4-closed-findings-adapter
53,oconnor-dsouza-bible-true-2024,Alex O'Connor vs Dinesh D'Souza: Is the Bible True?,non_theist,con,Alex O'Connor,con-gospel-editing-transmission,constructive,3,81,83,90,87,85,89,85,stronger support,v4-closed-findings-adapter
53,oconnor-dsouza-bible-true-2024,Alex O'Connor vs Dinesh D'Souza: Is the Bible True?,theist,pro,Dinesh D'Souza,pro-genre-purpose-truth-standard,reply,3,82,77,98,87,75,85,85,material warrant or verification step compressed,v4-closed-findings-adapter
53,oconnor-dsouza-bible-true-2024,Alex O'Connor vs Dinesh D'Souza: Is the Bible True?,theist,pro,Dinesh D'Souza,pro-genesis-cosmological-claims,constructive,2,87,81,82,68,75,80,80,stronger support,v4-closed-findings-adapter
53,oconnor-dsouza-bible-true-2024,Alex O'Connor vs Dinesh D'Souza: Is the Bible True?,theist,pro,Dinesh D'Souza,pro-revelation-beyond-reasons-limits,constructive,2,70,66,79,86,75,68,74,assertion/anecdote/authority/speculation carries substantial weight,v4-closed-findings-adapter
53,oconnor-dsouza-bible-true-2024,Alex O'Connor vs Dinesh D'Souza: Is the Bible True?,theist,pro,Dinesh D'Souza,pro-ancient-historical-reporting-standard,reply,3,72,67,73,87,75,71,74,assertion/anecdote/authority/speculation carries substantial weight,v4-closed-findings-adapter
53,oconnor-dsouza-bible-true-2024,Alex O'Connor vs Dinesh D'Souza: Is the Bible True?,theist,pro,Dinesh D'Souza,pro-cumulative-gospel-testimony,reply,3,75,65,73,87,75,64,73,assertion/anecdote/authority/speculation carries substantial weight,v4-closed-findings-adapter
53,oconnor-dsouza-bible-true-2024,Alex O'Connor vs Dinesh D'Souza: Is the Bible True?,non_theist,con,Alex O'Connor,con-genesis-scientific-selectivity,reply,2,95,89,99,69,95,93,90,stronger support,v4-closed-findings-adapter
53,oconnor-dsouza-bible-true-2024,Alex O'Connor vs Dinesh D'Souza: Is the Bible True?,theist,pro,Dinesh D'Souza,pro-biblical-archaeological-guidance,reply,2,78,73,58,86,85,75,75,material warrant or verification step compressed,v4-closed-findings-adapter
53,oconnor-dsouza-bible-true-2024,Alex O'Connor vs Dinesh D'Souza: Is the Bible True?,non_theist,con,Alex O'Connor,con-miracle-possibility-not-evidence,reply,2,97,91,99,69,95,95,92,stronger support,v4-closed-findings-adapter
53,oconnor-dsouza-bible-true-2024,Alex O'Connor vs Dinesh D'Souza: Is the Bible True?,theist,pro,Dinesh D'Souza,pro-biblical-moral-development,reply,3,71,74,94,87,75,70,79,material warrant or verification step compressed,v4-closed-findings-adapter
53,oconnor-dsouza-bible-true-2024,Alex O'Connor vs Dinesh D'Souza: Is the Bible True?,non_theist,con,Alex O'Connor,con-development-cannot-undo-genocide,reply,3,96,92,100,87,95,95,94,stronger support,v4-closed-findings-adapter
53,oconnor-dsouza-bible-true-2024,Alex O'Connor vs Dinesh D'Souza: Is the Bible True?,theist,pro,Dinesh D'Souza,pro-christian-restraints-on-war,reply,2,64,52,59,86,60,54,63,assertion/anecdote/authority/speculation carries substantial weight,v4-closed-findings-adapter
53,oconnor-dsouza-bible-true-2024,Alex O'Connor vs Dinesh D'Souza: Is the Bible True?,non_theist,con,Alex O'Connor,con-slave-law-moral-omission,reply,3,96,90,73,87,95,96,89,stronger support,v4-closed-findings-adapter
53,oconnor-dsouza-bible-true-2024,Alex O'Connor vs Dinesh D'Souza: Is the Bible True?,theist,pro,Dinesh D'Souza,pro-christian-abolitionist-reception,reply,2,78,80,58,86,85,74,76,stronger support,v4-closed-findings-adapter
53,oconnor-dsouza-bible-true-2024,Alex O'Connor vs Dinesh D'Souza: Is the Bible True?,theist,pro,Dinesh D'Souza,pro-exodus-abolitionist-use,reply,2,74,72,71,87,75,59,74,material warrant or verification step compressed,v4-closed-findings-adapter
53,oconnor-dsouza-bible-true-2024,Alex O'Connor vs Dinesh D'Souza: Is the Bible True?,non_theist,con,Alex O'Connor,con-scriptural-slavery-instability,reply,3,94,90,99,87,95,94,93,stronger support,v4-closed-findings-adapter
54,jones-law-christianity-humanism-future-2025,Michael Jones vs Stephen Law: Christianity vs Humanism,non_theist,con,Stephen Law,con-level-playing-field,constructive,3,83,77,88,87,85,71,82,material warrant or verification step compressed,v4-closed-findings-adapter
54,jones-law-christianity-humanism-future-2025,Michael Jones vs Stephen Law: Christianity vs Humanism,theist,pro,Michael Jones,pro-moral-christian-inheritance,constructive,3,76,62,82,87,75,68,75,assertion/anecdote/authority/speculation carries substantial weight,v4-closed-findings-adapter
54,jones-law-christianity-humanism-future-2025,Michael Jones vs Stephen Law: Christianity vs Humanism,non_theist,con,Stephen Law,con-contested-christian-reform-credit,reply,2,87,75,73,86,75,81,80,material warrant or verification step compressed,v4-closed-findings-adapter
54,jones-law-christianity-humanism-future-2025,Michael Jones vs Stephen Law: Christianity vs Humanism,theist,pro,Michael Jones,pro-social-religious-participation,reply,3,81,78,56,87,75,75,75,material warrant or verification step compressed,v4-closed-findings-adapter
54,jones-law-christianity-humanism-future-2025,Michael Jones vs Stephen Law: Christianity vs Humanism,theist,pro,Michael Jones,pro-social-demographic-continuity,reply,3,56,43,54,99,60,55,60,effectively unsupported,v4-closed-findings-adapter
54,jones-law-christianity-humanism-future-2025,Michael Jones vs Stephen Law: Christianity vs Humanism,non_theist,con,Stephen Law,con-religiously-neutral-moral-foundation,reply,3,83,70,98,87,85,84,84,material warrant or verification step compressed,v4-closed-findings-adapter
54,jones-law-christianity-humanism-future-2025,Michael Jones vs Stephen Law: Christianity vs Humanism,theist,pro,Michael Jones,pro-moral-rights-limited-government,reply,3,69,63,71,87,75,68,71,assertion/anecdote/authority/speculation carries substantial weight,v4-closed-findings-adapter
54,jones-law-christianity-humanism-future-2025,Michael Jones vs Stephen Law: Christianity vs Humanism,non_theist,con,Stephen Law,con-comparative-secular-social-health,reply,3,88,79,98,87,95,91,89,material warrant or verification step compressed,v4-closed-findings-adapter
54,jones-law-christianity-humanism-future-2025,Michael Jones vs Stephen Law: Christianity vs Humanism,non_theist,con,Stephen Law,con-conceptual-coherence-of-god,reply,3,74,63,56,87,75,80,71,assertion/anecdote/authority/speculation carries substantial weight,v4-closed-findings-adapter
54,jones-law-christianity-humanism-future-2025,Michael Jones vs Stephen Law: Christianity vs Humanism,non_theist,con,Stephen Law,con-animal-suffering-evidence,reply,3,85,75,57,87,85,77,77,material warrant or verification step compressed,v4-closed-findings-adapter
54,jones-law-christianity-humanism-future-2025,Michael Jones vs Stephen Law: Christianity vs Humanism,non_theist,con,Stephen Law,con-dualism-physical-causation-neuroscience,reply,2,64,62,55,86,75,59,66,assertion/anecdote/authority/speculation carries substantial weight,v4-closed-findings-adapter
54,jones-law-christianity-humanism-future-2025,Michael Jones vs Stephen Law: Christianity vs Humanism,theist,pro,Michael Jones,pro-truth-gospel-name-evidence,reply,3,78,75,56,87,75,75,74,material warrant or verification step compressed,v4-closed-findings-adapter
54,jones-law-christianity-humanism-future-2025,Michael Jones vs Stephen Law: Christianity vs Humanism,non_theist,con,Stephen Law,con-fine-tuning-underdetermination,constructive,2,92,82,88,87,95,93,89,stronger support,v4-closed-findings-adapter
54,jones-law-christianity-humanism-future-2025,Michael Jones vs Stephen Law: Christianity vs Humanism,theist,pro,Michael Jones,pro-truth-soul-making-theodicy,reply,3,70,56,72,87,75,61,70,assertion/anecdote/authority/speculation carries substantial weight,v4-closed-findings-adapter
54,jones-law-christianity-humanism-future-2025,Michael Jones vs Stephen Law: Christianity vs Humanism,non_theist,con,Stephen Law,con-religious-capital-evidence-gap,reply,3,90,81,98,87,95,93,90,stronger support,v4-closed-findings-adapter
54,jones-law-christianity-humanism-future-2025,Michael Jones vs Stephen Law: Christianity vs Humanism,theist,pro,Michael Jones,pro-rights-dignity-cooperation,constructive,3,86,71,87,87,95,85,84,material warrant or verification step compressed,v4-closed-findings-adapter
54,jones-law-christianity-humanism-future-2025,Michael Jones vs Stephen Law: Christianity vs Humanism,non_theist,con,Stephen Law,con-equal-rights-without-religious-exemption,reply,3,82,71,73,87,75,70,77,material warrant or verification step compressed,v4-closed-findings-adapter
54,jones-law-christianity-humanism-future-2025,Michael Jones vs Stephen Law: Christianity vs Humanism,theist,pro,Michael Jones,pro-rights-service-ceremony-distinction,reply,3,83,68,73,87,75,78,77,assertion/anecdote/authority/speculation carries substantial weight,v4-closed-findings-adapter
54,jones-law-christianity-humanism-future-2025,Michael Jones vs Stephen Law: Christianity vs Humanism,theist,pro,Michael Jones,pro-science-institutional-autonomy,reply,2,65,52,55,86,75,58,64,assertion/anecdote/authority/speculation carries substantial weight,v4-closed-findings-adapter
54,jones-law-christianity-humanism-future-2025,Michael Jones vs Stephen Law: Christianity vs Humanism,theist,pro,Michael Jones,pro-science-fallibility-experimentation,reply,2,57,39,54,86,60,41,56,effectively unsupported,v4-closed-findings-adapter
55,craig-malpass-kalam-nothing-2026,William Lane Craig vs Alex Malpass: Can Something Come From Nothing?,theist,pro,William Lane Craig,pro-causal-principle-from-nonbeing,constructive,3,70,60,80,87,75,68,73,assertion/anecdote/authority/speculation carries substantial weight,v4-closed-findings-adapter
55,craig-malpass-kalam-nothing-2026,William Lane Craig vs Alex Malpass: Can Something Come From Nothing?,non_theist,con,Alex Malpass,con-causal-material-beginning-distinction,reply,3,91,86,99,87,95,93,92,stronger support,v4-closed-findings-adapter
55,craig-malpass-kalam-nothing-2026,William Lane Craig vs Alex Malpass: Can Something Come From Nothing?,theist,pro,William Lane Craig,pro-nothing-means-not-anything,reply,2,79,71,72,69,95,72,75,material warrant or verification step compressed,v4-closed-findings-adapter
55,craig-malpass-kalam-nothing-2026,William Lane Craig vs Alex Malpass: Can Something Come From Nothing?,non_theist,con,Alex Malpass,con-no-prior-powers-circularity,reply,3,94,88,99,87,95,94,93,stronger support,v4-closed-findings-adapter
55,craig-malpass-kalam-nothing-2026,William Lane Craig vs Alex Malpass: Can Something Come From Nothing?,theist,pro,William Lane Craig,pro-concrete-infinite-metaphysical-impossibility,constructive,3,73,68,77,87,95,72,77,assertion/anecdote/authority/speculation carries substantial weight,v4-closed-findings-adapter
55,craig-malpass-kalam-nothing-2026,William Lane Craig vs Alex Malpass: Can Something Come From Nothing?,non_theist,con,Alex Malpass,con-infinite-part-whole-context,reply,3,91,87,98,87,95,93,92,stronger support,v4-closed-findings-adapter
55,craig-malpass-kalam-nothing-2026,William Lane Craig vs Alex Malpass: Can Something Come From Nothing?,theist,pro,William Lane Craig,pro-hilbert-hotel-subtraction,reply,2,67,68,95,69,75,74,75,assertion/anecdote/authority/speculation carries substantial weight,v4-closed-findings-adapter
55,craig-malpass-kalam-nothing-2026,William Lane Craig vs Alex Malpass: Can Something Come From Nothing?,non_theist,con,Alex Malpass,con-transfinite-subtraction-complement,reply,3,96,92,99,87,95,94,94,stronger support,v4-closed-findings-adapter
55,craig-malpass-kalam-nothing-2026,William Lane Craig vs Alex Malpass: Can Something Come From Nothing?,theist,pro,William Lane Craig,pro-successive-addition-impossibility,constructive,3,61,58,74,87,75,61,68,assertion/anecdote/authority/speculation carries substantial weight,v4-closed-findings-adapter
55,craig-malpass-kalam-nothing-2026,William Lane Craig vs Alex Malpass: Can Something Come From Nothing?,non_theist,con,Alex Malpass,con-beginningless-endless-asymmetry,reply,3,95,89,99,87,95,94,93,stronger support,v4-closed-findings-adapter
55,craig-malpass-kalam-nothing-2026,William Lane Craig vs Alex Malpass: Can Something Come From Nothing?,non_theist,con,Alex Malpass,con-countdown-local-explanation,reply,2,91,85,98,69,95,93,89,stronger support,v4-closed-findings-adapter
55,craig-malpass-kalam-nothing-2026,William Lane Craig vs Alex Malpass: Can Something Come From Nothing?,theist,pro,William Lane Craig,pro-grim-reaper-descending-series,reply,3,84,71,96,86,75,74,82,material warrant or verification step compressed,v4-closed-findings-adapter
55,craig-malpass-kalam-nothing-2026,William Lane Craig vs Alex Malpass: Can Something Come From Nothing?,non_theist,con,Alex Malpass,con-weak-initiator-mediated-causation,reply,3,87,77,91,87,95,91,87,material warrant or verification step compressed,v4-closed-findings-adapter
55,craig-malpass-kalam-nothing-2026,William Lane Craig vs Alex Malpass: Can Something Come From Nothing?,theist,pro,William Lane Craig,pro-powerful-absolute-first-creator,reply,3,67,65,95,87,75,74,77,assertion/anecdote/authority/speculation carries substantial weight,v4-closed-findings-adapter
55,craig-malpass-kalam-nothing-2026,William Lane Craig vs Alex Malpass: Can Something Come From Nothing?,non_theist,con,Alex Malpass,con-impersonal-indeterministic-cause,reply,3,92,83,99,87,95,94,91,stronger support,v4-closed-findings-adapter
55,craig-malpass-kalam-nothing-2026,William Lane Craig vs Alex Malpass: Can Something Come From Nothing?,theist,pro,William Lane Craig,pro-personal-nonphysical-explanation,reply,3,62,58,96,87,95,67,76,assertion/anecdote/authority/speculation carries substantial weight,v4-closed-findings-adapter
55,craig-malpass-kalam-nothing-2026,William Lane Craig vs Alex Malpass: Can Something Come From Nothing?,non_theist,con,Alex Malpass,con-dynamic-consciousness-objection,reply,3,83,75,98,87,75,91,85,material warrant or verification step compressed,v4-closed-findings-adapter
57,scrivener-dillahunty-atheism-morality-2020,Glen Scrivener vs Matt Dillahunty: Can Atheism Deliver a Better World?,non_theist,con,Matt Dillahunty,con-atheism-humanism-distinction,constructive,3,92,85,90,100,95,85,91,stronger support,v4-closed-findings-adapter
57,scrivener-dillahunty-atheism-morality-2020,Glen Scrivener vs Matt Dillahunty: Can Atheism Deliver a Better World?,theist,pro,Glen Scrivener,pro-secularized-moralism,reply,2,67,55,56,68,75,59,63,assertion/anecdote/authority/speculation carries substantial weight,v4-closed-findings-adapter
57,scrivener-dillahunty-atheism-morality-2020,Glen Scrivener vs Matt Dillahunty: Can Atheism Deliver a Better World?,non_theist,con,Matt Dillahunty,con-dogmatism-not-atheism,reply,2,89,78,98,69,95,81,85,material warrant or verification step compressed,v4-closed-findings-adapter
57,scrivener-dillahunty-atheism-morality-2020,Glen Scrivener vs Matt Dillahunty: Can Atheism Deliver a Better World?,theist,pro,Glen Scrivener,pro-intrinsic-religiosity-flourishing,reply,3,82,74,53,87,75,68,73,material warrant or verification step compressed,v4-closed-findings-adapter
57,scrivener-dillahunty-atheism-morality-2020,Glen Scrivener vs Matt Dillahunty: Can Atheism Deliver a Better World?,non_theist,con,Matt Dillahunty,con-community-explains-religious-benefits,reply,3,89,74,76,87,95,93,84,material warrant or verification step compressed,v4-closed-findings-adapter
57,scrivener-dillahunty-atheism-morality-2020,Glen Scrivener vs Matt Dillahunty: Can Atheism Deliver a Better World?,theist,pro,Glen Scrivener,pro-transcendent-orientation-distinctive,reply,3,83,70,95,87,75,80,82,material warrant or verification step compressed,v4-closed-findings-adapter
57,scrivener-dillahunty-atheism-morality-2020,Glen Scrivener vs Matt Dillahunty: Can Atheism Deliver a Better World?,theist,pro,Glen Scrivener,pro-practice-grounded-in-truth,reply,3,87,70,73,87,95,81,81,material warrant or verification step compressed,v4-closed-findings-adapter
57,scrivener-dillahunty-atheism-morality-2020,Glen Scrivener vs Matt Dillahunty: Can Atheism Deliver a Better World?,non_theist,con,Matt Dillahunty,con-secular-awe-commitment-community,reply,2,88,76,73,69,95,92,81,material warrant or verification step compressed,v4-closed-findings-adapter
57,scrivener-dillahunty-atheism-morality-2020,Glen Scrivener vs Matt Dillahunty: Can Atheism Deliver a Better World?,theist,pro,Glen Scrivener,pro-cross-universal-dignity,reply,3,84,62,54,87,75,65,71,assertion/anecdote/authority/speculation carries substantial weight,v4-closed-findings-adapter
57,scrivener-dillahunty-atheism-morality-2020,Glen Scrivener vs Matt Dillahunty: Can Atheism Deliver a Better World?,non_theist,con,Matt Dillahunty,con-inherit-and-revise-traditions,reply,3,92,79,73,87,95,93,85,material warrant or verification step compressed,v4-closed-findings-adapter
57,scrivener-dillahunty-atheism-morality-2020,Glen Scrivener vs Matt Dillahunty: Can Atheism Deliver a Better World?,non_theist,con,Matt Dillahunty,con-human-concern-over-divine-premise,reply,3,90,79,98,87,95,92,90,material warrant or verification step compressed,v4-closed-findings-adapter
57,scrivener-dillahunty-atheism-morality-2020,Glen Scrivener vs Matt Dillahunty: Can Atheism Deliver a Better World?,theist,pro,Glen Scrivener,pro-incarnation-intrinsic-dignity,reply,3,85,70,75,87,85,79,80,material warrant or verification step compressed,v4-closed-findings-adapter
57,scrivener-dillahunty-atheism-morality-2020,Glen Scrivener vs Matt Dillahunty: Can Atheism Deliver a Better World?,non_theist,con,Matt Dillahunty,con-comparative-corrigible-humanism,reply,3,89,80,98,100,95,79,90,stronger support,v4-closed-findings-adapter
57,scrivener-dillahunty-atheism-morality-2020,Glen Scrivener vs Matt Dillahunty: Can Atheism Deliver a Better World?,theist,pro,Glen Scrivener,pro-narrowed-circle-vulnerability,reply,3,87,74,76,100,85,81,83,material warrant or verification step compressed,v4-closed-findings-adapter
57,scrivener-dillahunty-atheism-morality-2020,Glen Scrivener vs Matt Dillahunty: Can Atheism Deliver a Better World?,non_theist,con,Matt Dillahunty,con-shared-human-concern-foundation,reply,3,86,78,98,87,95,82,87,material warrant or verification step compressed,v4-closed-findings-adapter
57,scrivener-dillahunty-atheism-morality-2020,Glen Scrivener vs Matt Dillahunty: Can Atheism Deliver a Better World?,non_theist,con,Matt Dillahunty,con-human-valuing-without-intrinsic-value,reply,3,93,70,73,87,95,71,82,material warrant or verification step compressed,v4-closed-findings-adapter
57,scrivener-dillahunty-atheism-morality-2020,Glen Scrivener vs Matt Dillahunty: Can Atheism Deliver a Better World?,non_theist,con,Matt Dillahunty,con-corrigible-wellbeing-moral-circle,reply,3,78,65,97,69,75,88,79,assertion/anecdote/authority/speculation carries substantial weight,v4-closed-findings-adapter
57,scrivener-dillahunty-atheism-morality-2020,Glen Scrivener vs Matt Dillahunty: Can Atheism Deliver a Better World?,theist,pro,Glen Scrivener,pro-christian-formation-against-nazism,reply,3,70,51,72,69,75,64,66,assertion/anecdote/authority/speculation carries substantial weight,v4-closed-findings-adapter
57,scrivener-dillahunty-atheism-morality-2020,Glen Scrivener vs Matt Dillahunty: Can Atheism Deliver a Better World?,theist,pro,Glen Scrivener,pro-nonmaterial-moral-ground,reply,3,80,70,73,87,85,78,78,material warrant or verification step compressed,v4-closed-findings-adapter
57,scrivener-dillahunty-atheism-morality-2020,Glen Scrivener vs Matt Dillahunty: Can Atheism Deliver a Better World?,theist,pro,Glen Scrivener,pro-atheism-no-ethic-vulnerable-cost,reply,3,76,58,73,99,75,62,74,assertion/anecdote/authority/speculation carries substantial weight,v4-closed-findings-adapter
58,dillahunty-slick-secular-humanism-christianity-2016,Matt Dillahunty vs Matt Slick: Is Secular Humanism Superior to Christianity?,non_theist,pro,Matt Dillahunty,pro-comparative-flourishing-standard,constructive,3,81,72,87,87,85,75,81,material warrant or verification step compressed,v4-closed-findings-adapter
58,dillahunty-slick-secular-humanism-christianity-2016,Matt Dillahunty vs Matt Slick: Is Secular Humanism Superior to Christianity?,non_theist,pro,Matt Dillahunty,pro-relative-comparison-without-absolutes,constructive,3,74,66,85,87,75,71,76,assertion/anecdote/authority/speculation carries substantial weight,v4-closed-findings-adapter
58,dillahunty-slick-secular-humanism-christianity-2016,Matt Dillahunty vs Matt Slick: Is Secular Humanism Superior to Christianity?,non_theist,pro,Matt Dillahunty,pro-contextual-revisable-moral-method,constructive,3,84,77,86,87,95,78,84,material warrant or verification step compressed,v4-closed-findings-adapter
58,dillahunty-slick-secular-humanism-christianity-2016,Matt Dillahunty vs Matt Slick: Is Secular Humanism Superior to Christianity?,non_theist,pro,Matt Dillahunty,pro-peace-equality-consequence-grounding,constructive,3,77,66,82,87,75,68,76,assertion/anecdote/authority/speculation carries substantial weight,v4-closed-findings-adapter
58,dillahunty-slick-secular-humanism-christianity-2016,Matt Dillahunty vs Matt Slick: Is Secular Humanism Superior to Christianity?,non_theist,pro,Matt Dillahunty,pro-scriptural-conflict-resolution-failure,constructive,3,82,73,84,87,85,80,81,material warrant or verification step compressed,v4-closed-findings-adapter
58,dillahunty-slick-secular-humanism-christianity-2016,Matt Dillahunty vs Matt Slick: Is Secular Humanism Superior to Christianity?,theist,con,Matt Slick,con-comparative-self-refutation-threshold,constructive,3,88,72,77,69,95,85,80,material warrant or verification step compressed,v4-closed-findings-adapter
58,dillahunty-slick-secular-humanism-christianity-2016,Matt Dillahunty vs Matt Slick: Is Secular Humanism Superior to Christianity?,theist,con,Matt Slick,con-naturalism-cognition-trust-objection,constructive,3,63,54,87,87,75,61,71,assertion/anecdote/authority/speculation carries substantial weight,v4-closed-findings-adapter
58,dillahunty-slick-secular-humanism-christianity-2016,Matt Dillahunty vs Matt Slick: Is Secular Humanism Superior to Christianity?,theist,con,Matt Slick,con-science-presuppositions-foundation,constructive,3,69,63,87,87,85,65,75,assertion/anecdote/authority/speculation carries substantial weight,v4-closed-findings-adapter
58,dillahunty-slick-secular-humanism-christianity-2016,Matt Dillahunty vs Matt Slick: Is Secular Humanism Superior to Christianity?,theist,con,Matt Slick,con-consequentialism-standard-circularity,constructive,3,83,71,88,87,95,78,83,material warrant or verification step compressed,v4-closed-findings-adapter
58,dillahunty-slick-secular-humanism-christianity-2016,Matt Dillahunty vs Matt Slick: Is Secular Humanism Superior to Christianity?,theist,con,Matt Slick,con-new-testament-objective-moral-standard,constructive,3,76,55,79,87,85,68,74,assertion/anecdote/authority/speculation carries substantial weight,v4-closed-findings-adapter
58,dillahunty-slick-secular-humanism-christianity-2016,Matt Dillahunty vs Matt Slick: Is Secular Humanism Superior to Christianity?,theist,con,Matt Slick,con-biblical-love-flourishing,reply,2,76,60,55,68,95,68,69,assertion/anecdote/authority/speculation carries substantial weight,v4-closed-findings-adapter
58,dillahunty-slick-secular-humanism-christianity-2016,Matt Dillahunty vs Matt Slick: Is Secular Humanism Superior to Christianity?,non_theist,pro,Matt Dillahunty,pro-logic-presupposition-suffices,reply,3,84,73,97,87,95,85,86,material warrant or verification step compressed,v4-closed-findings-adapter
58,dillahunty-slick-secular-humanism-christianity-2016,Matt Dillahunty vs Matt Slick: Is Secular Humanism Superior to Christianity?,non_theist,pro,Matt Dillahunty,pro-fallible-brains-recognize-logic,reply,3,81,68,73,87,95,80,79,assertion/anecdote/authority/speculation carries substantial weight,v4-closed-findings-adapter
58,dillahunty-slick-secular-humanism-christianity-2016,Matt Dillahunty vs Matt Slick: Is Secular Humanism Superior to Christianity?,non_theist,pro,Matt Dillahunty,pro-corroborated-fallible-reasoning,reply,3,87,76,73,87,95,92,83,material warrant or verification step compressed,v4-closed-findings-adapter
58,dillahunty-slick-secular-humanism-christianity-2016,Matt Dillahunty vs Matt Slick: Is Secular Humanism Superior to Christianity?,theist,con,Matt Slick,con-universal-logic-universal-mind,reply,3,62,51,73,87,95,78,71,assertion/anecdote/authority/speculation carries substantial weight,v4-closed-findings-adapter
58,dillahunty-slick-secular-humanism-christianity-2016,Matt Dillahunty vs Matt Slick: Is Secular Humanism Superior to Christianity?,non_theist,pro,Matt Dillahunty,pro-objective-value-relative-ethics,reply,3,87,79,72,87,95,91,84,material warrant or verification step compressed,v4-closed-findings-adapter
58,dillahunty-slick-secular-humanism-christianity-2016,Matt Dillahunty vs Matt Slick: Is Secular Humanism Superior to Christianity?,non_theist,pro,Matt Dillahunty,pro-ultimate-origin-outside-humanism-scope,reply,3,85,70,98,87,95,74,85,material warrant or verification step compressed,v4-closed-findings-adapter
58,dillahunty-slick-secular-humanism-christianity-2016,Matt Dillahunty vs Matt Slick: Is Secular Humanism Superior to Christianity?,theist,con,Matt Slick,con-flourishing-goal-circularity,reply,3,65,55,73,87,85,59,69,assertion/anecdote/authority/speculation carries substantial weight,v4-closed-findings-adapter
58,dillahunty-slick-secular-humanism-christianity-2016,Matt Dillahunty vs Matt Slick: Is Secular Humanism Superior to Christianity?,theist,con,Matt Slick,con-christian-foundations-comparative-case,reply,3,63,48,73,99,75,45,67,effectively unsupported,v4-closed-findings-adapter
59,bollore-halper-god-science-evidence-2026,Michel-Yves Bollore vs Phil Halper: Does Science Point to God?,non_theist,con,Phil Halper,con-cosmic-singularity-assumptions,constructive,3,89,83,90,87,95,92,89,stronger support,v4-closed-findings-adapter
59,bollore-halper-god-science-evidence-2026,Michel-Yves Bollore vs Phil Halper: Does Science Point to God?,non_theist,con,Phil Halper,con-cosmic-bgv-inflation-only,constructive,3,94,89,93,87,95,93,92,stronger support,v4-closed-findings-adapter
59,bollore-halper-god-science-evidence-2026,Michel-Yves Bollore vs Phil Halper: Does Science Point to God?,non_theist,con,Phil Halper,con-fine-tuning-distribution-alternatives,constructive,3,89,82,90,87,95,81,87,stronger support,v4-closed-findings-adapter
59,bollore-halper-god-science-evidence-2026,Michel-Yves Bollore vs Phil Halper: Does Science Point to God?,non_theist,con,Phil Halper,con-biblical-genesis-physical-errors,constructive,3,80,78,89,87,75,74,81,material warrant or verification step compressed,v4-closed-findings-adapter
59,bollore-halper-god-science-evidence-2026,Michel-Yves Bollore vs Phil Halper: Does Science Point to God?,non_theist,con,Phil Halper,con-suffering-cumulative-animal-case,constructive,3,86,81,90,100,85,74,87,stronger support,v4-closed-findings-adapter
59,bollore-halper-god-science-evidence-2026,Michel-Yves Bollore vs Phil Halper: Does Science Point to God?,theist,pro,Michel-Yves Bollore,pro-cosmic-convergent-finitude,reply,3,57,58,55,87,60,58,62,assertion/anecdote/authority/speculation carries substantial weight,v4-closed-findings-adapter
59,bollore-halper-god-science-evidence-2026,Michel-Yves Bollore vs Phil Halper: Does Science Point to God?,theist,pro,Michel-Yves Bollore,pro-bgv-finite-regress,reply,3,66,53,97,87,75,57,73,assertion/anecdote/authority/speculation carries substantial weight,v4-closed-findings-adapter
59,bollore-halper-god-science-evidence-2026,Michel-Yves Bollore vs Phil Halper: Does Science Point to God?,theist,pro,Michel-Yves Bollore,pro-fine-tuning-design,reply,3,64,57,94,87,75,59,73,assertion/anecdote/authority/speculation carries substantial weight,v4-closed-findings-adapter
59,bollore-halper-god-science-evidence-2026,Michel-Yves Bollore vs Phil Halper: Does Science Point to God?,non_theist,con,Phil Halper,con-fine-tuning-multiverse-evidence,reply,3,86,77,98,87,95,91,88,material warrant or verification step compressed,v4-closed-findings-adapter
59,bollore-halper-god-science-evidence-2026,Michel-Yves Bollore vs Phil Halper: Does Science Point to God?,theist,pro,Michel-Yves Bollore,pro-life-origin-information,reply,3,58,50,54,87,75,57,62,assertion/anecdote/authority/speculation carries substantial weight,v4-closed-findings-adapter
59,bollore-halper-god-science-evidence-2026,Michel-Yves Bollore vs Phil Halper: Does Science Point to God?,theist,pro,Michel-Yves Bollore,pro-bible-created-luminaries,reply,3,61,59,93,87,75,58,72,assertion/anecdote/authority/speculation carries substantial weight,v4-closed-findings-adapter
59,bollore-halper-god-science-evidence-2026,Michel-Yves Bollore vs Phil Halper: Does Science Point to God?,non_theist,con,Phil Halper,con-biblical-ancient-firmament,reply,3,88,83,99,87,95,89,90,stronger support,v4-closed-findings-adapter
59,bollore-halper-god-science-evidence-2026,Michel-Yves Bollore vs Phil Halper: Does Science Point to God?,theist,pro,Michel-Yves Bollore,pro-bible-theological-genre,reply,3,84,71,96,87,95,90,86,material warrant or verification step compressed,v4-closed-findings-adapter
59,bollore-halper-god-science-evidence-2026,Michel-Yves Bollore vs Phil Halper: Does Science Point to God?,non_theist,con,Phil Halper,con-suffering-prehuman-animals,constructive,3,93,86,94,87,95,93,91,stronger support,v4-closed-findings-adapter
59,bollore-halper-god-science-evidence-2026,Michel-Yves Bollore vs Phil Halper: Does Science Point to God?,theist,pro,Michel-Yves Bollore,pro-suffering-redemptive-world,reply,3,62,45,71,87,75,55,65,effectively unsupported,v4-closed-findings-adapter
59,bollore-halper-god-science-evidence-2026,Michel-Yves Bollore vs Phil Halper: Does Science Point to God?,theist,pro,Michel-Yves Bollore,pro-divine-life-restoration,reply,3,63,43,71,87,85,59,66,effectively unsupported,v4-closed-findings-adapter
59,bollore-halper-god-science-evidence-2026,Michel-Yves Bollore vs Phil Halper: Does Science Point to God?,theist,pro,Michel-Yves Bollore,pro-order-beauty-creator,reply,2,71,58,53,69,75,68,65,assertion/anecdote/authority/speculation carries substantial weight,v4-closed-findings-adapter
59,bollore-halper-god-science-evidence-2026,Michel-Yves Bollore vs Phil Halper: Does Science Point to God?,non_theist,con,Phil Halper,con-order-beauty-and-ugliness,reply,2,93,83,99,69,95,95,89,stronger support,v4-closed-findings-adapter
59,bollore-halper-god-science-evidence-2026,Michel-Yves Bollore vs Phil Halper: Does Science Point to God?,non_theist,con,Phil Halper,con-mind-physical-brain-account,constructive,2,85,82,88,69,95,87,84,stronger support,v4-closed-findings-adapter
59,bollore-halper-god-science-evidence-2026,Michel-Yves Bollore vs Phil Halper: Does Science Point to God?,theist,pro,Michel-Yves Bollore,pro-nde-mind-beyond-matter,reply,2,51,34,94,69,75,40,60,effectively unsupported,v4-closed-findings-adapter
60,horn-oconnor-jesus-resurrection-2026,Trent Horn vs Alex O'Connor: Did Jesus Rise From the Dead?,non_theist,con,Alex O'Connor,con-bodily-inconsistent-physicality,constructive,3,84,79,87,87,75,91,84,material warrant or verification step compressed,v4-closed-findings-adapter
60,horn-oconnor-jesus-resurrection-2026,Trent Horn vs Alex O'Connor: Did Jesus Rise From the Dead?,non_theist,con,Alex O'Connor,con-rival-mormon-witness-parity,constructive,3,87,81,89,87,95,91,87,stronger support,v4-closed-findings-adapter
60,horn-oconnor-jesus-resurrection-2026,Trent Horn vs Alex O'Connor: Did Jesus Rise From the Dead?,non_theist,con,Alex O'Connor,con-five-hundred-corroboration-limits,constructive,3,88,83,91,69,95,82,85,stronger support,v4-closed-findings-adapter
60,horn-oconnor-jesus-resurrection-2026,Trent Horn vs Alex O'Connor: Did Jesus Rise From the Dead?,theist,pro,Trent Horn,pro-bodily-pauline-physicality,reply,3,88,82,98,87,85,83,88,stronger support,v4-closed-findings-adapter
60,horn-oconnor-jesus-resurrection-2026,Trent Horn vs Alex O'Connor: Did Jesus Rise From the Dead?,theist,pro,Trent Horn,pro-rivals-supernatural-admissibility,reply,2,91,77,55,69,95,93,78,material warrant or verification step compressed,v4-closed-findings-adapter
60,horn-oconnor-jesus-resurrection-2026,Trent Horn vs Alex O'Connor: Did Jesus Rise From the Dead?,theist,pro,Trent Horn,pro-rivals-mormon-differences,reply,3,81,74,73,87,75,76,78,material warrant or verification step compressed,v4-closed-findings-adapter
60,horn-oconnor-jesus-resurrection-2026,Trent Horn vs Alex O'Connor: Did Jesus Rise From the Dead?,non_theist,con,Alex O'Connor,con-paul-gospel-development,reply,3,85,78,97,87,95,92,88,material warrant or verification step compressed,v4-closed-findings-adapter
60,horn-oconnor-jesus-resurrection-2026,Trent Horn vs Alex O'Connor: Did Jesus Rise From the Dead?,theist,pro,Trent Horn,pro-bodily-continuity-wounds,reply,3,86,73,73,87,85,79,80,material warrant or verification step compressed,v4-closed-findings-adapter
60,horn-oconnor-jesus-resurrection-2026,Trent Horn vs Alex O'Connor: Did Jesus Rise From the Dead?,theist,pro,Trent Horn,pro-appearances-group-source,reply,3,75,66,68,87,75,64,73,assertion/anecdote/authority/speculation carries substantial weight,v4-closed-findings-adapter
60,horn-oconnor-jesus-resurrection-2026,Trent Horn vs Alex O'Connor: Did Jesus Rise From the Dead?,theist,pro,Trent Horn,pro-sincerity-informed-danger,reply,2,87,76,71,69,75,79,77,material warrant or verification step compressed,v4-closed-findings-adapter
60,horn-oconnor-jesus-resurrection-2026,Trent Horn vs Alex O'Connor: Did Jesus Rise From the Dead?,theist,pro,Trent Horn,pro-sincerity-apostolic-risk,reply,2,83,74,71,68,95,78,77,material warrant or verification step compressed,v4-closed-findings-adapter
60,horn-oconnor-jesus-resurrection-2026,Trent Horn vs Alex O'Connor: Did Jesus Rise From the Dead?,theist,pro,Trent Horn,pro-tomb-sober-women,reply,3,75,69,95,87,75,77,80,assertion/anecdote/authority/speculation carries substantial weight,v4-closed-findings-adapter
60,horn-oconnor-jesus-resurrection-2026,Trent Horn vs Alex O'Connor: Did Jesus Rise From the Dead?,non_theist,con,Alex O'Connor,con-postmortem-extrabiblical-gap,reply,3,90,82,98,69,95,81,86,stronger support,v4-closed-findings-adapter
60,horn-oconnor-jesus-resurrection-2026,Trent Horn vs Alex O'Connor: Did Jesus Rise From the Dead?,theist,pro,Trent Horn,pro-appearances-conversions-conduct,reply,3,76,64,56,87,85,72,72,assertion/anecdote/authority/speculation carries substantial weight,v4-closed-findings-adapter
60,horn-oconnor-jesus-resurrection-2026,Trent Horn vs Alex O'Connor: Did Jesus Rise From the Dead?,non_theist,con,Alex O'Connor,con-martyrdom-bodily-knowledge-gap,reply,3,94,84,99,87,95,94,92,stronger support,v4-closed-findings-adapter
60,horn-oconnor-jesus-resurrection-2026,Trent Horn vs Alex O'Connor: Did Jesus Rise From the Dead?,non_theist,con,Alex O'Connor,con-reburial-theft-alternatives,reply,3,87,77,98,87,95,91,88,material warrant or verification step compressed,v4-closed-findings-adapter
60,horn-oconnor-jesus-resurrection-2026,Trent Horn vs Alex O'Connor: Did Jesus Rise From the Dead?,theist,pro,Trent Horn,pro-tomb-alternatives-conjunction,reply,3,78,73,74,87,85,76,78,material warrant or verification step compressed,v4-closed-findings-adapter
60,horn-oconnor-jesus-resurrection-2026,Trent Horn vs Alex O'Connor: Did Jesus Rise From the Dead?,non_theist,con,Alex O'Connor,con-pilate-burial-plausibility,reply,2,68,58,96,68,85,68,73,assertion/anecdote/authority/speculation carries substantial weight,v4-closed-findings-adapter
60,horn-oconnor-jesus-resurrection-2026,Trent Horn vs Alex O'Connor: Did Jesus Rise From the Dead?,non_theist,con,Alex O'Connor,con-defection-testimony-independence,reply,2,88,75,99,87,95,90,88,material warrant or verification step compressed,v4-closed-findings-adapter
60,horn-oconnor-jesus-resurrection-2026,Trent Horn vs Alex O'Connor: Did Jesus Rise From the Dead?,non_theist,con,Alex O'Connor,con-firsthand-specific-martyrdom-deficit,reply,3,95,86,99,87,95,95,93,stronger support,v4-closed-findings-adapter
61,scrivener-oconnor-morality-bible-slavery-2026,"Glen Scrivener vs Alex O'Connor: Morality, Freedom, Slavery, and the Bible",theist,pro,Glen Scrivener,pro-causal-indispensable-genealogy,constructive,3,80,60,90,100,75,71,80,assertion/anecdote/authority/speculation carries substantial weight,v4-closed-findings-adapter
61,scrivener-oconnor-morality-bible-slavery-2026,"Glen Scrivener vs Alex O'Connor: Morality, Freedom, Slavery, and the Bible",theist,pro,Glen Scrivener,pro-compassion-crucifixion-reversal,constructive,3,84,73,92,87,75,75,82,material warrant or verification step compressed,v4-closed-findings-adapter
61,scrivener-oconnor-morality-bible-slavery-2026,"Glen Scrivener vs Alex O'Connor: Morality, Freedom, Slavery, and the Bible",non_theist,con,Alex O'Connor,con-rights-institutional-conflict,reply,3,86,78,98,87,85,85,87,material warrant or verification step compressed,v4-closed-findings-adapter
61,scrivener-oconnor-morality-bible-slavery-2026,"Glen Scrivener vs Alex O'Connor: Morality, Freedom, Slavery, and the Bible",theist,pro,Glen Scrivener,pro-rights-biblical-anthropology,reply,3,78,72,95,87,75,73,81,material warrant or verification step compressed,v4-closed-findings-adapter
61,scrivener-oconnor-morality-bible-slavery-2026,"Glen Scrivener vs Alex O'Connor: Morality, Freedom, Slavery, and the Bible",non_theist,con,Alex O'Connor,con-gender-canonical-restrictions,reply,3,88,80,98,87,95,91,89,stronger support,v4-closed-findings-adapter
61,scrivener-oconnor-morality-bible-slavery-2026,"Glen Scrivener vs Alex O'Connor: Morality, Freedom, Slavery, and the Bible",theist,pro,Glen Scrivener,pro-women-early-church-suffrage,reply,3,72,67,95,86,75,63,77,assertion/anecdote/authority/speculation carries substantial weight,v4-closed-findings-adapter
61,scrivener-oconnor-morality-bible-slavery-2026,"Glen Scrivener vs Alex O'Connor: Morality, Freedom, Slavery, and the Bible",non_theist,con,Alex O'Connor,con-rights-material-struggle,reply,3,85,75,98,87,75,79,84,material warrant or verification step compressed,v4-closed-findings-adapter
61,scrivener-oconnor-morality-bible-slavery-2026,"Glen Scrivener vs Alex O'Connor: Morality, Freedom, Slavery, and the Bible",theist,pro,Glen Scrivener,pro-rights-canon-law-transmission,reply,3,88,81,98,87,85,86,88,stronger support,v4-closed-findings-adapter
61,scrivener-oconnor-morality-bible-slavery-2026,"Glen Scrivener vs Alex O'Connor: Morality, Freedom, Slavery, and the Bible",non_theist,con,Alex O'Connor,con-compassion-prechristian-analogs,reply,3,88,82,98,87,75,92,88,stronger support,v4-closed-findings-adapter
61,scrivener-oconnor-morality-bible-slavery-2026,"Glen Scrivener vs Alex O'Connor: Morality, Freedom, Slavery, and the Bible",theist,pro,Glen Scrivener,pro-compassion-institutional-scaling,reply,3,89,78,97,87,95,80,88,material warrant or verification step compressed,v4-closed-findings-adapter
61,scrivener-oconnor-morality-bible-slavery-2026,"Glen Scrivener vs Alex O'Connor: Morality, Freedom, Slavery, and the Bible",non_theist,con,Alex O'Connor,con-compassion-institution-origin-distinction,reply,3,94,85,99,87,95,94,92,stronger support,v4-closed-findings-adapter
61,scrivener-oconnor-morality-bible-slavery-2026,"Glen Scrivener vs Alex O'Connor: Morality, Freedom, Slavery, and the Bible",non_theist,con,Alex O'Connor,con-method-falsifiability,reply,3,93,82,99,69,95,93,89,stronger support,v4-closed-findings-adapter
61,scrivener-oconnor-morality-bible-slavery-2026,"Glen Scrivener vs Alex O'Connor: Morality, Freedom, Slavery, and the Bible",non_theist,con,Alex O'Connor,con-method-opposite-outcomes,reply,3,94,85,99,69,95,93,89,stronger support,v4-closed-findings-adapter
61,scrivener-oconnor-morality-bible-slavery-2026,"Glen Scrivener vs Alex O'Connor: Morality, Freedom, Slavery, and the Bible",non_theist,con,Alex O'Connor,con-abolition-competing-christian-camps,reply,3,90,79,99,87,95,81,89,material warrant or verification step compressed,v4-closed-findings-adapter
61,scrivener-oconnor-morality-bible-slavery-2026,"Glen Scrivener vs Alex O'Connor: Morality, Freedom, Slavery, and the Bible",theist,pro,Glen Scrivener,pro-slavery-christological-narrative,reply,3,81,68,97,87,75,69,81,assertion/anecdote/authority/speculation carries substantial weight,v4-closed-findings-adapter
61,scrivener-oconnor-morality-bible-slavery-2026,"Glen Scrivener vs Alex O'Connor: Morality, Freedom, Slavery, and the Bible",non_theist,con,Alex O'Connor,con-slavery-biblical-permission,reply,3,94,86,99,87,95,93,92,stronger support,v4-closed-findings-adapter
61,scrivener-oconnor-morality-bible-slavery-2026,"Glen Scrivener vs Alex O'Connor: Morality, Freedom, Slavery, and the Bible",theist,pro,Glen Scrivener,pro-abolition-historical-transformation,reply,3,74,60,97,87,75,61,77,assertion/anecdote/authority/speculation carries substantial weight,v4-closed-findings-adapter
61,scrivener-oconnor-morality-bible-slavery-2026,"Glen Scrivener vs Alex O'Connor: Morality, Freedom, Slavery, and the Bible",non_theist,con,Alex O'Connor,con-consent-reciprocity-autonomy-distinction,reply,3,95,84,97,69,95,95,89,stronger support,v4-closed-findings-adapter
61,scrivener-oconnor-morality-bible-slavery-2026,"Glen Scrivener vs Alex O'Connor: Morality, Freedom, Slavery, and the Bible",theist,pro,Glen Scrivener,pro-consent-christian-marriage-program,reply,3,70,68,95,87,75,61,77,assertion/anecdote/authority/speculation carries substantial weight,v4-closed-findings-adapter
61,scrivener-oconnor-morality-bible-slavery-2026,"Glen Scrivener vs Alex O'Connor: Morality, Freedom, Slavery, and the Bible",theist,pro,Glen Scrivener,pro-causal-actual-history-over-counterfactual,reply,3,68,63,94,69,95,72,75,assertion/anecdote/authority/speculation carries substantial weight,v4-closed-findings-adapter
62,pageau-folley-logos-meaning-resurrection-2026,"Jonathan Pageau vs Joe Folley: Genesis, Jesus, Science, and Faith",theist,pro,Jonathan Pageau,pro-patterns-ultimate-unity,constructive,3,72,62,83,100,75,75,77,assertion/anecdote/authority/speculation carries substantial weight,v4-closed-findings-adapter
62,pageau-folley-logos-meaning-resurrection-2026,"Jonathan Pageau vs Joe Folley: Genesis, Jesus, Science, and Faith",non_theist,con,Joe Folley,con-symbolic-value-without-belief,constructive,2,89,78,86,87,95,85,86,material warrant or verification step compressed,v4-closed-findings-adapter
62,pageau-folley-logos-meaning-resurrection-2026,"Jonathan Pageau vs Joe Folley: Genesis, Jesus, Science, and Faith",non_theist,con,Joe Folley,con-formal-unity-does-not-entail-logos,reply,3,92,84,99,100,95,92,93,stronger support,v4-closed-findings-adapter
62,pageau-folley-logos-meaning-resurrection-2026,"Jonathan Pageau vs Joe Folley: Genesis, Jesus, Science, and Faith",non_theist,con,Joe Folley,con-values-through-cultural-inheritance,reply,2,87,76,57,68,95,85,77,material warrant or verification step compressed,v4-closed-findings-adapter
62,pageau-folley-logos-meaning-resurrection-2026,"Jonathan Pageau vs Joe Folley: Genesis, Jesus, Science, and Faith",non_theist,con,Joe Folley,con-patterns-as-human-mind-dependent,reply,3,83,66,98,87,95,80,84,assertion/anecdote/authority/speculation carries substantial weight,v4-closed-findings-adapter
62,pageau-folley-logos-meaning-resurrection-2026,"Jonathan Pageau vs Joe Folley: Genesis, Jesus, Science, and Faith",theist,pro,Jonathan Pageau,pro-patterns-downward-constraint,reply,3,70,70,71,87,75,69,73,material warrant or verification step compressed,v4-closed-findings-adapter
62,pageau-folley-logos-meaning-resurrection-2026,"Jonathan Pageau vs Joe Folley: Genesis, Jesus, Science, and Faith",theist,pro,Jonathan Pageau,pro-genesis-meaningful-orientation,constructive,3,84,76,87,87,95,87,85,material warrant or verification step compressed,v4-closed-findings-adapter
62,pageau-folley-logos-meaning-resurrection-2026,"Jonathan Pageau vs Joe Folley: Genesis, Jesus, Science, and Faith",non_theist,con,Joe Folley,con-analogy-history-distinction,reply,3,92,83,58,87,95,94,83,stronger support,v4-closed-findings-adapter
62,pageau-folley-logos-meaning-resurrection-2026,"Jonathan Pageau vs Joe Folley: Genesis, Jesus, Science, and Faith",theist,pro,Jonathan Pageau,pro-genesis-analogy-history,reply,3,76,63,95,87,75,65,78,assertion/anecdote/authority/speculation carries substantial weight,v4-closed-findings-adapter
62,pageau-folley-logos-meaning-resurrection-2026,"Jonathan Pageau vs Joe Folley: Genesis, Jesus, Science, and Faith",non_theist,con,Joe Folley,con-resurrection-makes-observational-claim,reply,3,95,87,99,87,95,95,93,stronger support,v4-closed-findings-adapter
62,pageau-folley-logos-meaning-resurrection-2026,"Jonathan Pageau vs Joe Folley: Genesis, Jesus, Science, and Faith",non_theist,con,Joe Folley,con-symbolic-guidance-without-resurrection,reply,3,92,82,98,87,95,90,91,stronger support,v4-closed-findings-adapter
62,pageau-folley-logos-meaning-resurrection-2026,"Jonathan Pageau vs Joe Folley: Genesis, Jesus, Science, and Faith",theist,pro,Jonathan Pageau,pro-resurrection-within-transcendence,reply,3,87,68,97,87,95,92,87,assertion/anecdote/authority/speculation carries substantial weight,v4-closed-findings-adapter
62,pageau-folley-logos-meaning-resurrection-2026,"Jonathan Pageau vs Joe Folley: Genesis, Jesus, Science, and Faith",theist,pro,Jonathan Pageau,pro-resurrection-pattern-persistence,reply,3,62,58,71,87,75,59,68,assertion/anecdote/authority/speculation carries substantial weight,v4-closed-findings-adapter
62,pageau-folley-logos-meaning-resurrection-2026,"Jonathan Pageau vs Joe Folley: Genesis, Jesus, Science, and Faith",non_theist,con,Joe Folley,con-persistent-wholes-as-structural-abstractions,reply,3,91,82,99,87,95,93,91,stronger support,v4-closed-findings-adapter
62,pageau-folley-logos-meaning-resurrection-2026,"Jonathan Pageau vs Joe Folley: Genesis, Jesus, Science, and Faith",non_theist,con,Joe Folley,con-species-cognition-natural-continuum,reply,2,88,79,57,69,95,90,78,material warrant or verification step compressed,v4-closed-findings-adapter
62,pageau-folley-logos-meaning-resurrection-2026,"Jonathan Pageau vs Joe Folley: Genesis, Jesus, Science, and Faith",theist,pro,Jonathan Pageau,pro-perception-priority-of-mind,reply,3,57,58,95,87,75,59,71,assertion/anecdote/authority/speculation carries substantial weight,v4-closed-findings-adapter
62,pageau-folley-logos-meaning-resurrection-2026,"Jonathan Pageau vs Joe Folley: Genesis, Jesus, Science, and Faith",theist,pro,Jonathan Pageau,pro-worship-participatory-formation,reply,3,84,72,58,87,95,85,78,material warrant or verification step compressed,v4-closed-findings-adapter
62,pageau-folley-logos-meaning-resurrection-2026,"Jonathan Pageau vs Joe Folley: Genesis, Jesus, Science, and Faith",theist,pro,Jonathan Pageau,pro-secular-fragmentation-sacred-center,reply,2,68,55,56,68,75,58,63,assertion/anecdote/authority/speculation carries substantial weight,v4-closed-findings-adapter
62,pageau-folley-logos-meaning-resurrection-2026,"Jonathan Pageau vs Joe Folley: Genesis, Jesus, Science, and Faith",non_theist,con,Joe Folley,con-social-utility-does-not-establish-god,reply,3,96,89,99,87,95,95,94,stronger support,v4-closed-findings-adapter
62,pageau-folley-logos-meaning-resurrection-2026,"Jonathan Pageau vs Joe Folley: Genesis, Jesus, Science, and Faith",theist,pro,Jonathan Pageau,pro-science-evolution-teleology-synthesis,constructive,2,75,62,70,68,75,85,71,assertion/anecdote/authority/speculation carries substantial weight,v4-closed-findings-adapter
63,butt-shermer-god-bible-2023,Kyle Butt vs Michael Shermer: Does the God of the Bible Exist?,theist,pro,Kyle Butt,move-pro-method-open-inquiry,constructive,1,88,72,72,22,85,80,71,material warrant or verification step compressed,v4-closed-findings-adapter
63,butt-shermer-god-bible-2023,Kyle Butt vs Michael Shermer: Does the God of the Bible Exist?,theist,pro,Kyle Butt,move-pro-cosmic-cause,constructive,3,67,62,77,87,75,64,72,assertion/anecdote/authority/speculation carries substantial weight,v4-closed-findings-adapter
63,butt-shermer-god-bible-2023,Kyle Butt vs Michael Shermer: Does the God of the Bible Exist?,theist,pro,Kyle Butt,move-pro-design-inference,constructive,3,67,61,78,87,75,61,71,assertion/anecdote/authority/speculation carries substantial weight,v4-closed-findings-adapter
63,butt-shermer-god-bible-2023,Kyle Butt vs Michael Shermer: Does the God of the Bible Exist?,theist,pro,Kyle Butt,move-pro-moral-ground,constructive,3,62,57,75,87,75,59,68,assertion/anecdote/authority/speculation carries substantial weight,v4-closed-findings-adapter
63,butt-shermer-god-bible-2023,Kyle Butt vs Michael Shermer: Does the God of the Bible Exist?,theist,pro,Kyle Butt,move-pro-jesus-identification,constructive,3,67,58,74,100,75,61,72,assertion/anecdote/authority/speculation carries substantial weight,v4-closed-findings-adapter
63,butt-shermer-god-bible-2023,Kyle Butt vs Michael Shermer: Does the God of the Bible Exist?,non_theist,con,Michael Shermer,move-con-rival-revelations,reply,3,82,73,94,87,85,84,84,material warrant or verification step compressed,v4-closed-findings-adapter
63,butt-shermer-god-bible-2023,Kyle Butt vs Michael Shermer: Does the God of the Bible Exist?,non_theist,con,Michael Shermer,move-con-proportioned-confidence,constructive,3,87,78,85,87,95,85,85,material warrant or verification step compressed,v4-closed-findings-adapter
63,butt-shermer-god-bible-2023,Kyle Butt vs Michael Shermer: Does the God of the Bible Exist?,non_theist,con,Michael Shermer,move-con-testability,reply,3,88,82,98,87,95,90,90,stronger support,v4-closed-findings-adapter
63,butt-shermer-god-bible-2023,Kyle Butt vs Michael Shermer: Does the God of the Bible Exist?,non_theist,con,Michael Shermer,move-con-regress-objection,reply,3,86,76,99,87,95,79,87,material warrant or verification step compressed,v4-closed-findings-adapter
63,butt-shermer-god-bible-2023,Kyle Butt vs Michael Shermer: Does the God of the Bible Exist?,theist,pro,Kyle Butt,move-pro-knowable-truth,reply,2,57,49,93,68,75,57,66,effectively unsupported,v4-closed-findings-adapter
63,butt-shermer-god-bible-2023,Kyle Butt vs Michael Shermer: Does the God of the Bible Exist?,theist,pro,Kyle Butt,move-pro-diversity-answer,reply,3,70,63,93,87,85,68,77,assertion/anecdote/authority/speculation carries substantial weight,v4-closed-findings-adapter
63,butt-shermer-god-bible-2023,Kyle Butt vs Michael Shermer: Does the God of the Bible Exist?,non_theist,con,Michael Shermer,move-con-wellbeing-morality,reply,3,74,70,97,87,75,74,80,material warrant or verification step compressed,v4-closed-findings-adapter
63,butt-shermer-god-bible-2023,Kyle Butt vs Michael Shermer: Does the God of the Bible Exist?,theist,pro,Kyle Butt,move-pro-redemptive-suffering,reply,3,77,63,3,69,75,76,58,assertion/anecdote/authority/speculation carries substantial weight,v4-closed-findings-adapter
63,butt-shermer-god-bible-2023,Kyle Butt vs Michael Shermer: Does the God of the Bible Exist?,non_theist,con,Michael Shermer,move-con-gratuitous-suffering,reply,3,87,81,99,87,95,90,89,stronger support,v4-closed-findings-adapter
63,butt-shermer-god-bible-2023,Kyle Butt vs Michael Shermer: Does the God of the Bible Exist?,non_theist,con,Michael Shermer,move-con-evolved-cooperation,reply,3,77,73,94,87,75,73,81,material warrant or verification step compressed,v4-closed-findings-adapter
63,butt-shermer-god-bible-2023,Kyle Butt vs Michael Shermer: Does the God of the Bible Exist?,theist,pro,Kyle Butt,move-pro-naturalism-no-objectivity,reply,3,71,62,98,87,85,60,77,assertion/anecdote/authority/speculation carries substantial weight,v4-closed-findings-adapter
63,butt-shermer-god-bible-2023,Kyle Butt vs Michael Shermer: Does the God of the Bible Exist?,non_theist,con,Michael Shermer,move-con-resurrection-evidence,reply,3,82,71,97,87,95,77,84,material warrant or verification step compressed,v4-closed-findings-adapter
63,butt-shermer-god-bible-2023,Kyle Butt vs Michael Shermer: Does the God of the Bible Exist?,theist,pro,Kyle Butt,move-pro-afterlife-rectification,reply,3,77,58,96,87,75,84,79,assertion/anecdote/authority/speculation carries substantial weight,v4-closed-findings-adapter
63,butt-shermer-god-bible-2023,Kyle Butt vs Michael Shermer: Does the God of the Bible Exist?,non_theist,con,Michael Shermer,move-con-natural-selection,reply,3,89,84,99,87,95,90,90,stronger support,v4-closed-findings-adapter
63,butt-shermer-god-bible-2023,Kyle Butt vs Michael Shermer: Does the God of the Bible Exist?,non_theist,con,Michael Shermer,move-con-fine-tuning-ignorance,reply,3,77,72,94,87,95,84,83,material warrant or verification step compressed,v4-closed-findings-adapter
63,butt-shermer-god-bible-2023,Kyle Butt vs Michael Shermer: Does the God of the Bible Exist?,theist,pro,Kyle Butt,move-pro-nonphysical-cause,reply,3,64,56,94,87,75,60,73,assertion/anecdote/authority/speculation carries substantial weight,v4-closed-findings-adapter
63,butt-shermer-god-bible-2023,Kyle Butt vs Michael Shermer: Does the God of the Bible Exist?,theist,pro,Kyle Butt,move-pro-information-origin,reply,3,56,44,71,87,75,41,62,effectively unsupported,v4-closed-findings-adapter
64,pine-watkins-god-existence-2020,Gregory Pine vs Ben Watkins: Does God Exist?,theist,pro,Gregory Pine,pro-natural-reason-and-revelation,constructive,2,85,73,83,69,95,85,81,material warrant or verification step compressed,v4-closed-findings-adapter
64,pine-watkins-god-existence-2020,Gregory Pine vs Ben Watkins: Does God Exist?,theist,pro,Gregory Pine,pro-act-potency-ground,constructive,3,77,72,84,87,75,75,79,material warrant or verification step compressed,v4-closed-findings-adapter
64,pine-watkins-god-existence-2020,Gregory Pine vs Ben Watkins: Does God Exist?,non_theist,con,Ben Watkins,con-evolutionary-suffering-evidence,constructive,3,86,83,91,87,95,91,88,stronger support,v4-closed-findings-adapter
64,pine-watkins-god-existence-2020,Gregory Pine vs Ben Watkins: Does God Exist?,non_theist,con,Ben Watkins,con-pure-actuality-excludes-freedom,constructive,3,75,68,89,87,85,72,79,assertion/anecdote/authority/speculation carries substantial weight,v4-closed-findings-adapter
64,pine-watkins-god-existence-2020,Gregory Pine vs Ben Watkins: Does God Exist?,non_theist,con,Ben Watkins,con-temporal-change-changes-divine-knowledge,constructive,3,73,68,88,87,75,71,77,assertion/anecdote/authority/speculation carries substantial weight,v4-closed-findings-adapter
64,pine-watkins-god-existence-2020,Gregory Pine vs Ben Watkins: Does God Exist?,theist,pro,Gregory Pine,pro-eternal-causal-knowledge,reply,3,84,77,98,87,95,79,86,material warrant or verification step compressed,v4-closed-findings-adapter
64,pine-watkins-god-existence-2020,Gregory Pine vs Ben Watkins: Does God Exist?,theist,pro,Gregory Pine,pro-interior-principle-freedom,reply,3,80,76,99,87,95,77,85,material warrant or verification step compressed,v4-closed-findings-adapter
64,pine-watkins-god-existence-2020,Gregory Pine vs Ben Watkins: Does God Exist?,non_theist,con,Ben Watkins,con-perfect-love-and-nonresistant-unbelief,reply,3,83,76,98,87,95,89,87,material warrant or verification step compressed,v4-closed-findings-adapter
64,pine-watkins-god-existence-2020,Gregory Pine vs Ben Watkins: Does God Exist?,non_theist,con,Ben Watkins,con-quantifier-shift-in-thomistic-ways,reply,3,92,85,99,87,95,92,92,stronger support,v4-closed-findings-adapter
64,pine-watkins-god-existence-2020,Gregory Pine vs Ben Watkins: Does God Exist?,non_theist,con,Ben Watkins,con-first-cause-identification-gap,reply,3,92,85,99,87,95,94,92,stronger support,v4-closed-findings-adapter
64,pine-watkins-god-existence-2020,Gregory Pine vs Ben Watkins: Does God Exist?,theist,pro,Gregory Pine,pro-transcendent-creator-evil-framework,reply,3,67,63,70,86,75,62,70,assertion/anecdote/authority/speculation carries substantial weight,v4-closed-findings-adapter
64,pine-watkins-god-existence-2020,Gregory Pine vs Ben Watkins: Does God Exist?,non_theist,con,Ben Watkins,con-changing-truth-under-multiple-time-theories,reply,3,70,69,96,87,75,72,78,assertion/anecdote/authority/speculation carries substantial weight,v4-closed-findings-adapter
64,pine-watkins-god-existence-2020,Gregory Pine vs Ben Watkins: Does God Exist?,theist,pro,Gregory Pine,pro-continuous-conservation,reply,3,76,70,55,87,85,71,73,material warrant or verification step compressed,v4-closed-findings-adapter
64,pine-watkins-god-existence-2020,Gregory Pine vs Ben Watkins: Does God Exist?,non_theist,con,Ben Watkins,con-animal-suffering-escapes-soul-building,reply,3,88,81,99,87,95,84,89,stronger support,v4-closed-findings-adapter
64,pine-watkins-god-existence-2020,Gregory Pine vs Ben Watkins: Does God Exist?,theist,pro,Gregory Pine,pro-teleological-cosmic-order,reply,3,76,67,95,87,75,80,80,assertion/anecdote/authority/speculation carries substantial weight,v4-closed-findings-adapter
64,pine-watkins-god-existence-2020,Gregory Pine vs Ben Watkins: Does God Exist?,non_theist,con,Ben Watkins,con-religious-disagreement-against-perfect-love,reply,3,84,74,98,87,95,93,87,material warrant or verification step compressed,v4-closed-findings-adapter
64,pine-watkins-god-existence-2020,Gregory Pine vs Ben Watkins: Does God Exist?,theist,pro,Gregory Pine,pro-accommodated-nonoverwhelming-revelation,reply,3,75,67,72,87,75,78,75,assertion/anecdote/authority/speculation carries substantial weight,v4-closed-findings-adapter
65,donahue-malpass-fine-tuning-god-2026,Miles K. Donahue vs Alex Malpass: Does Fine-Tuning Point to God?,theist,pro,Miles K. Donahue,pro-core-fine-tuning-likelihood,constructive,3,78,70,88,87,75,75,79,material warrant or verification step compressed,v4-closed-findings-adapter
65,donahue-malpass-fine-tuning-god-2026,Miles K. Donahue vs Alex Malpass: Does Fine-Tuning Point to God?,non_theist,con,Alex Malpass,con-divine-intent-goodness-gap,reply,2,85,76,70,86,95,93,82,material warrant or verification step compressed,v4-closed-findings-adapter
65,donahue-malpass-fine-tuning-god-2026,Miles K. Donahue vs Alex Malpass: Does Fine-Tuning Point to God?,non_theist,con,Alex Malpass,con-aggregate-naturalistic-alternatives,reply,3,80,70,95,87,75,78,81,material warrant or verification step compressed,v4-closed-findings-adapter
65,donahue-malpass-fine-tuning-god-2026,Miles K. Donahue vs Alex Malpass: Does Fine-Tuning Point to God?,theist,pro,Miles K. Donahue,pro-empirical-stalking-horse-reductio,reply,2,67,62,72,68,75,64,68,assertion/anecdote/authority/speculation carries substantial weight,v4-closed-findings-adapter
65,donahue-malpass-fine-tuning-god-2026,Miles K. Donahue vs Alex Malpass: Does Fine-Tuning Point to God?,non_theist,con,Alex Malpass,con-full-family-comparison-burden,reply,3,84,75,98,87,75,82,84,material warrant or verification step compressed,v4-closed-findings-adapter
65,donahue-malpass-fine-tuning-god-2026,Miles K. Donahue vs Alex Malpass: Does Fine-Tuning Point to God?,theist,pro,Miles K. Donahue,pro-single-universe-comparison-class,reply,3,79,63,98,87,95,70,82,assertion/anecdote/authority/speculation carries substantial weight,v4-closed-findings-adapter
65,donahue-malpass-fine-tuning-god-2026,Miles K. Donahue vs Alex Malpass: Does Fine-Tuning Point to God?,non_theist,con,Alex Malpass,con-agent-intention-underdetermination,reply,2,85,70,95,69,95,83,82,material warrant or verification step compressed,v4-closed-findings-adapter
65,donahue-malpass-fine-tuning-god-2026,Miles K. Donahue vs Alex Malpass: Does Fine-Tuning Point to God?,theist,pro,Miles K. Donahue,pro-goodness-predicts-revelation,reply,2,80,70,95,87,95,90,85,material warrant or verification step compressed,v4-closed-findings-adapter
65,donahue-malpass-fine-tuning-god-2026,Miles K. Donahue vs Alex Malpass: Does Fine-Tuning Point to God?,theist,pro,Miles K. Donahue,pro-conditional-prior-asymmetry,reply,3,69,58,96,87,75,64,75,assertion/anecdote/authority/speculation carries substantial weight,v4-closed-findings-adapter
65,donahue-malpass-fine-tuning-god-2026,Miles K. Donahue vs Alex Malpass: Does Fine-Tuning Point to God?,non_theist,con,Alex Malpass,con-persistent-empirical-underdetermination,reply,2,82,66,70,68,95,78,75,assertion/anecdote/authority/speculation carries substantial weight,v4-closed-findings-adapter
65,donahue-malpass-fine-tuning-god-2026,Miles K. Donahue vs Alex Malpass: Does Fine-Tuning Point to God?,theist,pro,Miles K. Donahue,pro-simulation-regress-objection,reply,2,65,55,95,86,75,64,73,assertion/anecdote/authority/speculation carries substantial weight,v4-closed-findings-adapter
65,donahue-malpass-fine-tuning-god-2026,Miles K. Donahue vs Alex Malpass: Does Fine-Tuning Point to God?,non_theist,con,Alex Malpass,con-disjunctive-limits-prior,reply,3,67,58,95,87,75,65,74,assertion/anecdote/authority/speculation carries substantial weight,v4-closed-findings-adapter
65,donahue-malpass-fine-tuning-god-2026,Miles K. Donahue vs Alex Malpass: Does Fine-Tuning Point to God?,theist,pro,Miles K. Donahue,pro-coherence-versus-modesty,reply,3,84,72,95,87,95,92,86,material warrant or verification step compressed,v4-closed-findings-adapter
65,donahue-malpass-fine-tuning-god-2026,Miles K. Donahue vs Alex Malpass: Does Fine-Tuning Point to God?,non_theist,con,Alex Malpass,con-naturalistic-ontological-parsimony,reply,2,68,64,94,86,75,82,77,assertion/anecdote/authority/speculation carries substantial weight,v4-closed-findings-adapter
65,donahue-malpass-fine-tuning-god-2026,Miles K. Donahue vs Alex Malpass: Does Fine-Tuning Point to God?,non_theist,con,Alex Malpass,con-fine-tuning-theory-defect,reply,2,79,66,94,69,75,90,79,assertion/anecdote/authority/speculation carries substantial weight,v4-closed-findings-adapter
65,donahue-malpass-fine-tuning-god-2026,Miles K. Donahue vs Alex Malpass: Does Fine-Tuning Point to God?,non_theist,con,Alex Malpass,con-indeterminate-divine-choice,reply,3,72,68,96,87,95,71,80,assertion/anecdote/authority/speculation carries substantial weight,v4-closed-findings-adapter
66,donahue-fodor-case-against-christianity-2025,Miles K. Donahue vs James Fodor: The Case Against Christianity,non_theist,con,James Fodor,con-philosophical-divine-psychology-undercut,constructive,3,82,73,88,87,75,85,82,material warrant or verification step compressed,v4-closed-findings-adapter
66,donahue-fodor-case-against-christianity-2025,Miles K. Donahue vs James Fodor: The Case Against Christianity,theist,pro,Miles K. Donahue,pro-divine-motivation-from-moral-value,reply,3,78,69,97,87,85,78,82,assertion/anecdote/authority/speculation carries substantial weight,v4-closed-findings-adapter
66,donahue-fodor-case-against-christianity-2025,Miles K. Donahue vs James Fodor: The Case Against Christianity,non_theist,con,James Fodor,con-fine-tuning-creative-possibilities,reply,3,87,77,98,87,95,92,89,material warrant or verification step compressed,v4-closed-findings-adapter
66,donahue-fodor-case-against-christianity-2025,Miles K. Donahue vs James Fodor: The Case Against Christianity,theist,pro,Miles K. Donahue,pro-fine-tuning-background-laws,reply,3,73,64,97,87,85,71,79,assertion/anecdote/authority/speculation carries substantial weight,v4-closed-findings-adapter
66,donahue-fodor-case-against-christianity-2025,Miles K. Donahue vs James Fodor: The Case Against Christianity,non_theist,con,James Fodor,con-scriptural-beauty-baseline,reply,2,88,81,55,87,95,92,81,stronger support,v4-closed-findings-adapter
66,donahue-fodor-case-against-christianity-2025,Miles K. Donahue vs James Fodor: The Case Against Christianity,non_theist,con,James Fodor,con-self-authentication-discrimination,reply,3,87,77,55,87,95,91,80,material warrant or verification step compressed,v4-closed-findings-adapter
66,donahue-fodor-case-against-christianity-2025,Miles K. Donahue vs James Fodor: The Case Against Christianity,theist,pro,Miles K. Donahue,pro-properly-basic-experiential-warrant,reply,3,78,69,71,87,85,81,77,assertion/anecdote/authority/speculation carries substantial weight,v4-closed-findings-adapter
66,donahue-fodor-case-against-christianity-2025,Miles K. Donahue vs James Fodor: The Case Against Christianity,non_theist,con,James Fodor,con-resurrection-naturalistic-sequence,reply,3,80,73,55,69,95,85,74,material warrant or verification step compressed,v4-closed-findings-adapter
66,donahue-fodor-case-against-christianity-2025,Miles K. Donahue vs James Fodor: The Case Against Christianity,non_theist,con,James Fodor,con-resurrection-belief-expectations,reply,3,83,73,55,69,95,91,75,material warrant or verification step compressed,v4-closed-findings-adapter
66,donahue-fodor-case-against-christianity-2025,Miles K. Donahue vs James Fodor: The Case Against Christianity,theist,pro,Miles K. Donahue,pro-physical-appearance-explanation,reply,3,83,71,98,87,85,80,84,material warrant or verification step compressed,v4-closed-findings-adapter
66,donahue-fodor-case-against-christianity-2025,Miles K. Donahue vs James Fodor: The Case Against Christianity,non_theist,con,James Fodor,con-preventable-suffering-evidence,constructive,3,87,79,90,87,95,91,87,material warrant or verification step compressed,v4-closed-findings-adapter
66,donahue-fodor-case-against-christianity-2025,Miles K. Donahue vs James Fodor: The Case Against Christianity,theist,pro,Miles K. Donahue,pro-consequential-complexity-defense,reply,3,80,71,98,87,95,83,85,material warrant or verification step compressed,v4-closed-findings-adapter
66,donahue-fodor-case-against-christianity-2025,Miles K. Donahue vs James Fodor: The Case Against Christianity,non_theist,con,James Fodor,con-religious-contingency-confusion,constructive,3,88,80,91,87,95,91,88,stronger support,v4-closed-findings-adapter
66,donahue-fodor-case-against-christianity-2025,Miles K. Donahue vs James Fodor: The Case Against Christianity,theist,pro,Miles K. Donahue,pro-disagreement-inscrutability-or-outweighing,reply,3,73,64,98,87,95,82,81,assertion/anecdote/authority/speculation carries substantial weight,v4-closed-findings-adapter
66,donahue-fodor-case-against-christianity-2025,Miles K. Donahue vs James Fodor: The Case Against Christianity,theist,pro,Miles K. Donahue,pro-expert-dissent-selection-effects,reply,3,76,62,56,87,75,71,70,assertion/anecdote/authority/speculation carries substantial weight,v4-closed-findings-adapter
66,donahue-fodor-case-against-christianity-2025,Miles K. Donahue vs James Fodor: The Case Against Christianity,non_theist,con,James Fodor,con-informed-dissent-confidence,reply,3,87,78,98,87,95,92,89,material warrant or verification step compressed,v4-closed-findings-adapter
66,donahue-fodor-case-against-christianity-2025,Miles K. Donahue vs James Fodor: The Case Against Christianity,theist,pro,Miles K. Donahue,pro-disagreement-limits-confidence-not-belief,reply,3,89,81,99,69,95,90,87,stronger support,v4-closed-findings-adapter
66,donahue-fodor-case-against-christianity-2025,Miles K. Donahue vs James Fodor: The Case Against Christianity,non_theist,con,James Fodor,con-christian-moral-transformation-test,constructive,3,81,67,87,87,75,90,81,assertion/anecdote/authority/speculation carries substantial weight,v4-closed-findings-adapter
67,jones-fodor-digital-physics-god-2021,Michael Jones vs James Fodor: The Digital Physics Argument for God,theist,pro,Michael Jones,pro-mind-emergence-syllogism,constructive,3,67,42,78,87,75,68,68,effectively unsupported,v4-closed-findings-adapter
67,jones-fodor-digital-physics-god-2021,Michael Jones vs James Fodor: The Digital Physics Argument for God,theist,pro,Michael Jones,pro-information-underlies-spacetime,constructive,3,73,69,80,87,75,79,77,assertion/anecdote/authority/speculation carries substantial weight,v4-closed-findings-adapter
67,jones-fodor-digital-physics-god-2021,Michael Jones vs James Fodor: The Digital Physics Argument for God,theist,pro,Michael Jones,pro-perfect-foundation-parsimony,constructive,3,62,54,82,100,75,61,71,assertion/anecdote/authority/speculation carries substantial weight,v4-closed-findings-adapter
67,jones-fodor-digital-physics-god-2021,Michael Jones vs James Fodor: The Digital Physics Argument for God,non_theist,con,James Fodor,con-emergence-evidence-unsettled,reply,3,90,82,99,87,95,92,90,stronger support,v4-closed-findings-adapter
67,jones-fodor-digital-physics-god-2021,Michael Jones vs James Fodor: The Digital Physics Argument for God,non_theist,con,James Fodor,con-physical-emergence-compatible,reply,3,88,79,99,87,95,90,89,material warrant or verification step compressed,v4-closed-findings-adapter
67,jones-fodor-digital-physics-god-2021,Michael Jones vs James Fodor: The Digital Physics Argument for God,theist,pro,Michael Jones,pro-structural-realism-idealist-fit,reply,3,63,59,73,86,75,60,69,assertion/anecdote/authority/speculation carries substantial weight,v4-closed-findings-adapter
67,jones-fodor-digital-physics-god-2021,Michael Jones vs James Fodor: The Digital Physics Argument for God,non_theist,con,James Fodor,con-structural-relata-required,reply,3,79,71,98,87,85,80,83,material warrant or verification step compressed,v4-closed-findings-adapter
67,jones-fodor-digital-physics-god-2021,Michael Jones vs James Fodor: The Digital Physics Argument for God,non_theist,con,James Fodor,con-idealism-retains-and-adds-posits,reply,3,88,75,99,87,75,81,85,material warrant or verification step compressed,v4-closed-findings-adapter
67,jones-fodor-digital-physics-god-2021,Michael Jones vs James Fodor: The Digital Physics Argument for God,non_theist,con,James Fodor,con-material-properties-constrain,reply,3,81,71,98,87,95,79,85,material warrant or verification step compressed,v4-closed-findings-adapter
67,jones-fodor-digital-physics-god-2021,Michael Jones vs James Fodor: The Digital Physics Argument for God,theist,pro,Michael Jones,pro-mental-necessity-explains-itself,reply,3,62,56,72,87,75,61,68,assertion/anecdote/authority/speculation carries substantial weight,v4-closed-findings-adapter
67,jones-fodor-digital-physics-god-2021,Michael Jones vs James Fodor: The Digital Physics Argument for God,non_theist,con,James Fodor,con-theory-must-discriminate,reply,3,87,77,99,100,75,79,87,material warrant or verification step compressed,v4-closed-findings-adapter
67,jones-fodor-digital-physics-god-2021,Michael Jones vs James Fodor: The Digital Physics Argument for God,non_theist,con,James Fodor,con-first-cause-not-yet-god,reply,3,91,80,98,69,95,93,88,stronger support,v4-closed-findings-adapter
67,jones-fodor-digital-physics-god-2021,Michael Jones vs James Fodor: The Digital Physics Argument for God,theist,pro,Michael Jones,pro-holography-mainstream-support,reply,2,77,70,73,69,75,63,72,material warrant or verification step compressed,v4-closed-findings-adapter
67,jones-fodor-digital-physics-god-2021,Michael Jones vs James Fodor: The Digital Physics Argument for God,theist,pro,Michael Jones,pro-abstract-relations-support-idealism,reply,3,59,56,56,87,75,58,64,assertion/anecdote/authority/speculation carries substantial weight,v4-closed-findings-adapter
67,jones-fodor-digital-physics-god-2021,Michael Jones vs James Fodor: The Digital Physics Argument for God,non_theist,con,James Fodor,con-emergence-models-nonmental,reply,3,92,85,99,87,95,94,92,stronger support,v4-closed-findings-adapter
67,jones-fodor-digital-physics-god-2021,Michael Jones vs James Fodor: The Digital Physics Argument for God,non_theist,con,James Fodor,con-science-does-not-select-idealism,reply,3,91,79,99,100,95,93,92,material warrant or verification step compressed,v4-closed-findings-adapter
67,jones-fodor-digital-physics-god-2021,Michael Jones vs James Fodor: The Digital Physics Argument for God,theist,pro,Michael Jones,pro-probabilistic-metaphysical-confirmation,reply,3,88,76,98,69,95,94,86,material warrant or verification step compressed,v4-closed-findings-adapter
67,jones-fodor-digital-physics-god-2021,Michael Jones vs James Fodor: The Digital Physics Argument for God,non_theist,con,James Fodor,con-scientific-success-supports-realism,reply,2,80,75,98,69,75,79,80,material warrant or verification step compressed,v4-closed-findings-adapter
67,jones-fodor-digital-physics-god-2021,Michael Jones vs James Fodor: The Digital Physics Argument for God,theist,pro,Michael Jones,pro-agentive-timeless-source,reply,2,57,43,72,69,75,58,61,effectively unsupported,v4-closed-findings-adapter
67,jones-fodor-digital-physics-god-2021,Michael Jones vs James Fodor: The Digital Physics Argument for God,theist,pro,Michael Jones,pro-idealist-theism-defeaters,constructive,2,84,73,86,69,75,85,79,material warrant or verification step compressed,v4-closed-findings-adapter
68,jones-dillahunty-quantum-idealism-demonstrability-2026,Michael Jones vs Matt Dillahunty: Quantum Idealism and Demonstrability,non_theist,con,Matt Dillahunty,con-public-independent-confirmation,constructive,3,90,83,92,87,95,85,89,stronger support,v4-closed-findings-adapter
68,jones-dillahunty-quantum-idealism-demonstrability-2026,Michael Jones vs Matt Dillahunty: Quantum Idealism and Demonstrability,theist,pro,Michael Jones,pro-cumulative-idealist-inference,reply,3,71,59,58,87,75,64,68,assertion/anecdote/authority/speculation carries substantial weight,v4-closed-findings-adapter
68,jones-dillahunty-quantum-idealism-demonstrability-2026,Michael Jones vs Matt Dillahunty: Quantum Idealism and Demonstrability,non_theist,con,Matt Dillahunty,con-inference-from-demonstrable-components,reply,3,90,83,99,87,95,93,91,stronger support,v4-closed-findings-adapter
68,jones-dillahunty-quantum-idealism-demonstrability-2026,Michael Jones vs Matt Dillahunty: Quantum Idealism and Demonstrability,theist,pro,Michael Jones,pro-experiential-bundle-parsimony,reply,2,65,57,57,69,75,60,63,assertion/anecdote/authority/speculation carries substantial weight,v4-closed-findings-adapter
68,jones-dillahunty-quantum-idealism-demonstrability-2026,Michael Jones vs Matt Dillahunty: Quantum Idealism and Demonstrability,non_theist,con,Matt Dillahunty,con-physical-properties-ground-interaction,reply,3,86,79,99,87,85,80,87,material warrant or verification step compressed,v4-closed-findings-adapter
68,jones-dillahunty-quantum-idealism-demonstrability-2026,Michael Jones vs Matt Dillahunty: Quantum Idealism and Demonstrability,theist,pro,Michael Jones,pro-phenomenal-information-ontology,reply,2,76,65,72,68,75,85,73,assertion/anecdote/authority/speculation carries substantial weight,v4-closed-findings-adapter
68,jones-dillahunty-quantum-idealism-demonstrability-2026,Michael Jones vs Matt Dillahunty: Quantum Idealism and Demonstrability,non_theist,con,Matt Dillahunty,con-preconscious-development-objection,reply,3,79,74,99,87,75,74,82,material warrant or verification step compressed,v4-closed-findings-adapter
68,jones-dillahunty-quantum-idealism-demonstrability-2026,Michael Jones vs Matt Dillahunty: Quantum Idealism and Demonstrability,theist,pro,Michael Jones,pro-wavefunction-preobserver-development,reply,3,73,61,73,87,75,64,72,assertion/anecdote/authority/speculation carries substantial weight,v4-closed-findings-adapter
68,jones-dillahunty-quantum-idealism-demonstrability-2026,Michael Jones vs Matt Dillahunty: Quantum Idealism and Demonstrability,non_theist,con,Matt Dillahunty,con-offscreen-game-structure-persists,reply,2,88,79,98,69,95,93,87,material warrant or verification step compressed,v4-closed-findings-adapter
68,jones-dillahunty-quantum-idealism-demonstrability-2026,Michael Jones vs Matt Dillahunty: Quantum Idealism and Demonstrability,theist,pro,Michael Jones,pro-unobserved-informational-interaction,reply,3,68,55,73,69,75,61,67,assertion/anecdote/authority/speculation carries substantial weight,v4-closed-findings-adapter
68,jones-dillahunty-quantum-idealism-demonstrability-2026,Michael Jones vs Matt Dillahunty: Quantum Idealism and Demonstrability,non_theist,con,Matt Dillahunty,con-mind-dependent-stoppage-unfalsifiable,reply,3,81,68,98,87,85,79,83,assertion/anecdote/authority/speculation carries substantial weight,v4-closed-findings-adapter
68,jones-dillahunty-quantum-idealism-demonstrability-2026,Michael Jones vs Matt Dillahunty: Quantum Idealism and Demonstrability,theist,pro,Michael Jones,pro-hidden-variable-defeater,reply,3,61,63,72,87,75,60,69,assertion/anecdote/authority/speculation carries substantial weight,v4-closed-findings-adapter
69,winger-dillahunty-resurrection-unreasonable-2019,Mike Winger vs Matt Dillahunty: Is Belief in the Resurrection Unreasonable?,theist,pro,Mike Winger,pro-cumulative-reasonableness-method,constructive,3,89,77,93,100,95,85,89,material warrant or verification step compressed,v4-closed-findings-adapter
69,winger-dillahunty-resurrection-unreasonable-2019,Mike Winger vs Matt Dillahunty: Is Belief in the Resurrection Unreasonable?,theist,pro,Mike Winger,pro-roman-crucifixion-death,constructive,3,88,81,86,87,85,75,84,stronger support,v4-closed-findings-adapter
69,winger-dillahunty-resurrection-unreasonable-2019,Mike Winger vs Matt Dillahunty: Is Belief in the Resurrection Unreasonable?,theist,pro,Mike Winger,pro-burial-empty-tomb,constructive,3,84,78,89,87,95,75,84,material warrant or verification step compressed,v4-closed-findings-adapter
69,winger-dillahunty-resurrection-unreasonable-2019,Mike Winger vs Matt Dillahunty: Is Belief in the Resurrection Unreasonable?,theist,pro,Mike Winger,pro-appearance-experiences,constructive,3,82,78,90,87,95,72,84,material warrant or verification step compressed,v4-closed-findings-adapter
69,winger-dillahunty-resurrection-unreasonable-2019,Mike Winger vs Matt Dillahunty: Is Belief in the Resurrection Unreasonable?,theist,pro,Mike Winger,pro-disciple-sincerity-transformation,constructive,2,85,76,86,86,75,75,82,material warrant or verification step compressed,v4-closed-findings-adapter
69,winger-dillahunty-resurrection-unreasonable-2019,Mike Winger vs Matt Dillahunty: Is Belief in the Resurrection Unreasonable?,theist,pro,Mike Winger,pro-religious-context-divine-cause,constructive,3,72,64,85,87,75,63,75,assertion/anecdote/authority/speculation carries substantial weight,v4-closed-findings-adapter
69,winger-dillahunty-resurrection-unreasonable-2019,Mike Winger vs Matt Dillahunty: Is Belief in the Resurrection Unreasonable?,theist,pro,Mike Winger,pro-resurrection-best-explanation,constructive,3,73,66,91,87,85,61,77,assertion/anecdote/authority/speculation carries substantial weight,v4-closed-findings-adapter
69,winger-dillahunty-resurrection-unreasonable-2019,Mike Winger vs Matt Dillahunty: Is Belief in the Resurrection Unreasonable?,non_theist,con,Matt Dillahunty,con-testimony-claims-not-supernatural-proof,reply,3,93,84,98,69,95,93,89,stronger support,v4-closed-findings-adapter
69,winger-dillahunty-resurrection-unreasonable-2019,Mike Winger vs Matt Dillahunty: Is Belief in the Resurrection Unreasonable?,non_theist,con,Matt Dillahunty,con-supernatural-candidate-needs-support,reply,3,78,74,98,87,75,77,82,material warrant or verification step compressed,v4-closed-findings-adapter
69,winger-dillahunty-resurrection-unreasonable-2019,Mike Winger vs Matt Dillahunty: Is Belief in the Resurrection Unreasonable?,non_theist,con,Matt Dillahunty,con-known-natural-causes-outrank-resurrection,reply,3,79,71,98,87,75,75,82,material warrant or verification step compressed,v4-closed-findings-adapter
69,winger-dillahunty-resurrection-unreasonable-2019,Mike Winger vs Matt Dillahunty: Is Belief in the Resurrection Unreasonable?,non_theist,con,Matt Dillahunty,con-late-dependent-sources-undermine-facts,reply,3,84,73,73,87,75,84,79,material warrant or verification step compressed,v4-closed-findings-adapter
69,winger-dillahunty-resurrection-unreasonable-2019,Mike Winger vs Matt Dillahunty: Is Belief in the Resurrection Unreasonable?,non_theist,con,Matt Dillahunty,con-elimination-does-not-establish-resurrection,reply,3,90,83,99,100,95,80,91,stronger support,v4-closed-findings-adapter
69,winger-dillahunty-resurrection-unreasonable-2019,Mike Winger vs Matt Dillahunty: Is Belief in the Resurrection Unreasonable?,theist,pro,Mike Winger,pro-local-detail-corroboration,reply,2,68,67,71,69,75,60,68,assertion/anecdote/authority/speculation carries substantial weight,v4-closed-findings-adapter
69,winger-dillahunty-resurrection-unreasonable-2019,Mike Winger vs Matt Dillahunty: Is Belief in the Resurrection Unreasonable?,theist,pro,Mike Winger,pro-two-part-standard-defense,reply,3,89,80,98,69,95,90,87,stronger support,v4-closed-findings-adapter
69,winger-dillahunty-resurrection-unreasonable-2019,Mike Winger vs Matt Dillahunty: Is Belief in the Resurrection Unreasonable?,non_theist,con,Matt Dillahunty,con-unmet-burden-permits-nonacceptance,reply,3,96,88,99,100,95,93,95,stronger support,v4-closed-findings-adapter
69,winger-dillahunty-resurrection-unreasonable-2019,Mike Winger vs Matt Dillahunty: Is Belief in the Resurrection Unreasonable?,non_theist,con,Matt Dillahunty,con-no-contemporary-crucifixion-verification,reply,2,75,68,97,87,75,64,79,assertion/anecdote/authority/speculation carries substantial weight,v4-closed-findings-adapter
69,winger-dillahunty-resurrection-unreasonable-2019,Mike Winger vs Matt Dillahunty: Is Belief in the Resurrection Unreasonable?,theist,pro,Mike Winger,pro-bodily-resurrection-meaning,reply,2,80,76,54,68,85,57,70,material warrant or verification step compressed,v4-closed-findings-adapter
69,winger-dillahunty-resurrection-unreasonable-2019,Mike Winger vs Matt Dillahunty: Is Belief in the Resurrection Unreasonable?,non_theist,con,Matt Dillahunty,con-paul-third-party-appearance-reports,reply,3,94,84,99,87,95,91,92,stronger support,v4-closed-findings-adapter
69,winger-dillahunty-resurrection-unreasonable-2019,Mike Winger vs Matt Dillahunty: Is Belief in the Resurrection Unreasonable?,non_theist,con,Matt Dillahunty,con-event-confirmation-not-divine-cause,reply,3,97,90,99,87,95,94,94,stronger support,v4-closed-findings-adapter
69,winger-dillahunty-resurrection-unreasonable-2019,Mike Winger vs Matt Dillahunty: Is Belief in the Resurrection Unreasonable?,non_theist,con,Matt Dillahunty,con-extraordinary-resurrection-needs-sufficient-support,reply,3,83,75,98,87,75,74,83,material warrant or verification step compressed,v4-closed-findings-adapter
69,winger-dillahunty-resurrection-unreasonable-2019,Mike Winger vs Matt Dillahunty: Is Belief in the Resurrection Unreasonable?,theist,pro,Mike Winger,pro-extraordinary-evidence-regress,reply,2,62,70,98,87,75,58,75,material warrant or verification step compressed,v4-closed-findings-adapter
69,winger-dillahunty-resurrection-unreasonable-2019,Mike Winger vs Matt Dillahunty: Is Belief in the Resurrection Unreasonable?,non_theist,con,Matt Dillahunty,con-support-scales-with-extraordinariness,reply,3,95,88,99,87,95,95,93,stronger support,v4-closed-findings-adapter
69,winger-dillahunty-resurrection-unreasonable-2019,Mike Winger vs Matt Dillahunty: Is Belief in the Resurrection Unreasonable?,non_theist,con,Matt Dillahunty,con-evidential-deficits-warrant-suspension,reply,3,88,79,98,100,75,78,88,material warrant or verification step compressed,v4-closed-findings-adapter
69,winger-dillahunty-resurrection-unreasonable-2019,Mike Winger vs Matt Dillahunty: Is Belief in the Resurrection Unreasonable?,theist,pro,Mike Winger,pro-modern-investigability,reply,2,71,63,94,99,75,62,78,assertion/anecdote/authority/speculation carries substantial weight,v4-closed-findings-adapter
70,malpass-anderson-logic-god-2021,Alex Malpass vs James Anderson: Does Logic Prove God?,non_theist,con,Alex Malpass,con-modal-inconceivability-caution,constructive,2,81,72,78,68,75,85,76,material warrant or verification step compressed,v4-closed-findings-adapter
70,malpass-anderson-logic-god-2021,Alex Malpass vs James Anderson: Does Logic Prove God?,theist,pro,James Anderson,pro-thin-necessary-truth-start,reply,2,91,84,98,69,95,93,88,stronger support,v4-closed-findings-adapter
70,malpass-anderson-logic-god-2021,Alex Malpass vs James Anderson: Does Logic Prove God?,non_theist,con,Alex Malpass,con-modal-world-restrictions,reply,2,89,84,97,69,95,90,87,stronger support,v4-closed-findings-adapter
70,malpass-anderson-logic-god-2021,Alex Malpass vs James Anderson: Does Logic Prove God?,non_theist,con,Alex Malpass,con-intentionality-nonmental-propositions,reply,3,85,77,55,87,95,92,79,material warrant or verification step compressed,v4-closed-findings-adapter
70,malpass-anderson-logic-god-2021,Alex Malpass vs James Anderson: Does Logic Prove God?,theist,pro,James Anderson,pro-intentionality-thought-explanation,reply,3,83,76,98,87,95,79,86,material warrant or verification step compressed,v4-closed-findings-adapter
70,malpass-anderson-logic-god-2021,Alex Malpass vs James Anderson: Does Logic Prove God?,non_theist,con,Alex Malpass,con-shareable-fregean-content,reply,3,83,79,97,87,85,84,86,material warrant or verification step compressed,v4-closed-findings-adapter
70,malpass-anderson-logic-god-2021,Alex Malpass vs James Anderson: Does Logic Prove God?,theist,pro,James Anderson,pro-conceptualist-explanatory-edge,reply,3,86,79,98,87,95,90,88,material warrant or verification step compressed,v4-closed-findings-adapter
70,malpass-anderson-logic-god-2021,Alex Malpass vs James Anderson: Does Logic Prove God?,non_theist,con,Alex Malpass,con-divine-content-self-regress,reply,3,71,68,58,87,75,89,72,assertion/anecdote/authority/speculation carries substantial weight,v4-closed-findings-adapter
70,malpass-anderson-logic-god-2021,Alex Malpass vs James Anderson: Does Logic Prove God?,theist,pro,James Anderson,pro-divine-thoughts-constitute-content,reply,3,81,75,98,69,95,89,84,material warrant or verification step compressed,v4-closed-findings-adapter
70,malpass-anderson-logic-god-2021,Alex Malpass vs James Anderson: Does Logic Prove God?,non_theist,con,Alex Malpass,con-contentless-divine-thought-tension,reply,3,87,81,98,87,95,92,89,stronger support,v4-closed-findings-adapter
70,malpass-anderson-logic-god-2021,Alex Malpass vs James Anderson: Does Logic Prove God?,theist,pro,James Anderson,pro-divine-human-intentional-continuity,reply,3,84,76,98,87,95,91,87,material warrant or verification step compressed,v4-closed-findings-adapter
70,malpass-anderson-logic-god-2021,Alex Malpass vs James Anderson: Does Logic Prove God?,non_theist,con,Alex Malpass,con-platonist-comparative-parity,reply,3,83,75,98,87,75,92,85,material warrant or verification step compressed,v4-closed-findings-adapter
70,malpass-anderson-logic-god-2021,Alex Malpass vs James Anderson: Does Logic Prove God?,theist,pro,James Anderson,pro-dual-impulse-comparative-case,reply,3,82,74,97,87,95,89,86,material warrant or verification step compressed,v4-closed-findings-adapter
70,malpass-anderson-logic-god-2021,Alex Malpass vs James Anderson: Does Logic Prove God?,non_theist,con,Alex Malpass,con-propositions-ground-thought-intentionality,reply,3,77,68,97,87,75,91,82,assertion/anecdote/authority/speculation carries substantial weight,v4-closed-findings-adapter
70,malpass-anderson-logic-god-2021,Alex Malpass vs James Anderson: Does Logic Prove God?,theist,pro,James Anderson,pro-content-account-begs-question,reply,3,73,70,98,87,95,78,82,material warrant or verification step compressed,v4-closed-findings-adapter
70,malpass-anderson-logic-god-2021,Alex Malpass vs James Anderson: Does Logic Prove God?,non_theist,con,Alex Malpass,con-shared-liability-neutrality,reply,2,90,79,57,69,95,91,79,material warrant or verification step compressed,v4-closed-findings-adapter
70,malpass-anderson-logic-god-2021,Alex Malpass vs James Anderson: Does Logic Prove God?,non_theist,con,Alex Malpass,con-independent-abstract-reality,constructive,3,83,81,86,87,75,90,84,stronger support,v4-closed-findings-adapter
70,malpass-anderson-logic-god-2021,Alex Malpass vs James Anderson: Does Logic Prove God?,theist,pro,James Anderson,pro-convergent-proposition-realism,constructive,3,87,83,88,87,95,90,88,stronger support,v4-closed-findings-adapter
72,dyer-malpass-tag-argument-2019,Jay Dyer vs Alex Malpass: The TAG Argument,non_theist,con,Alex Malpass,con-inference-form-comparison-criteria,constructive,2,88,80,83,68,95,85,83,stronger support,v4-closed-findings-adapter
72,dyer-malpass-tag-argument-2019,Jay Dyer vs Alex Malpass: The TAG Argument,theist,pro,Jay Dyer,pro-worldview-paradigm-coherence,reply,3,68,61,55,87,75,66,67,assertion/anecdote/authority/speculation carries substantial weight,v4-closed-findings-adapter
72,dyer-malpass-tag-argument-2019,Jay Dyer vs Alex Malpass: The TAG Argument,theist,pro,Jay Dyer,pro-orthodox-necessity-use-distinction,constructive,3,67,57,89,100,75,68,75,assertion/anecdote/authority/speculation carries substantial weight,v4-closed-findings-adapter
72,dyer-malpass-tag-argument-2019,Jay Dyer vs Alex Malpass: The TAG Argument,non_theist,con,Alex Malpass,con-orthodox-necessity-gap,reply,3,90,84,99,100,95,92,93,stronger support,v4-closed-findings-adapter
72,dyer-malpass-tag-argument-2019,Jay Dyer vs Alex Malpass: The TAG Argument,theist,pro,Jay Dyer,pro-induction-grounded-in-providence,constructive,3,73,67,86,87,85,75,78,assertion/anecdote/authority/speculation carries substantial weight,v4-closed-findings-adapter
72,dyer-malpass-tag-argument-2019,Jay Dyer vs Alex Malpass: The TAG Argument,non_theist,con,Alex Malpass,con-providence-induction-parity,reply,3,88,82,99,87,95,92,90,stronger support,v4-closed-findings-adapter
72,dyer-malpass-tag-argument-2019,Jay Dyer vs Alex Malpass: The TAG Argument,theist,pro,Jay Dyer,pro-induction-meta-level-distinction,reply,2,85,77,55,87,95,80,78,material warrant or verification step compressed,v4-closed-findings-adapter
72,dyer-malpass-tag-argument-2019,Jay Dyer vs Alex Malpass: The TAG Argument,non_theist,con,Alex Malpass,con-reductio-dialetheist-objection,reply,3,94,87,99,87,95,92,92,stronger support,v4-closed-findings-adapter
72,dyer-malpass-tag-argument-2019,Jay Dyer vs Alex Malpass: The TAG Argument,theist,pro,Jay Dyer,pro-discourse-level-reductio,reply,3,64,59,55,87,75,59,65,assertion/anecdote/authority/speculation carries substantial weight,v4-closed-findings-adapter
72,dyer-malpass-tag-argument-2019,Jay Dyer vs Alex Malpass: The TAG Argument,non_theist,con,Alex Malpass,con-local-assertion-not-universal-lnc,reply,3,95,90,99,87,95,94,94,stronger support,v4-closed-findings-adapter
72,dyer-malpass-tag-argument-2019,Jay Dyer vs Alex Malpass: The TAG Argument,theist,pro,Jay Dyer,pro-language-presupposes-logical-regularity,reply,3,69,67,55,87,75,59,68,assertion/anecdote/authority/speculation carries substantial weight,v4-closed-findings-adapter
72,dyer-malpass-tag-argument-2019,Jay Dyer vs Alex Malpass: The TAG Argument,non_theist,con,Alex Malpass,con-nontheistic-abstract-moral-access,reply,3,89,76,99,100,95,92,91,material warrant or verification step compressed,v4-closed-findings-adapter
72,dyer-malpass-tag-argument-2019,Jay Dyer vs Alex Malpass: The TAG Argument,theist,pro,Jay Dyer,pro-platonism-participation-critique,reply,3,70,62,97,87,75,59,76,assertion/anecdote/authority/speculation carries substantial weight,v4-closed-findings-adapter
72,dyer-malpass-tag-argument-2019,Jay Dyer vs Alex Malpass: The TAG Argument,non_theist,con,Alex Malpass,con-divine-conceptualism-content-distinction,reply,3,93,87,99,87,95,94,92,stronger support,v4-closed-findings-adapter
72,dyer-malpass-tag-argument-2019,Jay Dyer vs Alex Malpass: The TAG Argument,theist,pro,Jay Dyer,pro-logoi-analogical-participation,reply,3,76,69,98,87,75,78,81,assertion/anecdote/authority/speculation carries substantial weight,v4-closed-findings-adapter
72,dyer-malpass-tag-argument-2019,Jay Dyer vs Alex Malpass: The TAG Argument,theist,pro,Jay Dyer,pro-actual-experience-alternative-systems,reply,2,81,75,73,69,75,91,77,material warrant or verification step compressed,v4-closed-findings-adapter
72,dyer-malpass-tag-argument-2019,Jay Dyer vs Alex Malpass: The TAG Argument,non_theist,con,Alex Malpass,con-alternative-logics-modality-analogy,reply,2,90,84,98,69,95,93,88,stronger support,v4-closed-findings-adapter
72,dyer-malpass-tag-argument-2019,Jay Dyer vs Alex Malpass: The TAG Argument,theist,pro,Jay Dyer,pro-known-experience-empirical-scope,reply,2,85,78,98,68,95,93,85,material warrant or verification step compressed,v4-closed-findings-adapter
74,rasmussen-malpass-suffering-causal-finitism-2021,"Josh Rasmussen vs Alex Malpass: Suffering, Theism, and Causal Finitism",theist,pro,Josh Rasmussen,pro-grim-core-inference,constructive,3,81,75,94,87,95,75,84,material warrant or verification step compressed,v4-closed-findings-adapter
74,rasmussen-malpass-suffering-causal-finitism-2021,"Josh Rasmussen vs Alex Malpass: Suffering, Theism, and Causal Finitism",theist,pro,Josh Rasmussen,pro-randomized-clock-independence,constructive,3,75,70,84,87,75,75,78,material warrant or verification step compressed,v4-closed-findings-adapter
74,rasmussen-malpass-suffering-causal-finitism-2021,"Josh Rasmussen vs Alex Malpass: Suffering, Theism, and Causal Finitism",non_theist,con,Alex Malpass,con-unsatisfiable-pair-diagnosis,reply,3,90,86,98,87,95,92,91,stronger support,v4-closed-findings-adapter
74,rasmussen-malpass-suffering-causal-finitism-2021,"Josh Rasmussen vs Alex Malpass: Suffering, Theism, and Causal Finitism",non_theist,con,Alex Malpass,con-minimal-diagnosis-parsimony,reply,2,86,81,73,69,95,91,81,stronger support,v4-closed-findings-adapter
74,rasmussen-malpass-suffering-causal-finitism-2021,"Josh Rasmussen vs Alex Malpass: Suffering, Theism, and Causal Finitism",theist,pro,Josh Rasmussen,pro-conditional-inference-defense,reply,3,79,68,73,87,95,78,78,assertion/anecdote/authority/speculation carries substantial weight,v4-closed-findings-adapter
74,rasmussen-malpass-suffering-causal-finitism-2021,"Josh Rasmussen vs Alex Malpass: Suffering, Theism, and Causal Finitism",non_theist,con,Alex Malpass,con-rearrangement-can-cross-impossibility,reply,2,87,82,98,87,95,89,89,stronger support,v4-closed-findings-adapter
74,rasmussen-malpass-suffering-causal-finitism-2021,"Josh Rasmussen vs Alex Malpass: Suffering, Theism, and Causal Finitism",non_theist,con,Alex Malpass,con-infinite-recombination-limits,reply,3,92,86,99,87,95,92,92,stronger support,v4-closed-findings-adapter
74,rasmussen-malpass-suffering-causal-finitism-2021,"Josh Rasmussen vs Alex Malpass: Suffering, Theism, and Causal Finitism",theist,pro,Josh Rasmussen,pro-adjacent-world-clock-variation,reply,3,83,76,97,87,95,89,87,material warrant or verification step compressed,v4-closed-findings-adapter
74,rasmussen-malpass-suffering-causal-finitism-2021,"Josh Rasmussen vs Alex Malpass: Suffering, Theism, and Causal Finitism",non_theist,con,Alex Malpass,con-suffering-favors-indifference,constructive,3,88,81,94,87,95,85,88,stronger support,v4-closed-findings-adapter
74,rasmussen-malpass-suffering-causal-finitism-2021,"Josh Rasmussen vs Alex Malpass: Suffering, Theism, and Causal Finitism",theist,pro,Josh Rasmussen,pro-auxiliary-probability-asymmetry,reply,3,73,66,96,87,75,83,80,assertion/anecdote/authority/speculation carries substantial weight,v4-closed-findings-adapter
74,rasmussen-malpass-suffering-causal-finitism-2021,"Josh Rasmussen vs Alex Malpass: Suffering, Theism, and Causal Finitism",non_theist,con,Alex Malpass,con-compensation-does-not-justify-atrocity,reply,3,86,79,92,69,95,91,85,material warrant or verification step compressed,v4-closed-findings-adapter
74,rasmussen-malpass-suffering-causal-finitism-2021,"Josh Rasmussen vs Alex Malpass: Suffering, Theism, and Causal Finitism",theist,pro,Josh Rasmussen,pro-expected-unknown-divine-reasons,reply,3,76,68,95,87,95,75,82,assertion/anecdote/authority/speculation carries substantial weight,v4-closed-findings-adapter
74,rasmussen-malpass-suffering-causal-finitism-2021,"Josh Rasmussen vs Alex Malpass: Suffering, Theism, and Causal Finitism",non_theist,con,Alex Malpass,con-shared-moral-knowledge-limits-skepticism,reply,3,90,83,99,87,95,93,91,stronger support,v4-closed-findings-adapter
74,rasmussen-malpass-suffering-causal-finitism-2021,"Josh Rasmussen vs Alex Malpass: Suffering, Theism, and Causal Finitism",theist,pro,Josh Rasmussen,pro-commonsense-moral-evidence,reply,2,89,80,98,69,95,94,87,stronger support,v4-closed-findings-adapter
74,rasmussen-malpass-suffering-causal-finitism-2021,"Josh Rasmussen vs Alex Malpass: Suffering, Theism, and Causal Finitism",theist,pro,Josh Rasmussen,pro-voluntary-risk-arena,reply,3,74,63,95,69,75,82,76,assertion/anecdote/authority/speculation carries substantial weight,v4-closed-findings-adapter
74,rasmussen-malpass-suffering-causal-finitism-2021,"Josh Rasmussen vs Alex Malpass: Suffering, Theism, and Causal Finitism",non_theist,con,Alex Malpass,con-unfalsifiability-severs-evidence,reply,3,90,76,99,69,95,94,87,material warrant or verification step compressed,v4-closed-findings-adapter
74,rasmussen-malpass-suffering-causal-finitism-2021,"Josh Rasmussen vs Alex Malpass: Suffering, Theism, and Causal Finitism",non_theist,con,Alex Malpass,con-unfair-distribution-of-extreme-suffering,reply,3,86,79,98,87,75,90,86,material warrant or verification step compressed,v4-closed-findings-adapter
74,rasmussen-malpass-suffering-causal-finitism-2021,"Josh Rasmussen vs Alex Malpass: Suffering, Theism, and Causal Finitism",theist,pro,Josh Rasmussen,pro-finite-agent-world-goods,constructive,3,83,74,84,87,85,80,82,material warrant or verification step compressed,v4-closed-findings-adapter
74,rasmussen-malpass-suffering-causal-finitism-2021,"Josh Rasmussen vs Alex Malpass: Suffering, Theism, and Causal Finitism",theist,pro,Josh Rasmussen,pro-conscious-suffering-likelihood,reply,3,87,72,98,87,95,85,87,material warrant or verification step compressed,v4-closed-findings-adapter
74,rasmussen-malpass-suffering-causal-finitism-2021,"Josh Rasmussen vs Alex Malpass: Suffering, Theism, and Causal Finitism",non_theist,con,Alex Malpass,con-fine-grained-consciousness-evidence,reply,3,91,84,99,87,95,95,91,stronger support,v4-closed-findings-adapter
75,rasmussen-clifton-contingency-argument-2019,Josh Rasmussen vs Scott Clifton: Is the Contingency Argument Persuasive?,theist,pro,Josh Rasmussen,pro-totality-anti-circular-foundation,constructive,3,75,70,88,100,85,75,81,material warrant or verification step compressed,v4-closed-findings-adapter
75,rasmussen-clifton-contingency-argument-2019,Josh Rasmussen vs Scott Clifton: Is the Contingency Argument Persuasive?,non_theist,con,Scott Clifton,con-totality-scope-and-brute-deity,reply,3,82,74,95,100,95,91,88,material warrant or verification step compressed,v4-closed-findings-adapter
75,rasmussen-clifton-contingency-argument-2019,Josh Rasmussen vs Scott Clifton: Is the Contingency Argument Persuasive?,theist,pro,Josh Rasmussen,pro-graduated-strengths-of-necessity,reply,2,76,71,73,69,75,89,75,material warrant or verification step compressed,v4-closed-findings-adapter
75,rasmussen-clifton-contingency-argument-2019,Josh Rasmussen vs Scott Clifton: Is the Contingency Argument Persuasive?,non_theist,con,Scott Clifton,con-boundary-intuitions-and-brute-universe,reply,3,80,73,73,87,95,92,81,material warrant or verification step compressed,v4-closed-findings-adapter
75,rasmussen-clifton-contingency-argument-2019,Josh Rasmussen vs Scott Clifton: Is the Contingency Argument Persuasive?,theist,pro,Josh Rasmussen,pro-global-abductive-inquiry,reply,3,81,78,98,87,95,91,87,material warrant or verification step compressed,v4-closed-findings-adapter
75,rasmussen-clifton-contingency-argument-2019,Josh Rasmussen vs Scott Clifton: Is the Contingency Argument Persuasive?,non_theist,con,Scott Clifton,con-necessity-conditional-on-existence,reply,3,85,79,97,87,95,92,88,material warrant or verification step compressed,v4-closed-findings-adapter
75,rasmussen-clifton-contingency-argument-2019,Josh Rasmussen vs Scott Clifton: Is the Contingency Argument Persuasive?,theist,pro,Josh Rasmussen,pro-contingency-generates-explanatory-demand,reply,3,71,67,73,87,75,80,74,assertion/anecdote/authority/speculation carries substantial weight,v4-closed-findings-adapter
75,rasmussen-clifton-contingency-argument-2019,Josh Rasmussen vs Scott Clifton: Is the Contingency Argument Persuasive?,non_theist,con,Scott Clifton,con-supremacy-necessity-circularity,reply,3,88,82,98,87,95,94,90,stronger support,v4-closed-findings-adapter
75,rasmussen-clifton-contingency-argument-2019,Josh Rasmussen vs Scott Clifton: Is the Contingency Argument Persuasive?,theist,pro,Josh Rasmussen,pro-principle-explanation-outside-totality,reply,3,80,72,69,87,85,68,77,material warrant or verification step compressed,v4-closed-findings-adapter
75,rasmussen-clifton-contingency-argument-2019,Josh Rasmussen vs Scott Clifton: Is the Contingency Argument Persuasive?,theist,pro,Josh Rasmussen,pro-brute-contingency-worse-than-necessity,reply,3,79,74,73,87,95,79,80,material warrant or verification step compressed,v4-closed-findings-adapter
75,rasmussen-clifton-contingency-argument-2019,Josh Rasmussen vs Scott Clifton: Is the Contingency Argument Persuasive?,non_theist,con,Scott Clifton,con-independence-with-modal-contingency,reply,3,84,76,73,87,95,92,83,material warrant or verification step compressed,v4-closed-findings-adapter
75,rasmussen-clifton-contingency-argument-2019,Josh Rasmussen vs Scott Clifton: Is the Contingency Argument Persuasive?,theist,pro,Josh Rasmussen,pro-logic-within-foundational-reality,reply,2,72,67,55,86,75,85,71,assertion/anecdote/authority/speculation carries substantial weight,v4-closed-findings-adapter
75,rasmussen-clifton-contingency-argument-2019,Josh Rasmussen vs Scott Clifton: Is the Contingency Argument Persuasive?,non_theist,con,Scott Clifton,con-logic-language-not-ontology,reply,2,84,77,98,87,95,93,88,material warrant or verification step compressed,v4-closed-findings-adapter
75,rasmussen-clifton-contingency-argument-2019,Josh Rasmussen vs Scott Clifton: Is the Contingency Argument Persuasive?,non_theist,con,Scott Clifton,con-abstract-concrete-necessity-gap,reply,3,88,82,98,87,95,94,90,stronger support,v4-closed-findings-adapter
75,rasmussen-clifton-contingency-argument-2019,Josh Rasmussen vs Scott Clifton: Is the Contingency Argument Persuasive?,theist,pro,Josh Rasmussen,pro-conceivability-hidden-contradiction,reply,2,82,77,72,69,95,93,79,material warrant or verification step compressed,v4-closed-findings-adapter
75,rasmussen-clifton-contingency-argument-2019,Josh Rasmussen vs Scott Clifton: Is the Contingency Argument Persuasive?,non_theist,con,Scott Clifton,con-bruteness-does-not-entail-necessity,reply,3,86,80,73,87,95,93,84,stronger support,v4-closed-findings-adapter
75,rasmussen-clifton-contingency-argument-2019,Josh Rasmussen vs Scott Clifton: Is the Contingency Argument Persuasive?,theist,pro,Josh Rasmussen,pro-bruteness-compatible-with-necessity,reply,2,83,74,70,86,95,82,80,material warrant or verification step compressed,v4-closed-findings-adapter
75,rasmussen-clifton-contingency-argument-2019,Josh Rasmussen vs Scott Clifton: Is the Contingency Argument Persuasive?,non_theist,con,Scott Clifton,con-brute-parity-universe-and-god,reply,3,85,78,98,100,95,94,90,material warrant or verification step compressed,v4-closed-findings-adapter
75,rasmussen-clifton-contingency-argument-2019,Josh Rasmussen vs Scott Clifton: Is the Contingency Argument Persuasive?,theist,pro,Josh Rasmussen,pro-robust-foundational-nature,reply,3,80,76,73,99,75,91,81,material warrant or verification step compressed,v4-closed-findings-adapter
76,craig-oppy-mathematics-theism-2020,William Lane Craig vs Graham Oppy: Does Math Point to God?,theist,pro,William Lane Craig,pro-unexpected-applicability-datum,constructive,3,78,71,88,87,75,75,79,material warrant or verification step compressed,v4-closed-findings-adapter
76,craig-oppy-mathematics-theism-2020,William Lane Craig vs Graham Oppy: Does Math Point to God?,non_theist,con,Graham Oppy,con-practical-origins-of-complex-mathematics,reply,2,78,69,73,68,75,82,74,assertion/anecdote/authority/speculation carries substantial weight,v4-closed-findings-adapter
76,craig-oppy-mathematics-theism-2020,William Lane Craig vs Graham Oppy: Does Math Point to God?,theist,pro,William Lane Craig,pro-apriori-mathematical-fruitfulness,reply,2,87,78,98,69,75,82,83,material warrant or verification step compressed,v4-closed-findings-adapter
76,craig-oppy-mathematics-theism-2020,William Lane Craig vs Graham Oppy: Does Math Point to God?,theist,pro,William Lane Craig,pro-causal-disconnection-across-ontologies,reply,2,71,64,55,86,75,68,69,assertion/anecdote/authority/speculation carries substantial weight,v4-closed-findings-adapter
76,craig-oppy-mathematics-theism-2020,William Lane Craig vs Graham Oppy: Does Math Point to God?,non_theist,con,Graham Oppy,con-unknown-true-laws-objection,reply,3,86,78,73,87,95,87,83,material warrant or verification step compressed,v4-closed-findings-adapter
76,craig-oppy-mathematics-theism-2020,William Lane Craig vs Graham Oppy: Does Math Point to God?,theist,pro,William Lane Craig,pro-tested-accuracy-without-final-laws,reply,3,90,78,98,87,95,83,89,material warrant or verification step compressed,v4-closed-findings-adapter
76,craig-oppy-mathematics-theism-2020,William Lane Craig vs Graham Oppy: Does Math Point to God?,non_theist,con,Graham Oppy,con-false-theory-accurate-prediction,reply,3,90,86,99,87,95,93,91,stronger support,v4-closed-findings-adapter
76,craig-oppy-mathematics-theism-2020,William Lane Craig vs Graham Oppy: Does Math Point to God?,theist,pro,William Lane Craig,pro-range-limited-approximate-truth,reply,3,87,81,98,87,95,91,89,stronger support,v4-closed-findings-adapter
76,craig-oppy-mathematics-theism-2020,William Lane Craig vs Graham Oppy: Does Math Point to God?,theist,pro,William Lane Craig,pro-intentional-divine-mathematical-structure,constructive,3,84,68,91,100,95,79,85,assertion/anecdote/authority/speculation carries substantial weight,v4-closed-findings-adapter
76,craig-oppy-mathematics-theism-2020,William Lane Craig vs Graham Oppy: Does Math Point to God?,theist,pro,William Lane Craig,pro-noninstantiable-mathematical-resources,reply,3,77,69,97,99,95,73,84,assertion/anecdote/authority/speculation carries substantial weight,v4-closed-findings-adapter
76,craig-oppy-mathematics-theism-2020,William Lane Craig vs Graham Oppy: Does Math Point to God?,non_theist,con,Graham Oppy,con-noninstantiation-relation-problem,reply,3,91,86,99,87,95,94,92,stronger support,v4-closed-findings-adapter
76,craig-oppy-mathematics-theism-2020,William Lane Craig vs Graham Oppy: Does Math Point to God?,non_theist,con,Graham Oppy,con-failed-predictions-selection-effect,reply,3,84,78,98,87,75,89,86,material warrant or verification step compressed,v4-closed-findings-adapter
76,craig-oppy-mathematics-theism-2020,William Lane Craig vs Graham Oppy: Does Math Point to God?,theist,pro,William Lane Craig,pro-failures-do-not-explain-precision,reply,3,80,72,73,87,95,71,79,material warrant or verification step compressed,v4-closed-findings-adapter
76,craig-oppy-mathematics-theism-2020,William Lane Craig vs Graham Oppy: Does Math Point to God?,non_theist,con,Graham Oppy,con-naturalistic-modal-applicability,reply,3,82,66,74,100,95,79,81,assertion/anecdote/authority/speculation carries substantial weight,v4-closed-findings-adapter
76,craig-oppy-mathematics-theism-2020,William Lane Craig vs Graham Oppy: Does Math Point to God?,theist,pro,William Lane Craig,pro-chaotic-or-absent-world-possibility,reply,3,82,70,98,87,95,89,86,material warrant or verification step compressed,v4-closed-findings-adapter
76,craig-oppy-mathematics-theism-2020,William Lane Craig vs Graham Oppy: Does Math Point to God?,non_theist,con,Graham Oppy,con-total-theory-scope-and-economy,reply,2,85,67,98,69,95,80,82,assertion/anecdote/authority/speculation carries substantial weight,v4-closed-findings-adapter
76,craig-oppy-mathematics-theism-2020,William Lane Craig vs Graham Oppy: Does Math Point to God?,non_theist,con,Graham Oppy,con-divine-choice-necessity-dilemma,reply,3,85,76,99,87,95,80,87,material warrant or verification step compressed,v4-closed-findings-adapter
76,craig-oppy-mathematics-theism-2020,William Lane Craig vs Graham Oppy: Does Math Point to God?,theist,pro,William Lane Craig,pro-free-choice-explanatory-depth,reply,3,70,57,97,87,75,72,76,assertion/anecdote/authority/speculation carries substantial weight,v4-closed-findings-adapter
76,craig-oppy-mathematics-theism-2020,William Lane Craig vs Graham Oppy: Does Math Point to God?,theist,pro,William Lane Craig,pro-necessity-restates-explanandum,reply,3,69,66,73,87,85,61,73,assertion/anecdote/authority/speculation carries substantial weight,v4-closed-findings-adapter
76,craig-oppy-mathematics-theism-2020,William Lane Craig vs Graham Oppy: Does Math Point to God?,non_theist,con,Graham Oppy,con-denial-of-brute-contingency,reply,3,80,62,72,99,95,71,78,assertion/anecdote/authority/speculation carries substantial weight,v4-closed-findings-adapter
77,feser-oppy-arguments-for-god-2020,Ed Feser vs Graham Oppy: Are There Any Good Arguments for God?,theist,pro,Ed Feser,pro-detailed-argument-scrutiny,constructive,2,88,80,84,69,95,93,84,stronger support,v4-closed-findings-adapter
77,feser-oppy-arguments-for-god-2020,Ed Feser vs Graham Oppy: Are There Any Good Arguments for God?,non_theist,con,Graham Oppy,con-argument-reveals-unnoticed-consequences,constructive,3,85,74,89,87,95,68,83,material warrant or verification step compressed,v4-closed-findings-adapter
77,feser-oppy-arguments-for-god-2020,Ed Feser vs Graham Oppy: Are There Any Good Arguments for God?,non_theist,con,Graham Oppy,con-global-theoretical-virtue-comparison,reply,3,80,75,95,87,85,85,84,material warrant or verification step compressed,v4-closed-findings-adapter
77,feser-oppy-arguments-for-god-2020,Ed Feser vs Graham Oppy: Are There Any Good Arguments for God?,theist,pro,Ed Feser,pro-audience-relative-rational-force,reply,3,90,84,98,87,95,94,91,stronger support,v4-closed-findings-adapter
77,feser-oppy-arguments-for-god-2020,Ed Feser vs Graham Oppy: Are There Any Good Arguments for God?,theist,pro,Ed Feser,pro-value-of-formal-reconstruction,reply,2,93,85,99,87,95,95,92,stronger support,v4-closed-findings-adapter
77,feser-oppy-arguments-for-god-2020,Ed Feser vs Graham Oppy: Are There Any Good Arguments for God?,non_theist,con,Graham Oppy,con-strongest-naturalist-audience-standard,reply,2,75,68,96,69,75,72,77,assertion/anecdote/authority/speculation carries substantial weight,v4-closed-findings-adapter
77,feser-oppy-arguments-for-god-2020,Ed Feser vs Graham Oppy: Are There Any Good Arguments for God?,non_theist,con,Graham Oppy,con-disputed-claims-before-formal-properties,constructive,2,84,76,84,87,95,81,84,material warrant or verification step compressed,v4-closed-findings-adapter
77,feser-oppy-arguments-for-god-2020,Ed Feser vs Graham Oppy: Are There Any Good Arguments for God?,theist,pro,Ed Feser,pro-persistence-restates-actuality,reply,3,69,61,96,69,95,62,75,assertion/anecdote/authority/speculation carries substantial weight,v4-closed-findings-adapter
77,feser-oppy-arguments-for-god-2020,Ed Feser vs Graham Oppy: Are There Any Good Arguments for God?,theist,pro,Ed Feser,pro-precise-actuality-principle,reply,3,93,80,99,87,95,95,91,stronger support,v4-closed-findings-adapter
77,feser-oppy-arguments-for-god-2020,Ed Feser vs Graham Oppy: Are There Any Good Arguments for God?,non_theist,con,Graham Oppy,con-universe-potential-without-actualizer,reply,3,67,57,98,87,95,61,76,assertion/anecdote/authority/speculation carries substantial weight,v4-closed-findings-adapter
77,feser-oppy-arguments-for-god-2020,Ed Feser vs Graham Oppy: Are There Any Good Arguments for God?,non_theist,con,Graham Oppy,con-persistence-by-nonintervention,reply,3,78,71,99,87,95,74,83,material warrant or verification step compressed,v4-closed-findings-adapter
77,feser-oppy-arguments-for-god-2020,Ed Feser vs Graham Oppy: Are There Any Good Arguments for God?,theist,pro,Ed Feser,pro-contemporaneous-structural-ground,reply,3,82,79,99,87,95,81,87,material warrant or verification step compressed,v4-closed-findings-adapter
77,feser-oppy-arguments-for-god-2020,Ed Feser vs Graham Oppy: Are There Any Good Arguments for God?,non_theist,con,Graham Oppy,con-coordinated-microstructural-persistence,reply,3,73,71,97,87,95,70,81,material warrant or verification step compressed,v4-closed-findings-adapter
77,feser-oppy-arguments-for-god-2020,Ed Feser vs Graham Oppy: Are There Any Good Arguments for God?,theist,pro,Ed Feser,pro-redness-microstructure-dependence,reply,3,88,83,99,87,95,88,90,stronger support,v4-closed-findings-adapter
77,feser-oppy-arguments-for-god-2020,Ed Feser vs Graham Oppy: Are There Any Good Arguments for God?,non_theist,con,Graham Oppy,con-joint-realization-of-property-potentials,reply,3,74,66,97,87,85,76,80,assertion/anecdote/authority/speculation carries substantial weight,v4-closed-findings-adapter
77,feser-oppy-arguments-for-god-2020,Ed Feser vs Graham Oppy: Are There Any Good Arguments for God?,non_theist,con,Graham Oppy,con-ultimate-physical-constitutional-bottom,reply,3,74,58,97,87,95,81,80,assertion/anecdote/authority/speculation carries substantial weight,v4-closed-findings-adapter
77,feser-oppy-arguments-for-god-2020,Ed Feser vs Graham Oppy: Are There Any Good Arguments for God?,theist,pro,Ed Feser,pro-purely-actual-divine-terminus,reply,3,80,70,98,100,95,82,86,material warrant or verification step compressed,v4-closed-findings-adapter
77,feser-oppy-arguments-for-god-2020,Ed Feser vs Graham Oppy: Are There Any Good Arguments for God?,non_theist,con,Graham Oppy,con-physical-simples-or-quantum-field,reply,3,71,60,97,99,95,79,81,assertion/anecdote/authority/speculation carries substantial weight,v4-closed-findings-adapter
78,albrecht-oppy-resurrection-ancient-christianity-2023,William Albrecht vs Graham Oppy: Resurrection and Ancient Christianity,theist,pro,William Albrecht,pro-paul-early-bodily-resurrection,constructive,3,83,76,82,87,95,85,83,material warrant or verification step compressed,v4-closed-findings-adapter
78,albrecht-oppy-resurrection-ancient-christianity-2023,William Albrecht vs Graham Oppy: Resurrection and Ancient Christianity,non_theist,con,Graham Oppy,con-pauline-vision-underdetermination,reply,3,87,74,99,87,95,90,88,material warrant or verification step compressed,v4-closed-findings-adapter
78,albrecht-oppy-resurrection-ancient-christianity-2023,William Albrecht vs Graham Oppy: Resurrection and Ancient Christianity,theist,pro,William Albrecht,pro-paul-transformed-tangible-body,reply,3,80,71,98,87,75,70,81,material warrant or verification step compressed,v4-closed-findings-adapter
78,albrecht-oppy-resurrection-ancient-christianity-2023,William Albrecht vs Graham Oppy: Resurrection and Ancient Christianity,non_theist,con,Graham Oppy,con-pauline-secondhand-witness-reports,reply,3,86,78,98,87,95,91,88,material warrant or verification step compressed,v4-closed-findings-adapter
78,albrecht-oppy-resurrection-ancient-christianity-2023,William Albrecht vs Graham Oppy: Resurrection and Ancient Christianity,non_theist,con,Graham Oppy,con-unavailable-source-copying-uncertainty,reply,2,83,74,55,87,75,85,76,material warrant or verification step compressed,v4-closed-findings-adapter
78,albrecht-oppy-resurrection-ancient-christianity-2023,William Albrecht vs Graham Oppy: Resurrection and Ancient Christianity,non_theist,con,Graham Oppy,con-gospel-compositional-delay-and-sources,reply,3,88,79,56,87,95,92,81,material warrant or verification step compressed,v4-closed-findings-adapter
78,albrecht-oppy-resurrection-ancient-christianity-2023,William Albrecht vs Graham Oppy: Resurrection and Ancient Christianity,theist,pro,William Albrecht,pro-gospel-patristic-source-convergence,reply,3,62,58,54,87,75,61,65,assertion/anecdote/authority/speculation carries substantial weight,v4-closed-findings-adapter
78,albrecht-oppy-resurrection-ancient-christianity-2023,William Albrecht vs Graham Oppy: Resurrection and Ancient Christianity,non_theist,con,Graham Oppy,con-preconciliar-christian-plurality,reply,3,71,61,98,87,75,70,77,assertion/anecdote/authority/speculation carries substantial weight,v4-closed-findings-adapter
78,albrecht-oppy-resurrection-ancient-christianity-2023,William Albrecht vs Graham Oppy: Resurrection and Ancient Christianity,non_theist,con,Graham Oppy,con-winner-preservation-bias,reply,3,84,69,98,87,95,90,86,assertion/anecdote/authority/speculation carries substantial weight,v4-closed-findings-adapter
78,albrecht-oppy-resurrection-ancient-christianity-2023,William Albrecht vs Graham Oppy: Resurrection and Ancient Christianity,non_theist,con,Graham Oppy,con-selective-hostile-source-survival,reply,2,84,63,98,86,75,91,83,assertion/anecdote/authority/speculation carries substantial weight,v4-closed-findings-adapter
78,albrecht-oppy-resurrection-ancient-christianity-2023,William Albrecht vs Graham Oppy: Resurrection and Ancient Christianity,theist,pro,William Albrecht,pro-limited-spread-does-not-defeat-identification,reply,3,74,65,71,87,75,65,73,assertion/anecdote/authority/speculation carries substantial weight,v4-closed-findings-adapter
78,albrecht-oppy-resurrection-ancient-christianity-2023,William Albrecht vs Graham Oppy: Resurrection and Ancient Christianity,non_theist,con,Graham Oppy,con-jewish-sect-and-syrian-divergence,reply,2,73,60,95,68,75,85,75,assertion/anecdote/authority/speculation carries substantial weight,v4-closed-findings-adapter
78,albrecht-oppy-resurrection-ancient-christianity-2023,William Albrecht vs Graham Oppy: Resurrection and Ancient Christianity,theist,pro,William Albrecht,pro-syriac-roman-substantive-convergence,reply,2,82,73,98,69,75,77,80,material warrant or verification step compressed,v4-closed-findings-adapter
78,albrecht-oppy-resurrection-ancient-christianity-2023,William Albrecht vs Graham Oppy: Resurrection and Ancient Christianity,theist,pro,William Albrecht,pro-apostolic-church-shared-core,reply,3,85,76,98,86,95,90,87,material warrant or verification step compressed,v4-closed-findings-adapter
78,albrecht-oppy-resurrection-ancient-christianity-2023,William Albrecht vs Graham Oppy: Resurrection and Ancient Christianity,theist,pro,William Albrecht,pro-reform-versus-doctrinal-departure,reply,2,73,68,54,68,75,71,67,assertion/anecdote/authority/speculation carries substantial weight,v4-closed-findings-adapter
78,albrecht-oppy-resurrection-ancient-christianity-2023,William Albrecht vs Graham Oppy: Resurrection and Ancient Christianity,theist,pro,William Albrecht,pro-catholic-orthodox-theological-compatibility,reply,2,78,68,97,68,75,75,78,assertion/anecdote/authority/speculation carries substantial weight,v4-closed-findings-adapter
78,albrecht-oppy-resurrection-ancient-christianity-2023,William Albrecht vs Graham Oppy: Resurrection and Ancient Christianity,non_theist,con,Graham Oppy,con-protestant-branches-and-individuation,reply,2,87,76,98,69,95,92,86,material warrant or verification step compressed,v4-closed-findings-adapter
79,swinburne-oppy-theism-probability-2022,Richard Swinburne vs Graham Oppy: Is Theism Probable?,theist,pro,Richard Swinburne,pro-method-predictive-fit-simplicity,constructive,3,85,77,87,69,95,75,81,material warrant or verification step compressed,v4-closed-findings-adapter
79,swinburne-oppy-theism-probability-2022,Richard Swinburne vs Graham Oppy: Is Theism Probable?,theist,pro,Richard Swinburne,pro-divine-reason-moral-agents,constructive,3,81,72,85,87,85,80,81,material warrant or verification step compressed,v4-closed-findings-adapter
79,swinburne-oppy-theism-probability-2022,Richard Swinburne vs Graham Oppy: Is Theism Probable?,theist,pro,Richard Swinburne,pro-uniform-life-permitting-laws,constructive,3,73,63,84,87,75,68,75,assertion/anecdote/authority/speculation carries substantial weight,v4-closed-findings-adapter
79,swinburne-oppy-theism-probability-2022,Richard Swinburne vs Graham Oppy: Is Theism Probable?,theist,pro,Richard Swinburne,pro-divine-unlimited-power-simplicity,constructive,3,73,64,85,87,85,68,76,assertion/anecdote/authority/speculation carries substantial weight,v4-closed-findings-adapter
79,swinburne-oppy-theism-probability-2022,Richard Swinburne vs Graham Oppy: Is Theism Probable?,non_theist,con,Graham Oppy,con-bayesian-odds-detailed-rivals,reply,3,91,84,98,69,95,93,88,stronger support,v4-closed-findings-adapter
79,swinburne-oppy-theism-probability-2022,Richard Swinburne vs Graham Oppy: Is Theism Probable?,non_theist,con,Graham Oppy,con-simple-dispositional-initial-state,reply,3,81,70,97,87,75,91,83,material warrant or verification step compressed,v4-closed-findings-adapter
79,swinburne-oppy-theism-probability-2022,Richard Swinburne vs Graham Oppy: Is Theism Probable?,theist,pro,Richard Swinburne,pro-specific-naturalistic-powers,reply,3,83,74,98,87,85,80,85,material warrant or verification step compressed,v4-closed-findings-adapter
79,swinburne-oppy-theism-probability-2022,Richard Swinburne vs Graham Oppy: Is Theism Probable?,non_theist,con,Graham Oppy,con-necessary-initial-state-and-laws,reply,3,73,62,96,69,95,70,77,assertion/anecdote/authority/speculation carries substantial weight,v4-closed-findings-adapter
79,swinburne-oppy-theism-probability-2022,Richard Swinburne vs Graham Oppy: Is Theism Probable?,non_theist,con,Graham Oppy,con-anthropocentric-selection-objection,reply,3,80,74,98,87,95,85,85,material warrant or verification step compressed,v4-closed-findings-adapter
79,swinburne-oppy-theism-probability-2022,Richard Swinburne vs Graham Oppy: Is Theism Probable?,non_theist,con,Graham Oppy,con-simple-mind-brain-identity,reply,3,83,68,97,87,95,89,85,assertion/anecdote/authority/speculation carries substantial weight,v4-closed-findings-adapter
79,swinburne-oppy-theism-probability-2022,Richard Swinburne vs Graham Oppy: Is Theism Probable?,theist,pro,Richard Swinburne,pro-privileged-access-consciousness,reply,3,73,70,99,87,95,72,82,material warrant or verification step compressed,v4-closed-findings-adapter
79,swinburne-oppy-theism-probability-2022,Richard Swinburne vs Graham Oppy: Is Theism Probable?,non_theist,con,Graham Oppy,con-nonphysicalist-natural-emergence,reply,3,84,65,97,87,75,92,83,assertion/anecdote/authority/speculation carries substantial weight,v4-closed-findings-adapter
79,swinburne-oppy-theism-probability-2022,Richard Swinburne vs Graham Oppy: Is Theism Probable?,theist,pro,Richard Swinburne,pro-general-prediction-embodied-agents,reply,3,83,75,98,87,95,79,86,material warrant or verification step compressed,v4-closed-findings-adapter
79,swinburne-oppy-theism-probability-2022,Richard Swinburne vs Graham Oppy: Is Theism Probable?,non_theist,con,Graham Oppy,con-qualitative-bayesian-dominance,reply,3,92,84,98,69,95,93,89,stronger support,v4-closed-findings-adapter
79,swinburne-oppy-theism-probability-2022,Richard Swinburne vs Graham Oppy: Is Theism Probable?,theist,pro,Richard Swinburne,pro-conceivability-logical-modality,reply,2,69,60,98,68,75,65,73,assertion/anecdote/authority/speculation carries substantial weight,v4-closed-findings-adapter
79,swinburne-oppy-theism-probability-2022,Richard Swinburne vs Graham Oppy: Is Theism Probable?,non_theist,con,Graham Oppy,con-metaphysical-not-doxastic-modality,reply,2,88,81,99,69,95,80,86,stronger support,v4-closed-findings-adapter
79,swinburne-oppy-theism-probability-2022,Richard Swinburne vs Graham Oppy: Is Theism Probable?,theist,pro,Richard Swinburne,pro-ontologically-necessary-ultimate,reply,2,66,61,98,69,75,71,73,assertion/anecdote/authority/speculation carries substantial weight,v4-closed-findings-adapter
79,swinburne-oppy-theism-probability-2022,Richard Swinburne vs Graham Oppy: Is Theism Probable?,non_theist,con,Graham Oppy,con-modal-terminology-convergence,reply,1,88,81,98,68,95,91,87,stronger support,v4-closed-findings-adapter
80,rasmussen-schmid-argument-from-limits-2023,Josh Rasmussen vs Joe Schmid: The Argument from Limits,theist,pro,Josh Rasmussen,pro-reduce-foundational-arbitrariness,constructive,3,80,72,90,87,75,85,81,material warrant or verification step compressed,v4-closed-findings-adapter
80,rasmussen-schmid-argument-from-limits-2023,Josh Rasmussen vs Joe Schmid: The Argument from Limits,theist,pro,Josh Rasmussen,pro-foundation-to-relevant-perfection,constructive,3,77,70,90,100,75,85,82,material warrant or verification step compressed,v4-closed-findings-adapter
80,rasmussen-schmid-argument-from-limits-2023,Josh Rasmussen vs Joe Schmid: The Argument from Limits,non_theist,con,Joe Schmid,con-holistic-theory-comparison,reply,3,89,82,98,100,95,94,92,stronger support,v4-closed-findings-adapter
80,rasmussen-schmid-argument-from-limits-2023,Josh Rasmussen vs Joe Schmid: The Argument from Limits,theist,pro,Josh Rasmussen,pro-limits-as-comparative-theoretical-cost,reply,2,92,84,99,69,95,95,89,stronger support,v4-closed-findings-adapter
80,rasmussen-schmid-argument-from-limits-2023,Josh Rasmussen vs Joe Schmid: The Argument from Limits,theist,pro,Josh Rasmussen,pro-irrelevant-differences-demand-explanation,reply,3,80,74,94,87,75,75,82,material warrant or verification step compressed,v4-closed-findings-adapter
80,rasmussen-schmid-argument-from-limits-2023,Josh Rasmussen vs Joe Schmid: The Argument from Limits,non_theist,con,Joe Schmid,con-defeasible-explanatory-default,reply,3,87,78,98,87,95,91,89,material warrant or verification step compressed,v4-closed-findings-adapter
80,rasmussen-schmid-argument-from-limits-2023,Josh Rasmussen vs Joe Schmid: The Argument from Limits,non_theist,con,Joe Schmid,con-rival-causal-principle-symmetry,reply,3,87,80,98,87,95,91,89,stronger support,v4-closed-findings-adapter
80,rasmussen-schmid-argument-from-limits-2023,Josh Rasmussen vs Joe Schmid: The Argument from Limits,theist,pro,Josh Rasmussen,pro-symmetry-breaker-burden,reply,3,93,86,98,87,95,95,92,stronger support,v4-closed-findings-adapter
80,rasmussen-schmid-argument-from-limits-2023,Josh Rasmussen vs Joe Schmid: The Argument from Limits,non_theist,con,Joe Schmid,con-axiologically-neutral-foundation,reply,3,89,80,99,87,95,91,90,stronger support,v4-closed-findings-adapter
80,rasmussen-schmid-argument-from-limits-2023,Josh Rasmussen vs Joe Schmid: The Argument from Limits,theist,pro,Josh Rasmussen,pro-mentality-and-value-producing-power,reply,3,75,69,95,87,75,88,81,assertion/anecdote/authority/speculation carries substantial weight,v4-closed-findings-adapter
80,rasmussen-schmid-argument-from-limits-2023,Josh Rasmussen vs Joe Schmid: The Argument from Limits,non_theist,con,Joe Schmid,con-independent-mindedness-gap,reply,3,94,87,99,100,95,95,95,stronger support,v4-closed-findings-adapter
80,rasmussen-schmid-argument-from-limits-2023,Josh Rasmussen vs Joe Schmid: The Argument from Limits,theist,pro,Josh Rasmussen,pro-value-entailing-ground,reply,3,69,66,96,87,75,85,79,assertion/anecdote/authority/speculation carries substantial weight,v4-closed-findings-adapter
80,rasmussen-schmid-argument-from-limits-2023,Josh Rasmussen vs Joe Schmid: The Argument from Limits,non_theist,con,Joe Schmid,con-necessary-condition-not-valuable,reply,3,91,85,99,87,95,89,91,stronger support,v4-closed-findings-adapter
80,rasmussen-schmid-argument-from-limits-2023,Josh Rasmussen vs Joe Schmid: The Argument from Limits,non_theist,con,Joe Schmid,con-necessary-nonmaximal-limit,reply,3,88,81,98,87,95,92,90,stronger support,v4-closed-findings-adapter
80,rasmussen-schmid-argument-from-limits-2023,Josh Rasmussen vs Joe Schmid: The Argument from Limits,theist,pro,Josh Rasmussen,pro-strong-ground-inherits-arbitrariness,reply,3,84,77,98,87,95,92,88,material warrant or verification step compressed,v4-closed-findings-adapter
80,rasmussen-schmid-argument-from-limits-2023,Josh Rasmussen vs Joe Schmid: The Argument from Limits,non_theist,con,Joe Schmid,con-arbitrariness-inheritance-scope,reply,3,86,79,98,69,95,93,86,material warrant or verification step compressed,v4-closed-findings-adapter
80,rasmussen-schmid-argument-from-limits-2023,Josh Rasmussen vs Joe Schmid: The Argument from Limits,theist,pro,Josh Rasmussen,pro-necessitating-grounding-creative-distinction,reply,3,88,76,98,69,95,92,86,material warrant or verification step compressed,v4-closed-findings-adapter
80,rasmussen-schmid-argument-from-limits-2023,Josh Rasmussen vs Joe Schmid: The Argument from Limits,non_theist,con,Joe Schmid,con-divine-simplicity-model-cost,reply,2,85,78,97,69,95,91,85,material warrant or verification step compressed,v4-closed-findings-adapter
80,rasmussen-schmid-argument-from-limits-2023,Josh Rasmussen vs Joe Schmid: The Argument from Limits,theist,pro,Josh Rasmussen,pro-triadic-godlike-perfection,constructive,3,78,72,92,100,95,75,84,material warrant or verification step compressed,v4-closed-findings-adapter
81,rasmussen-oppy-ultimate-reality-naturalism-2020,"Josh Rasmussen vs Graham Oppy: Theism, Naturalism, and Ultimate Reality",non_theist,con,Graham Oppy,con-whole-worldview-evaluative-method,constructive,2,88,79,88,69,95,85,84,material warrant or verification step compressed,v4-closed-findings-adapter
81,rasmussen-oppy-ultimate-reality-naturalism-2020,"Josh Rasmussen vs Graham Oppy: Theism, Naturalism, and Ultimate Reality",theist,pro,Josh Rasmussen,pro-foundational-primitive-comparison,reply,2,84,76,95,68,85,90,83,material warrant or verification step compressed,v4-closed-findings-adapter
81,rasmussen-oppy-ultimate-reality-naturalism-2020,"Josh Rasmussen vs Graham Oppy: Theism, Naturalism, and Ultimate Reality",theist,pro,Josh Rasmussen,pro-universal-natural-category,constructive,1,73,66,79,67,75,85,73,assertion/anecdote/authority/speculation carries substantial weight,v4-closed-findings-adapter
81,rasmussen-oppy-ultimate-reality-naturalism-2020,"Josh Rasmussen vs Graham Oppy: Theism, Naturalism, and Ultimate Reality",non_theist,con,Graham Oppy,con-historical-natural-category,reply,1,85,71,98,68,95,79,83,material warrant or verification step compressed,v4-closed-findings-adapter
81,rasmussen-oppy-ultimate-reality-naturalism-2020,"Josh Rasmussen vs Graham Oppy: Theism, Naturalism, and Ultimate Reality",theist,pro,Josh Rasmussen,pro-concrete-category-continuity,reply,1,81,72,97,68,75,92,81,material warrant or verification step compressed,v4-closed-findings-adapter
81,rasmussen-oppy-ultimate-reality-naturalism-2020,"Josh Rasmussen vs Graham Oppy: Theism, Naturalism, and Ultimate Reality",non_theist,con,Graham Oppy,con-necessary-physical-continuity,reply,1,81,69,57,68,75,85,72,assertion/anecdote/authority/speculation carries substantial weight,v4-closed-findings-adapter
81,rasmussen-oppy-ultimate-reality-naturalism-2020,"Josh Rasmussen vs Graham Oppy: Theism, Naturalism, and Ultimate Reality",theist,pro,Josh Rasmussen,pro-arbitrary-limits-complexity,reply,3,75,70,55,87,75,85,73,material warrant or verification step compressed,v4-closed-findings-adapter
81,rasmussen-oppy-ultimate-reality-naturalism-2020,"Josh Rasmussen vs Graham Oppy: Theism, Naturalism, and Ultimate Reality",non_theist,con,Graham Oppy,con-mentality-adds-structure,reply,3,91,85,99,87,95,93,91,stronger support,v4-closed-findings-adapter
81,rasmussen-oppy-ultimate-reality-naturalism-2020,"Josh Rasmussen vs Graham Oppy: Theism, Naturalism, and Ultimate Reality",theist,pro,Josh Rasmussen,pro-supreme-value-from-unlimitedness,reply,3,67,60,95,87,75,72,76,assertion/anecdote/authority/speculation carries substantial weight,v4-closed-findings-adapter
81,rasmussen-oppy-ultimate-reality-naturalism-2020,"Josh Rasmussen vs Graham Oppy: Theism, Naturalism, and Ultimate Reality",non_theist,con,Graham Oppy,con-necessity-stopping-point,reply,3,77,70,96,87,75,86,82,material warrant or verification step compressed,v4-closed-findings-adapter
81,rasmussen-oppy-ultimate-reality-naturalism-2020,"Josh Rasmussen vs Graham Oppy: Theism, Naturalism, and Ultimate Reality",theist,pro,Josh Rasmussen,pro-necessity-does-not-end-explanation,reply,3,83,76,99,87,75,82,85,material warrant or verification step compressed,v4-closed-findings-adapter
81,rasmussen-oppy-ultimate-reality-naturalism-2020,"Josh Rasmussen vs Graham Oppy: Theism, Naturalism, and Ultimate Reality",non_theist,con,Graham Oppy,con-independent-necessary-domains,constructive,3,82,70,82,87,95,85,82,material warrant or verification step compressed,v4-closed-findings-adapter
81,rasmussen-oppy-ultimate-reality-naturalism-2020,"Josh Rasmussen vs Graham Oppy: Theism, Naturalism, and Ultimate Reality",theist,pro,Josh Rasmussen,pro-unified-basis-for-necessary-truths,reply,3,79,74,98,87,75,82,83,material warrant or verification step compressed,v4-closed-findings-adapter
81,rasmussen-oppy-ultimate-reality-naturalism-2020,"Josh Rasmussen vs Graham Oppy: Theism, Naturalism, and Ultimate Reality",non_theist,con,Graham Oppy,con-zero-consciousness-not-arbitrary,reply,3,83,75,98,87,75,81,84,material warrant or verification step compressed,v4-closed-findings-adapter
81,rasmussen-oppy-ultimate-reality-naturalism-2020,"Josh Rasmussen vs Graham Oppy: Theism, Naturalism, and Ultimate Reality",theist,pro,Josh Rasmussen,pro-introspective-mind-irreducibility,constructive,3,73,67,84,87,75,75,77,assertion/anecdote/authority/speculation carries substantial weight,v4-closed-findings-adapter
81,rasmussen-oppy-ultimate-reality-naturalism-2020,"Josh Rasmussen vs Graham Oppy: Theism, Naturalism, and Ultimate Reality",non_theist,con,Graham Oppy,con-neural-identity-account,reply,3,91,84,99,87,95,93,91,stronger support,v4-closed-findings-adapter
81,rasmussen-oppy-ultimate-reality-naturalism-2020,"Josh Rasmussen vs Graham Oppy: Theism, Naturalism, and Ultimate Reality",non_theist,con,Graham Oppy,con-content-processing-distinction,reply,3,82,73,97,87,75,78,83,material warrant or verification step compressed,v4-closed-findings-adapter
81,rasmussen-oppy-ultimate-reality-naturalism-2020,"Josh Rasmussen vs Graham Oppy: Theism, Naturalism, and Ultimate Reality",theist,pro,Josh Rasmussen,pro-token-without-type-identity,reply,3,86,77,98,87,95,92,88,material warrant or verification step compressed,v4-closed-findings-adapter
81,rasmussen-oppy-ultimate-reality-naturalism-2020,"Josh Rasmussen vs Graham Oppy: Theism, Naturalism, and Ultimate Reality",non_theist,con,Graham Oppy,con-complete-worldview-comparison,constructive,2,90,82,89,69,95,85,85,stronger support,v4-closed-findings-adapter
81,rasmussen-oppy-ultimate-reality-naturalism-2020,"Josh Rasmussen vs Graham Oppy: Theism, Naturalism, and Ultimate Reality",theist,pro,Josh Rasmussen,pro-focused-property-comparison,reply,2,93,84,99,69,95,95,89,stronger support,v4-closed-findings-adapter
83,loke-oppy-kalam-causal-principle-2020,Andrew Loke vs Graham Oppy: Is the Kalam Sound?,theist,pro,Andrew Loke,pro-first-cause-01,constructive,3,85,74,81,87,95,85,83,material warrant or verification step compressed,v4-closed-findings-adapter
83,loke-oppy-kalam-causal-principle-2020,Andrew Loke vs Graham Oppy: Is the Kalam Sound?,theist,pro,Andrew Loke,pro-beginningless-01,constructive,3,78,71,85,87,75,75,79,material warrant or verification step compressed,v4-closed-findings-adapter
83,loke-oppy-kalam-causal-principle-2020,Andrew Loke vs Graham Oppy: Is the Kalam Sound?,theist,pro,Andrew Loke,pro-personhood-01,constructive,3,66,58,77,86,75,68,71,assertion/anecdote/authority/speculation carries substantial weight,v4-closed-findings-adapter
83,loke-oppy-kalam-causal-principle-2020,Andrew Loke vs Graham Oppy: Is the Kalam Sound?,theist,pro,Andrew Loke,pro-personhood-02,constructive,3,65,60,79,100,75,68,73,assertion/anecdote/authority/speculation carries substantial weight,v4-closed-findings-adapter
83,loke-oppy-kalam-causal-principle-2020,Andrew Loke vs Graham Oppy: Is the Kalam Sound?,non_theist,con,Graham Oppy,con-loop-transitivity-objection,reply,2,90,83,98,87,95,92,90,stronger support,v4-closed-findings-adapter
83,loke-oppy-kalam-causal-principle-2020,Andrew Loke vs Graham Oppy: Is the Kalam Sound?,theist,pro,Andrew Loke,pro-first-cause-02,reply,2,75,69,97,69,75,78,78,assertion/anecdote/authority/speculation carries substantial weight,v4-closed-findings-adapter
83,loke-oppy-kalam-causal-principle-2020,Andrew Loke vs Graham Oppy: Is the Kalam Sound?,non_theist,con,Graham Oppy,con-first-cause-nonuniqueness,reply,2,96,92,99,86,95,95,94,stronger support,v4-closed-findings-adapter
83,loke-oppy-kalam-causal-principle-2020,Andrew Loke vs Graham Oppy: Is the Kalam Sound?,non_theist,con,Graham Oppy,con-necessary-initial-natural-state,constructive,3,82,70,88,87,95,75,82,material warrant or verification step compressed,v4-closed-findings-adapter
83,loke-oppy-kalam-causal-principle-2020,Andrew Loke vs Graham Oppy: Is the Kalam Sound?,theist,pro,Andrew Loke,pro-causal-principle-01,reply,3,62,58,72,87,75,61,68,assertion/anecdote/authority/speculation carries substantial weight,v4-closed-findings-adapter
83,loke-oppy-kalam-causal-principle-2020,Andrew Loke vs Graham Oppy: Is the Kalam Sound?,non_theist,con,Graham Oppy,con-no-uncaused-proliferation,reply,3,86,74,98,87,95,80,86,material warrant or verification step compressed,v4-closed-findings-adapter
83,loke-oppy-kalam-causal-principle-2020,Andrew Loke vs Graham Oppy: Is the Kalam Sound?,theist,pro,Andrew Loke,pro-modality-01,reply,3,56,54,72,87,75,58,66,assertion/anecdote/authority/speculation carries substantial weight,v4-closed-findings-adapter
83,loke-oppy-kalam-causal-principle-2020,Andrew Loke vs Graham Oppy: Is the Kalam Sound?,theist,pro,Andrew Loke,pro-beginningless-02,reply,3,77,70,56,86,75,75,72,material warrant or verification step compressed,v4-closed-findings-adapter
83,loke-oppy-kalam-causal-principle-2020,Andrew Loke vs Graham Oppy: Is the Kalam Sound?,non_theist,con,Graham Oppy,con-changeless-duration-dilemma,reply,3,62,59,98,87,75,59,73,assertion/anecdote/authority/speculation carries substantial weight,v4-closed-findings-adapter
83,loke-oppy-kalam-causal-principle-2020,Andrew Loke vs Graham Oppy: Is the Kalam Sound?,non_theist,con,Graham Oppy,con-naturalist-explanatory-economy,reply,3,84,75,98,100,85,80,87,material warrant or verification step compressed,v4-closed-findings-adapter
83,loke-oppy-kalam-causal-principle-2020,Andrew Loke vs Graham Oppy: Is the Kalam Sound?,theist,pro,Andrew Loke,pro-causal-principle-02,reply,3,63,60,98,87,75,60,74,assertion/anecdote/authority/speculation carries substantial weight,v4-closed-findings-adapter
83,loke-oppy-kalam-causal-principle-2020,Andrew Loke vs Graham Oppy: Is the Kalam Sound?,non_theist,con,Graham Oppy,con-shared-initial-history-modality,constructive,3,86,75,86,87,95,85,85,material warrant or verification step compressed,v4-closed-findings-adapter
83,loke-oppy-kalam-causal-principle-2020,Andrew Loke vs Graham Oppy: Is the Kalam Sound?,non_theist,con,Graham Oppy,con-consistency-possibility-distinction,reply,3,95,88,99,69,95,93,90,stronger support,v4-closed-findings-adapter
83,loke-oppy-kalam-causal-principle-2020,Andrew Loke vs Graham Oppy: Is the Kalam Sound?,theist,pro,Andrew Loke,pro-modality-02,reply,2,72,66,98,85,75,76,79,assertion/anecdote/authority/speculation carries substantial weight,v4-closed-findings-adapter
83,loke-oppy-kalam-causal-principle-2020,Andrew Loke vs Graham Oppy: Is the Kalam Sound?,non_theist,con,Graham Oppy,con-initial-instant-event,reply,3,84,74,98,87,75,91,85,material warrant or verification step compressed,v4-closed-findings-adapter
83,loke-oppy-kalam-causal-principle-2020,Andrew Loke vs Graham Oppy: Is the Kalam Sound?,non_theist,con,Graham Oppy,con-universe-internal-first-cause-parity,reply,3,90,80,98,100,95,94,92,stronger support,v4-closed-findings-adapter
85,atkins-fox-god-science-future-humanity-2024,Peter Atkins vs Keith Fox: God vs Science Debate,non_theist,pro,Peter Atkins,pro-public-evidence-and-scientific-scope,constructive,3,60,46,85,100,60,35,66,effectively unsupported,v4-closed-findings-adapter
85,atkins-fox-god-science-future-humanity-2024,Peter Atkins vs Keith Fox: God vs Science Debate,theist,con,Keith Fox,con-scope-material-explanation,reply,3,85,73,99,87,95,91,87,material warrant or verification step compressed,v4-closed-findings-adapter
85,atkins-fox-god-science-future-humanity-2024,Peter Atkins vs Keith Fox: God vs Science Debate,theist,con,Keith Fox,con-mechanism-compatible-with-creator,reply,3,88,74,98,87,95,79,87,material warrant or verification step compressed,v4-closed-findings-adapter
85,atkins-fox-god-science-future-humanity-2024,Peter Atkins vs Keith Fox: God vs Science Debate,theist,con,Keith Fox,con-evolutionary-is-not-moral-ought,reply,3,93,86,99,87,95,94,92,stronger support,v4-closed-findings-adapter
85,atkins-fox-god-science-future-humanity-2024,Peter Atkins vs Keith Fox: God vs Science Debate,theist,con,Keith Fox,con-resurrection-historical-case,reply,2,78,69,73,69,85,82,75,assertion/anecdote/authority/speculation carries substantial weight,v4-closed-findings-adapter
85,atkins-fox-god-science-future-humanity-2024,Peter Atkins vs Keith Fox: God vs Science Debate,theist,con,Keith Fox,con-relational-personhood-beyond-ai,constructive,3,74,60,80,87,75,75,75,assertion/anecdote/authority/speculation carries substantial weight,v4-closed-findings-adapter
85,atkins-fox-god-science-future-humanity-2024,Peter Atkins vs Keith Fox: God vs Science Debate,non_theist,pro,Peter Atkins,pro-humans-machines-and-ai-species,reply,3,70,55,71,87,75,60,69,assertion/anecdote/authority/speculation carries substantial weight,v4-closed-findings-adapter
85,atkins-fox-god-science-future-humanity-2024,Peter Atkins vs Keith Fox: God vs Science Debate,theist,con,Keith Fox,con-genetic-healing-dignity-limits,constructive,3,87,77,90,87,95,91,87,material warrant or verification step compressed,v4-closed-findings-adapter
85,atkins-fox-god-science-future-humanity-2024,Peter Atkins vs Keith Fox: God vs Science Debate,non_theist,pro,Peter Atkins,pro-science-religion-intellectual-incompatibility,reply,3,53,40,69,99,60,32,59,effectively unsupported,v4-closed-findings-adapter
85,atkins-fox-god-science-future-humanity-2024,Peter Atkins vs Keith Fox: God vs Science Debate,non_theist,pro,Peter Atkins,pro-cosmic-origin-balanced-opposites,reply,3,72,62,95,87,75,86,79,assertion/anecdote/authority/speculation carries substantial weight,v4-closed-findings-adapter
85,atkins-fox-god-science-future-humanity-2024,Peter Atkins vs Keith Fox: God vs Science Debate,theist,con,Keith Fox,con-revisable-scriptural-interpretation,reply,2,90,76,98,87,95,90,89,material warrant or verification step compressed,v4-closed-findings-adapter
85,atkins-fox-god-science-future-humanity-2024,Peter Atkins vs Keith Fox: God vs Science Debate,non_theist,pro,Peter Atkins,pro-evolution-chance-natural-selection,constructive,3,82,80,92,87,60,68,81,stronger support,v4-closed-findings-adapter
85,atkins-fox-god-science-future-humanity-2024,Peter Atkins vs Keith Fox: God vs Science Debate,theist,con,Keith Fox,con-evolution-without-gap-theism,reply,3,91,82,99,87,95,93,91,stronger support,v4-closed-findings-adapter
85,atkins-fox-god-science-future-humanity-2024,Peter Atkins vs Keith Fox: God vs Science Debate,non_theist,pro,Peter Atkins,pro-afterlife-evidence-and-present-harm,constructive,2,72,58,81,69,75,54,69,assertion/anecdote/authority/speculation carries substantial weight,v4-closed-findings-adapter
85,atkins-fox-god-science-future-humanity-2024,Peter Atkins vs Keith Fox: God vs Science Debate,non_theist,pro,Peter Atkins,pro-finite-purpose-without-cosmic-purpose,reply,3,83,69,73,87,95,69,79,assertion/anecdote/authority/speculation carries substantial weight,v4-closed-findings-adapter
85,atkins-fox-god-science-future-humanity-2024,Peter Atkins vs Keith Fox: God vs Science Debate,theist,con,Keith Fox,con-hope-motivates-present-action,constructive,2,87,75,87,69,95,90,83,material warrant or verification step compressed,v4-closed-findings-adapter
85,atkins-fox-god-science-future-humanity-2024,Peter Atkins vs Keith Fox: God vs Science Debate,theist,con,Keith Fox,con-physical-world-invites-inquiry,reply,2,84,69,98,69,75,78,80,assertion/anecdote/authority/speculation carries substantial weight,v4-closed-findings-adapter
85,atkins-fox-god-science-future-humanity-2024,Peter Atkins vs Keith Fox: God vs Science Debate,non_theist,pro,Peter Atkins,pro-testimony-and-miracle-evidence,reply,2,62,51,73,69,60,45,61,assertion/anecdote/authority/speculation carries substantial weight,v4-closed-findings-adapter
86,egnor-dillahunty-god-existence-2021,Michael Egnor vs Matt Dillahunty: Does God Exist?,theist,pro,Michael Egnor,pro-thomistic-first-way,constructive,3,67,61,86,87,75,68,74,assertion/anecdote/authority/speculation carries substantial weight,v4-closed-findings-adapter
86,egnor-dillahunty-god-existence-2021,Michael Egnor vs Matt Dillahunty: Does God Exist?,theist,pro,Michael Egnor,pro-thomistic-necessary-being,constructive,3,65,59,72,87,75,68,70,assertion/anecdote/authority/speculation carries substantial weight,v4-closed-findings-adapter
86,egnor-dillahunty-god-existence-2021,Michael Egnor vs Matt Dillahunty: Does God Exist?,theist,pro,Michael Egnor,pro-natural-order-directing-mind,constructive,3,63,61,81,87,75,68,72,assertion/anecdote/authority/speculation carries substantial weight,v4-closed-findings-adapter
86,egnor-dillahunty-god-existence-2021,Michael Egnor vs Matt Dillahunty: Does God Exist?,theist,pro,Michael Egnor,pro-objective-moral-law,constructive,3,65,58,84,87,75,68,72,assertion/anecdote/authority/speculation carries substantial weight,v4-closed-findings-adapter
86,egnor-dillahunty-god-existence-2021,Michael Egnor vs Matt Dillahunty: Does God Exist?,non_theist,con,Matt Dillahunty,con-burden-theistic-claims,reply,3,80,74,54,100,75,79,76,material warrant or verification step compressed,v4-closed-findings-adapter
86,egnor-dillahunty-god-existence-2021,Michael Egnor vs Matt Dillahunty: Does God Exist?,non_theist,con,Matt Dillahunty,con-rational-revisable-nonbelief,reply,3,87,78,54,100,95,85,81,material warrant or verification step compressed,v4-closed-findings-adapter
86,egnor-dillahunty-god-existence-2021,Michael Egnor vs Matt Dillahunty: Does God Exist?,non_theist,con,Matt Dillahunty,con-detectable-god-hiddenness,reply,2,82,72,53,69,95,78,73,material warrant or verification step compressed,v4-closed-findings-adapter
86,egnor-dillahunty-god-existence-2021,Michael Egnor vs Matt Dillahunty: Does God Exist?,non_theist,con,Matt Dillahunty,con-unreliable-divine-messages,reply,2,80,67,53,68,75,77,69,assertion/anecdote/authority/speculation carries substantial weight,v4-closed-findings-adapter
86,egnor-dillahunty-god-existence-2021,Michael Egnor vs Matt Dillahunty: Does God Exist?,theist,pro,Michael Egnor,pro-shared-atheist-burden,reply,2,58,52,71,99,75,58,67,assertion/anecdote/authority/speculation carries substantial weight,v4-closed-findings-adapter
86,egnor-dillahunty-god-existence-2021,Michael Egnor vs Matt Dillahunty: Does God Exist?,non_theist,con,Matt Dillahunty,con-causal-extrapolation-gap,reply,3,77,76,98,87,75,70,82,material warrant or verification step compressed,v4-closed-findings-adapter
86,egnor-dillahunty-god-existence-2021,Michael Egnor vs Matt Dillahunty: Does God Exist?,non_theist,con,Matt Dillahunty,con-first-cause-not-god,reply,3,90,83,99,100,95,92,93,stronger support,v4-closed-findings-adapter
86,egnor-dillahunty-god-existence-2021,Michael Egnor vs Matt Dillahunty: Does God Exist?,non_theist,con,Matt Dillahunty,con-abduction-requires-candidates,reply,3,79,74,98,87,85,74,83,material warrant or verification step compressed,v4-closed-findings-adapter
86,egnor-dillahunty-god-existence-2021,Michael Egnor vs Matt Dillahunty: Does God Exist?,non_theist,con,Matt Dillahunty,con-ignorance-not-supernatural-evidence,reply,3,91,85,99,87,95,93,91,stronger support,v4-closed-findings-adapter
86,egnor-dillahunty-god-existence-2021,Michael Egnor vs Matt Dillahunty: Does God Exist?,theist,pro,Michael Egnor,pro-five-ways-inductive-method,reply,3,64,57,71,87,75,60,68,assertion/anecdote/authority/speculation carries substantial weight,v4-closed-findings-adapter
86,egnor-dillahunty-god-existence-2021,Michael Egnor vs Matt Dillahunty: Does God Exist?,non_theist,con,Matt Dillahunty,con-objective-secular-wellbeing,reply,3,84,78,95,87,95,86,87,material warrant or verification step compressed,v4-closed-findings-adapter
86,egnor-dillahunty-god-existence-2021,Michael Egnor vs Matt Dillahunty: Does God Exist?,theist,pro,Michael Egnor,pro-privation-and-greater-goods,constructive,2,73,61,78,69,75,75,71,assertion/anecdote/authority/speculation carries substantial weight,v4-closed-findings-adapter
86,egnor-dillahunty-god-existence-2021,Michael Egnor vs Matt Dillahunty: Does God Exist?,non_theist,con,Matt Dillahunty,con-divine-foundation-no-solution,constructive,3,77,71,84,87,85,70,79,material warrant or verification step compressed,v4-closed-findings-adapter
86,egnor-dillahunty-god-existence-2021,Michael Egnor vs Matt Dillahunty: Does God Exist?,theist,pro,Michael Egnor,pro-atheism-metaphysical-perspective,reply,2,55,51,53,99,60,56,61,assertion/anecdote/authority/speculation carries substantial weight,v4-closed-findings-adapter
86,egnor-dillahunty-god-existence-2021,Michael Egnor vs Matt Dillahunty: Does God Exist?,theist,pro,Michael Egnor,pro-morality-beyond-opinion,reply,3,81,69,72,87,95,79,79,assertion/anecdote/authority/speculation carries substantial weight,v4-closed-findings-adapter
86,egnor-dillahunty-god-existence-2021,Michael Egnor vs Matt Dillahunty: Does God Exist?,theist,pro,Michael Egnor,pro-interpersonal-knowledge-of-god,reply,2,76,64,72,69,75,78,72,assertion/anecdote/authority/speculation carries substantial weight,v4-closed-findings-adapter
87,christopoulos-dillahunty-resurrection-historical-event-2024,Than Christopoulos vs Matt Dillahunty: Is the Resurrection a Historical Event?,theist,pro,Than Christopoulos,pro-probability-prior-and-likelihood-framework,constructive,3,91,82,90,100,95,85,90,stronger support,v4-closed-findings-adapter
87,christopoulos-dillahunty-resurrection-historical-event-2024,Than Christopoulos vs Matt Dillahunty: Is the Resurrection a Historical Event?,theist,pro,Than Christopoulos,pro-testimony-as-miracle-evidence,constructive,2,80,74,80,86,75,80,79,material warrant or verification step compressed,v4-closed-findings-adapter
87,christopoulos-dillahunty-resurrection-historical-event-2024,Than Christopoulos vs Matt Dillahunty: Is the Resurrection a Historical Event?,theist,pro,Than Christopoulos,pro-comparative-likelihood-ratio,constructive,3,87,77,88,100,85,75,86,material warrant or verification step compressed,v4-closed-findings-adapter
87,christopoulos-dillahunty-resurrection-historical-event-2024,Than Christopoulos vs Matt Dillahunty: Is the Resurrection a Historical Event?,theist,pro,Than Christopoulos,pro-natural-regularity-miracle-context,constructive,2,64,59,76,68,75,61,67,assertion/anecdote/authority/speculation carries substantial weight,v4-closed-findings-adapter
87,christopoulos-dillahunty-resurrection-historical-event-2024,Than Christopoulos vs Matt Dillahunty: Is the Resurrection a Historical Event?,theist,pro,Than Christopoulos,pro-incarnation-context-and-resurrection-prior,constructive,2,80,69,83,69,75,88,77,assertion/anecdote/authority/speculation carries substantial weight,v4-closed-findings-adapter
87,christopoulos-dillahunty-resurrection-historical-event-2024,Than Christopoulos vs Matt Dillahunty: Is the Resurrection a Historical Event?,theist,pro,Than Christopoulos,pro-new-testament-reliability-foundation,constructive,3,78,72,88,87,75,75,80,material warrant or verification step compressed,v4-closed-findings-adapter
87,christopoulos-dillahunty-resurrection-historical-event-2024,Than Christopoulos vs Matt Dillahunty: Is the Resurrection a Historical Event?,theist,pro,Than Christopoulos,pro-known-burial-and-empty-tomb,constructive,3,77,69,87,87,75,72,78,assertion/anecdote/authority/speculation carries substantial weight,v4-closed-findings-adapter
87,christopoulos-dillahunty-resurrection-historical-event-2024,Than Christopoulos vs Matt Dillahunty: Is the Resurrection a Historical Event?,theist,pro,Than Christopoulos,pro-diverse-multimodal-appearances,constructive,3,64,61,88,87,75,59,72,assertion/anecdote/authority/speculation carries substantial weight,v4-closed-findings-adapter
87,christopoulos-dillahunty-resurrection-historical-event-2024,Than Christopoulos vs Matt Dillahunty: Is the Resurrection a Historical Event?,theist,pro,Than Christopoulos,pro-conversion-and-costly-witness-conduct,constructive,2,74,66,85,69,75,71,74,assertion/anecdote/authority/speculation carries substantial weight,v4-closed-findings-adapter
87,christopoulos-dillahunty-resurrection-historical-event-2024,Than Christopoulos vs Matt Dillahunty: Is the Resurrection a Historical Event?,non_theist,con,Matt Dillahunty,con-source-account-disparities,reply,2,75,64,98,87,75,74,79,assertion/anecdote/authority/speculation carries substantial weight,v4-closed-findings-adapter
87,christopoulos-dillahunty-resurrection-historical-event-2024,Than Christopoulos vs Matt Dillahunty: Is the Resurrection a Historical Event?,non_theist,con,Matt Dillahunty,con-source-corroboration-deficit,reply,3,80,62,99,87,75,61,79,assertion/anecdote/authority/speculation carries substantial weight,v4-closed-findings-adapter
87,christopoulos-dillahunty-resurrection-historical-event-2024,Than Christopoulos vs Matt Dillahunty: Is the Resurrection a Historical Event?,non_theist,con,Matt Dillahunty,con-death-confirmation-required,reply,3,87,72,98,87,85,77,85,material warrant or verification step compressed,v4-closed-findings-adapter
87,christopoulos-dillahunty-resurrection-historical-event-2024,Than Christopoulos vs Matt Dillahunty: Is the Resurrection a Historical Event?,non_theist,con,Matt Dillahunty,con-sincerity-transmission-limits,reply,3,93,83,99,87,95,92,91,stronger support,v4-closed-findings-adapter
87,christopoulos-dillahunty-resurrection-historical-event-2024,Than Christopoulos vs Matt Dillahunty: Is the Resurrection a Historical Event?,non_theist,con,Matt Dillahunty,con-empty-tomb-unconfirmed,reply,3,91,77,99,87,95,89,89,material warrant or verification step compressed,v4-closed-findings-adapter
87,christopoulos-dillahunty-resurrection-historical-event-2024,Than Christopoulos vs Matt Dillahunty: Is the Resurrection a Historical Event?,non_theist,con,Matt Dillahunty,con-conditional-probability-direction,reply,3,93,87,99,100,95,88,94,stronger support,v4-closed-findings-adapter
87,christopoulos-dillahunty-resurrection-historical-event-2024,Than Christopoulos vs Matt Dillahunty: Is the Resurrection a Historical Event?,non_theist,con,Matt Dillahunty,con-costly-commitment-not-truth,reply,3,96,89,99,87,95,96,94,stronger support,v4-closed-findings-adapter
87,christopoulos-dillahunty-resurrection-historical-event-2024,Than Christopoulos vs Matt Dillahunty: Is the Resurrection a Historical Event?,non_theist,con,Matt Dillahunty,con-divine-action-expectations,reply,2,69,66,97,69,75,78,76,assertion/anecdote/authority/speculation carries substantial weight,v4-closed-findings-adapter
87,christopoulos-dillahunty-resurrection-historical-event-2024,Than Christopoulos vs Matt Dillahunty: Is the Resurrection a Historical Event?,non_theist,con,Matt Dillahunty,con-alternatives-burden-preserved,reply,3,92,81,99,100,95,91,93,stronger support,v4-closed-findings-adapter
87,christopoulos-dillahunty-resurrection-historical-event-2024,Than Christopoulos vs Matt Dillahunty: Is the Resurrection a Historical Event?,non_theist,con,Matt Dillahunty,con-rational-uncertainty-option,reply,3,93,86,99,100,95,92,94,stronger support,v4-closed-findings-adapter
88,sechler-dillahunty-perfect-mind-universe-2022,Zac Sechler vs Matt Dillahunty: Did a Perfect Mind Create the Universe?,theist,pro,Zac Sechler,pro-foundational-simplicity,constructive,3,72,60,80,87,75,75,74,assertion/anecdote/authority/speculation carries substantial weight,v4-closed-findings-adapter
88,sechler-dillahunty-perfect-mind-universe-2022,Zac Sechler vs Matt Dillahunty: Did a Perfect Mind Create the Universe?,theist,pro,Zac Sechler,pro-cumulative-observational-fit,constructive,3,75,57,81,87,75,75,74,assertion/anecdote/authority/speculation carries substantial weight,v4-closed-findings-adapter
88,sechler-dillahunty-perfect-mind-universe-2022,Zac Sechler vs Matt Dillahunty: Did a Perfect Mind Create the Universe?,non_theist,con,Matt Dillahunty,con-creator-identification-causal-burden,reply,3,87,78,98,87,95,91,89,material warrant or verification step compressed,v4-closed-findings-adapter
88,sechler-dillahunty-perfect-mind-universe-2022,Zac Sechler vs Matt Dillahunty: Did a Perfect Mind Create the Universe?,non_theist,con,Matt Dillahunty,con-single-universe-origin-underdetermination,reply,3,84,78,98,87,95,80,87,material warrant or verification step compressed,v4-closed-findings-adapter
88,sechler-dillahunty-perfect-mind-universe-2022,Zac Sechler vs Matt Dillahunty: Did a Perfect Mind Create the Universe?,non_theist,con,Matt Dillahunty,con-agents-without-theistic-multiplication,reply,3,73,63,97,87,75,64,77,assertion/anecdote/authority/speculation carries substantial weight,v4-closed-findings-adapter
88,sechler-dillahunty-perfect-mind-universe-2022,Zac Sechler vs Matt Dillahunty: Did a Perfect Mind Create the Universe?,theist,pro,Zac Sechler,pro-rival-origin-comparison,reply,3,75,60,95,87,75,76,78,assertion/anecdote/authority/speculation carries substantial weight,v4-closed-findings-adapter
88,sechler-dillahunty-perfect-mind-universe-2022,Zac Sechler vs Matt Dillahunty: Did a Perfect Mind Create the Universe?,non_theist,con,Matt Dillahunty,con-hidden-omnipotent-box-complexity,reply,3,70,60,97,87,75,61,76,assertion/anecdote/authority/speculation carries substantial weight,v4-closed-findings-adapter
88,sechler-dillahunty-perfect-mind-universe-2022,Zac Sechler vs Matt Dillahunty: Did a Perfect Mind Create the Universe?,theist,pro,Zac Sechler,pro-moral-agent-expectedness,reply,3,78,66,96,87,85,79,81,assertion/anecdote/authority/speculation carries substantial weight,v4-closed-findings-adapter
88,sechler-dillahunty-perfect-mind-universe-2022,Zac Sechler vs Matt Dillahunty: Did a Perfect Mind Create the Universe?,non_theist,con,Matt Dillahunty,con-full-moral-evidential-profile,reply,3,88,83,99,69,95,92,87,stronger support,v4-closed-findings-adapter
88,sechler-dillahunty-perfect-mind-universe-2022,Zac Sechler vs Matt Dillahunty: Did a Perfect Mind Create the Universe?,theist,pro,Zac Sechler,pro-counterevidence-increment,reply,2,83,67,94,69,95,93,82,assertion/anecdote/authority/speculation carries substantial weight,v4-closed-findings-adapter
88,sechler-dillahunty-perfect-mind-universe-2022,Zac Sechler vs Matt Dillahunty: Did a Perfect Mind Create the Universe?,non_theist,con,Matt Dillahunty,con-unspecified-likelihood-comparison,reply,3,91,80,99,87,95,92,90,stronger support,v4-closed-findings-adapter
88,sechler-dillahunty-perfect-mind-universe-2022,Zac Sechler vs Matt Dillahunty: Did a Perfect Mind Create the Universe?,theist,pro,Zac Sechler,pro-competing-foundations,reply,3,77,63,72,87,75,78,75,assertion/anecdote/authority/speculation carries substantial weight,v4-closed-findings-adapter
88,sechler-dillahunty-perfect-mind-universe-2022,Zac Sechler vs Matt Dillahunty: Did a Perfect Mind Create the Universe?,theist,pro,Zac Sechler,pro-comparative-rational-standard,reply,3,87,71,97,100,95,92,89,material warrant or verification step compressed,v4-closed-findings-adapter
88,sechler-dillahunty-perfect-mind-universe-2022,Zac Sechler vs Matt Dillahunty: Did a Perfect Mind Create the Universe?,non_theist,con,Matt Dillahunty,con-explanation-requires-understood-mechanism,reply,3,69,67,98,87,75,66,77,assertion/anecdote/authority/speculation carries substantial weight,v4-closed-findings-adapter
88,sechler-dillahunty-perfect-mind-universe-2022,Zac Sechler vs Matt Dillahunty: Did a Perfect Mind Create the Universe?,theist,pro,Zac Sechler,pro-top-down-worldview-method,reply,3,82,62,95,87,95,77,82,assertion/anecdote/authority/speculation carries substantial weight,v4-closed-findings-adapter
88,sechler-dillahunty-perfect-mind-universe-2022,Zac Sechler vs Matt Dillahunty: Did a Perfect Mind Create the Universe?,theist,pro,Zac Sechler,pro-differential-expectedness,reply,3,86,59,72,87,85,76,77,assertion/anecdote/authority/speculation carries substantial weight,v4-closed-findings-adapter
88,sechler-dillahunty-perfect-mind-universe-2022,Zac Sechler vs Matt Dillahunty: Did a Perfect Mind Create the Universe?,non_theist,con,Matt Dillahunty,con-no-modeled-nontheistic-probability,reply,3,81,77,99,87,95,78,86,material warrant or verification step compressed,v4-closed-findings-adapter
88,sechler-dillahunty-perfect-mind-universe-2022,Zac Sechler vs Matt Dillahunty: Did a Perfect Mind Create the Universe?,theist,pro,Zac Sechler,pro-hiddenness-goods,reply,2,75,59,72,68,85,76,71,assertion/anecdote/authority/speculation carries substantial weight,v4-closed-findings-adapter
88,sechler-dillahunty-perfect-mind-universe-2022,Zac Sechler vs Matt Dillahunty: Did a Perfect Mind Create the Universe?,non_theist,con,Matt Dillahunty,con-good-god-disclosure-expectation,reply,3,82,74,97,69,85,79,81,material warrant or verification step compressed,v4-closed-findings-adapter
88,sechler-dillahunty-perfect-mind-universe-2022,Zac Sechler vs Matt Dillahunty: Did a Perfect Mind Create the Universe?,non_theist,con,Matt Dillahunty,con-agent-interaction-fallibility-account,reply,3,83,74,73,87,75,79,79,material warrant or verification step compressed,v4-closed-findings-adapter
89,bignon-oppy-religious-experience-god-2022,Guillaume Bignon vs Graham Oppy: Religious Experience and the Case for God,theist,pro,Guillaume Bignon,pro-experience-atonement-cumulative-conversion,constructive,2,86,72,82,86,95,85,83,material warrant or verification step compressed,v4-closed-findings-adapter
89,bignon-oppy-religious-experience-god-2022,Guillaume Bignon vs Graham Oppy: Religious Experience and the Case for God,non_theist,con,Graham Oppy,con-reverse-conversion-symmetry,reply,3,89,79,98,87,95,93,90,material warrant or verification step compressed,v4-closed-findings-adapter
89,bignon-oppy-religious-experience-god-2022,Guillaume Bignon vs Graham Oppy: Religious Experience and the Case for God,theist,pro,Guillaume Bignon,pro-improbable-pattern-comparative-explanation,reply,3,82,69,99,87,75,84,83,assertion/anecdote/authority/speculation carries substantial weight,v4-closed-findings-adapter
89,bignon-oppy-religious-experience-god-2022,Guillaume Bignon vs Graham Oppy: Religious Experience and the Case for God,non_theist,con,Graham Oppy,con-population-script-coincidence,reply,3,87,75,99,87,75,87,86,material warrant or verification step compressed,v4-closed-findings-adapter
89,bignon-oppy-religious-experience-god-2022,Guillaume Bignon vs Graham Oppy: Religious Experience and the Case for God,non_theist,con,Graham Oppy,con-rational-permissibility-noncompulsion,reply,2,87,72,97,86,95,95,87,material warrant or verification step compressed,v4-closed-findings-adapter
89,bignon-oppy-religious-experience-god-2022,Guillaume Bignon vs Graham Oppy: Religious Experience and the Case for God,theist,pro,Guillaume Bignon,pro-converging-events-providential-purpose,constructive,3,80,66,82,87,95,68,79,assertion/anecdote/authority/speculation carries substantial weight,v4-closed-findings-adapter
89,bignon-oppy-religious-experience-god-2022,Guillaume Bignon vs Graham Oppy: Religious Experience and the Case for God,theist,pro,Guillaume Bignon,pro-personal-justification-without-compulsion,reply,3,92,80,99,87,95,96,91,stronger support,v4-closed-findings-adapter
89,bignon-oppy-religious-experience-god-2022,Guillaume Bignon vs Graham Oppy: Religious Experience and the Case for God,non_theist,con,Graham Oppy,con-expert-disagreement-nonconvergence,reply,2,83,75,97,86,75,87,84,material warrant or verification step compressed,v4-closed-findings-adapter
89,bignon-oppy-religious-experience-god-2022,Guillaume Bignon vs Graham Oppy: Religious Experience and the Case for God,non_theist,con,Graham Oppy,con-naturalist-case-evil-hiddenness,reply,3,89,76,98,88,85,89,88,material warrant or verification step compressed,v4-closed-findings-adapter
89,bignon-oppy-religious-experience-god-2022,Guillaume Bignon vs Graham Oppy: Religious Experience and the Case for God,theist,pro,Guillaume Bignon,pro-selective-providence-morally-sufficient-reasons,reply,2,74,55,95,68,95,90,77,assertion/anecdote/authority/speculation carries substantial weight,v4-closed-findings-adapter
89,bignon-oppy-religious-experience-god-2022,Guillaume Bignon vs Graham Oppy: Religious Experience and the Case for God,non_theist,con,Graham Oppy,con-cultural-diversity-experiential-testimony,reply,3,88,81,96,87,95,94,89,stronger support,v4-closed-findings-adapter
89,bignon-oppy-religious-experience-god-2022,Guillaume Bignon vs Graham Oppy: Religious Experience and the Case for God,theist,pro,Guillaume Bignon,pro-rival-experiences-differential-assessment,reply,3,79,64,96,87,75,90,81,assertion/anecdote/authority/speculation carries substantial weight,v4-closed-findings-adapter
89,bignon-oppy-religious-experience-god-2022,Guillaume Bignon vs Graham Oppy: Religious Experience and the Case for God,theist,pro,Guillaume Bignon,pro-christian-preference-based-on-comparative-reasons,reply,3,82,60,95,87,95,76,82,assertion/anecdote/authority/speculation carries substantial weight,v4-closed-findings-adapter
89,bignon-oppy-religious-experience-god-2022,Guillaume Bignon vs Graham Oppy: Religious Experience and the Case for God,theist,pro,Guillaume Bignon,pro-independent-evidence-referees-experiential-tie,reply,3,88,67,98,87,95,77,85,assertion/anecdote/authority/speculation carries substantial weight,v4-closed-findings-adapter
89,bignon-oppy-religious-experience-god-2022,Guillaume Bignon vs Graham Oppy: Religious Experience and the Case for God,non_theist,con,Graham Oppy,con-comparative-history-no-clear-advantage,reply,3,90,80,98,87,95,94,90,stronger support,v4-closed-findings-adapter
89,bignon-oppy-religious-experience-god-2022,Guillaume Bignon vs Graham Oppy: Religious Experience and the Case for God,theist,pro,Guillaume Bignon,pro-new-testament-comparative-historical-case,reply,3,75,59,98,87,75,64,77,assertion/anecdote/authority/speculation carries substantial weight,v4-closed-findings-adapter
89,bignon-oppy-religious-experience-god-2022,Guillaume Bignon vs Graham Oppy: Religious Experience and the Case for God,non_theist,con,Graham Oppy,con-document-survival-institutional-selection,reply,2,92,81,73,69,95,94,83,stronger support,v4-closed-findings-adapter
90,akin-ehrman-gospels-historically-reliable-2022,Jimmy Akin vs Bart Ehrman: Are the Gospels Historically Reliable?,non_theist,con,Bart Ehrman,move-con-governing-thesis,constructive,3,90,80,92,100,75,94,89,stronger support,v4-closed-findings-adapter
90,akin-ehrman-gospels-historically-reliable-2022,Jimmy Akin vs Bart Ehrman: Are the Gospels Historically Reliable?,non_theist,con,Bart Ehrman,move-con-birth-sequence-conflict,constructive,3,86,87,94,89,95,81,89,stronger support,v4-closed-findings-adapter
90,akin-ehrman-gospels-historically-reliable-2022,Jimmy Akin vs Bart Ehrman: Are the Gospels Historically Reliable?,non_theist,con,Bart Ehrman,move-con-resurrection-incompatibility,constructive,3,85,85,94,89,95,81,88,stronger support,v4-closed-findings-adapter
90,akin-ehrman-gospels-historically-reliable-2022,Jimmy Akin vs Bart Ehrman: Are the Gospels Historically Reliable?,non_theist,con,Bart Ehrman,move-con-johannine-discontinuity,constructive,3,82,84,93,89,75,91,86,stronger support,v4-closed-findings-adapter
90,akin-ehrman-gospels-historically-reliable-2022,Jimmy Akin vs Bart Ehrman: Are the Gospels Historically Reliable?,theist,pro,Jimmy Akin,move-pro-standard-spectrum,reply,3,88,78,98,100,75,90,89,material warrant or verification step compressed,v4-closed-findings-adapter
90,akin-ehrman-gospels-historically-reliable-2022,Jimmy Akin vs Bart Ehrman: Are the Gospels Historically Reliable?,theist,pro,Jimmy Akin,move-pro-cumulative-balance,reply,3,82,74,73,88,75,77,78,material warrant or verification step compressed,v4-closed-findings-adapter
90,akin-ehrman-gospels-historically-reliable-2022,Jimmy Akin vs Bart Ehrman: Are the Gospels Historically Reliable?,non_theist,con,Bart Ehrman,move-con-major-errors-balance,reply,3,90,83,99,100,85,83,91,stronger support,v4-closed-findings-adapter
90,akin-ehrman-gospels-historically-reliable-2022,Jimmy Akin vs Bart Ehrman: Are the Gospels Historically Reliable?,theist,pro,Jimmy Akin,move-pro-shared-resurrection-claim,reply,3,69,81,97,88,75,63,80,stronger support,v4-closed-findings-adapter
90,akin-ehrman-gospels-historically-reliable-2022,Jimmy Akin vs Bart Ehrman: Are the Gospels Historically Reliable?,theist,pro,Jimmy Akin,move-pro-gist-approximation,reply,2,76,68,59,73,75,62,69,assertion/anecdote/authority/speculation carries substantial weight,v4-closed-findings-adapter
90,akin-ehrman-gospels-historically-reliable-2022,Jimmy Akin vs Bart Ehrman: Are the Gospels Historically Reliable?,theist,pro,Jimmy Akin,move-pro-dual-residence-reconciliation,reply,3,79,54,95,88,95,89,81,assertion/anecdote/authority/speculation carries substantial weight,v4-closed-findings-adapter
90,akin-ehrman-gospels-historically-reliable-2022,Jimmy Akin vs Bart Ehrman: Are the Gospels Historically Reliable?,non_theist,con,Bart Ehrman,move-con-dual-residence-objection,reply,2,85,82,99,88,75,82,86,stronger support,v4-closed-findings-adapter
90,akin-ehrman-gospels-historically-reliable-2022,Jimmy Akin vs Bart Ehrman: Are the Gospels Historically Reliable?,non_theist,con,Bart Ehrman,move-con-location-chronology-conflict,reply,3,91,81,98,89,95,93,91,stronger support,v4-closed-findings-adapter
90,akin-ehrman-gospels-historically-reliable-2022,Jimmy Akin vs Bart Ehrman: Are the Gospels Historically Reliable?,theist,pro,Jimmy Akin,move-pro-jerusalem-galilee-sequence,reply,3,86,82,97,89,85,80,87,stronger support,v4-closed-findings-adapter
90,akin-ehrman-gospels-historically-reliable-2022,Jimmy Akin vs Bart Ehrman: Are the Gospels Historically Reliable?,non_theist,con,Bart Ehrman,move-con-biographical-invention,reply,2,82,76,73,87,75,80,79,material warrant or verification step compressed,v4-closed-findings-adapter
90,akin-ehrman-gospels-historically-reliable-2022,Jimmy Akin vs Bart Ehrman: Are the Gospels Historically Reliable?,theist,pro,Jimmy Akin,move-pro-motivated-transmission,reply,3,83,71,73,88,75,79,78,material warrant or verification step compressed,v4-closed-findings-adapter
90,akin-ehrman-gospels-historically-reliable-2022,Jimmy Akin vs Bart Ehrman: Are the Gospels Historically Reliable?,theist,pro,Jimmy Akin,move-pro-synoptic-divine-claim,reply,3,83,79,74,89,75,79,80,material warrant or verification step compressed,v4-closed-findings-adapter
90,akin-ehrman-gospels-historically-reliable-2022,Jimmy Akin vs Bart Ehrman: Are the Gospels Historically Reliable?,non_theist,con,Bart Ehrman,move-con-son-of-man-ambiguity,reply,3,90,85,98,89,95,82,90,stronger support,v4-closed-findings-adapter
90,akin-ehrman-gospels-historically-reliable-2022,Jimmy Akin vs Bart Ehrman: Are the Gospels Historically Reliable?,non_theist,con,Bart Ehrman,move-con-theological-reshaping,reply,3,88,75,97,89,75,81,85,material warrant or verification step compressed,v4-closed-findings-adapter
90,akin-ehrman-gospels-historically-reliable-2022,Jimmy Akin vs Bart Ehrman: Are the Gospels Historically Reliable?,theist,pro,Jimmy Akin,move-pro-marian-infancy-tradition,reply,2,82,68,72,72,95,81,77,assertion/anecdote/authority/speculation carries substantial weight,v4-closed-findings-adapter
91,cutter-oppy-mind-brain-harmony-god-2025,Brian Cutter vs Graham Oppy: Does Mind-Brain Harmony Point to God?,theist,pro,Brian Cutter,pro-value-producing-laws,constructive,2,83,75,82,87,75,80,81,material warrant or verification step compressed,v4-closed-findings-adapter
91,cutter-oppy-mind-brain-harmony-god-2025,Brian Cutter vs Graham Oppy: Does Mind-Brain Harmony Point to God?,theist,pro,Brian Cutter,pro-normative-pain-harmony,constructive,3,92,85,91,87,95,85,89,stronger support,v4-closed-findings-adapter
91,cutter-oppy-mind-brain-harmony-god-2025,Brian Cutter vs Graham Oppy: Does Mind-Brain Harmony Point to God?,theist,pro,Brian Cutter,pro-naturalism-alternative-mappings,constructive,3,78,72,86,87,75,75,79,material warrant or verification step compressed,v4-closed-findings-adapter
91,cutter-oppy-mind-brain-harmony-god-2025,Brian Cutter vs Graham Oppy: Does Mind-Brain Harmony Point to God?,theist,pro,Brian Cutter,pro-divine-goodness-expectation,constructive,3,80,74,86,87,75,75,80,material warrant or verification step compressed,v4-closed-findings-adapter
91,cutter-oppy-mind-brain-harmony-god-2025,Brian Cutter vs Graham Oppy: Does Mind-Brain Harmony Point to God?,non_theist,con,Graham Oppy,con-identity-dissolves-correlation,reply,3,89,78,99,87,95,90,89,material warrant or verification step compressed,v4-closed-findings-adapter
91,cutter-oppy-mind-brain-harmony-god-2025,Brian Cutter vs Graham Oppy: Does Mind-Brain Harmony Point to God?,non_theist,con,Graham Oppy,con-apriori-pain-avoidance-constraint,reply,3,69,60,97,87,75,61,75,assertion/anecdote/authority/speculation carries substantial weight,v4-closed-findings-adapter
91,cutter-oppy-mind-brain-harmony-god-2025,Brian Cutter vs Graham Oppy: Does Mind-Brain Harmony Point to God?,non_theist,con,Graham Oppy,con-identity-harmony-likelihood-one,reply,3,74,70,98,100,95,64,83,material warrant or verification step compressed,v4-closed-findings-adapter
91,cutter-oppy-mind-brain-harmony-god-2025,Brian Cutter vs Graham Oppy: Does Mind-Brain Harmony Point to God?,theist,pro,Brian Cutter,pro-type-b-epistemic-space,reply,3,85,75,98,87,95,83,87,material warrant or verification step compressed,v4-closed-findings-adapter
91,cutter-oppy-mind-brain-harmony-god-2025,Brian Cutter vs Graham Oppy: Does Mind-Brain Harmony Point to God?,non_theist,con,Graham Oppy,con-ignorance-provides-no-prior-measure,reply,3,89,84,99,87,95,93,91,stronger support,v4-closed-findings-adapter
91,cutter-oppy-mind-brain-harmony-god-2025,Brian Cutter vs Graham Oppy: Does Mind-Brain Harmony Point to God?,theist,pro,Brian Cutter,pro-sparse-background-comparison,reply,2,79,74,96,87,85,75,83,material warrant or verification step compressed,v4-closed-findings-adapter
91,cutter-oppy-mind-brain-harmony-god-2025,Brian Cutter vs Graham Oppy: Does Mind-Brain Harmony Point to God?,non_theist,con,Graham Oppy,con-compare-complete-theories,reply,3,85,79,98,87,95,89,88,material warrant or verification step compressed,v4-closed-findings-adapter
91,cutter-oppy-mind-brain-harmony-god-2025,Brian Cutter vs Graham Oppy: Does Mind-Brain Harmony Point to God?,theist,pro,Brian Cutter,pro-ordinal-likelihood-without-measure,reply,3,81,75,97,87,75,77,83,material warrant or verification step compressed,v4-closed-findings-adapter
91,cutter-oppy-mind-brain-harmony-god-2025,Brian Cutter vs Graham Oppy: Does Mind-Brain Harmony Point to God?,theist,pro,Brian Cutter,pro-pain-separation-conceivable,reply,3,88,82,98,87,95,91,90,stronger support,v4-closed-findings-adapter
91,cutter-oppy-mind-brain-harmony-god-2025,Brian Cutter vs Graham Oppy: Does Mind-Brain Harmony Point to God?,non_theist,con,Graham Oppy,con-harmony-generic-allows-outliers,reply,2,80,68,97,69,75,74,78,assertion/anecdote/authority/speculation carries substantial weight,v4-closed-findings-adapter
91,cutter-oppy-mind-brain-harmony-god-2025,Brian Cutter vs Graham Oppy: Does Mind-Brain Harmony Point to God?,theist,pro,Brian Cutter,pro-recombined-outlier-world,reply,3,84,77,98,87,85,78,85,material warrant or verification step compressed,v4-closed-findings-adapter
91,cutter-oppy-mind-brain-harmony-god-2025,Brian Cutter vs Graham Oppy: Does Mind-Brain Harmony Point to God?,non_theist,con,Graham Oppy,con-recombination-needs-patchwork-principle,reply,3,90,83,98,87,95,93,91,stronger support,v4-closed-findings-adapter
91,cutter-oppy-mind-brain-harmony-god-2025,Brian Cutter vs Graham Oppy: Does Mind-Brain Harmony Point to God?,theist,pro,Brian Cutter,pro-reduction-boundary-condition,reply,3,86,78,98,87,95,95,89,material warrant or verification step compressed,v4-closed-findings-adapter
91,cutter-oppy-mind-brain-harmony-god-2025,Brian Cutter vs Graham Oppy: Does Mind-Brain Harmony Point to God?,non_theist,con,Graham Oppy,con-reduction-crosscuts-theology,reply,2,87,78,97,69,95,90,86,material warrant or verification step compressed,v4-closed-findings-adapter
92,craig-malpass-universe-begin-exist-2020,William Lane Craig vs Alex Malpass: Did the Universe Begin to Exist?,theist,pro,William Lane Craig,pro-actual-infinity-principal-argument,constructive,3,73,67,85,87,85,68,77,assertion/anecdote/authority/speculation carries substantial weight,v4-closed-findings-adapter
92,craig-malpass-universe-begin-exist-2020,William Lane Craig vs Alex Malpass: Did the Universe Begin to Exist?,non_theist,con,Alex Malpass,con-modal-strangeness-no-contradiction,reply,3,90,85,99,87,95,93,91,stronger support,v4-closed-findings-adapter
92,craig-malpass-universe-begin-exist-2020,William Lane Craig vs Alex Malpass: Did the Universe Begin to Exist?,theist,pro,William Lane Craig,pro-elapsed-past-potential-future-asymmetry,reply,3,82,75,95,87,95,75,85,material warrant or verification step compressed,v4-closed-findings-adapter
92,craig-malpass-universe-begin-exist-2020,William Lane Craig vs Alex Malpass: Did the Universe Begin to Exist?,theist,pro,William Lane Craig,pro-metaphysical-not-logical-impossibility,reply,3,68,61,94,87,75,72,76,assertion/anecdote/authority/speculation carries substantial weight,v4-closed-findings-adapter
92,craig-malpass-universe-begin-exist-2020,William Lane Craig vs Alex Malpass: Did the Universe Begin to Exist?,non_theist,con,Alex Malpass,con-mirror-past-against-future,reply,3,88,83,98,87,95,92,90,stronger support,v4-closed-findings-adapter
92,craig-malpass-universe-begin-exist-2020,William Lane Craig vs Alex Malpass: Did the Universe Begin to Exist?,theist,pro,William Lane Craig,pro-tensed-becoming-symmetry-breaker,reply,3,84,76,99,87,95,80,87,material warrant or verification step compressed,v4-closed-findings-adapter
92,craig-malpass-universe-begin-exist-2020,William Lane Craig vs Alex Malpass: Did the Universe Begin to Exist?,non_theist,con,Alex Malpass,con-presentism-tense-symmetry,reply,3,90,83,99,87,95,88,90,stronger support,v4-closed-findings-adapter
92,craig-malpass-universe-begin-exist-2020,William Lane Craig vs Alex Malpass: Did the Universe Begin to Exist?,theist,pro,William Lane Craig,pro-successive-addition-principal-argument,constructive,3,69,65,86,87,95,68,77,assertion/anecdote/authority/speculation carries substantial weight,v4-closed-findings-adapter
92,craig-malpass-universe-begin-exist-2020,William Lane Craig vs Alex Malpass: Did the Universe Begin to Exist?,non_theist,con,Alex Malpass,con-cardinality-not-ordinal-reachability,reply,3,92,87,99,87,95,93,92,stronger support,v4-closed-findings-adapter
92,craig-malpass-universe-begin-exist-2020,William Lane Craig vs Alex Malpass: Did the Universe Begin to Exist?,theist,pro,William Lane Craig,pro-every-all-counting-distinction,reply,2,73,70,98,85,75,70,79,material warrant or verification step compressed,v4-closed-findings-adapter
92,craig-malpass-universe-begin-exist-2020,William Lane Craig vs Alex Malpass: Did the Universe Begin to Exist?,non_theist,con,Alex Malpass,con-every-all-case-specific,reply,2,87,80,97,69,95,91,86,stronger support,v4-closed-findings-adapter
92,craig-malpass-universe-begin-exist-2020,William Lane Craig vs Alex Malpass: Did the Universe Begin to Exist?,theist,pro,William Lane Craig,pro-potential-cannot-become-actual,reply,3,64,65,95,87,75,59,74,assertion/anecdote/authority/speculation carries substantial weight,v4-closed-findings-adapter
92,craig-malpass-universe-begin-exist-2020,William Lane Craig vs Alex Malpass: Did the Universe Begin to Exist?,non_theist,con,Alex Malpass,con-simple-future-future-perfect,reply,3,93,88,99,87,95,94,93,stronger support,v4-closed-findings-adapter
92,craig-malpass-universe-begin-exist-2020,William Lane Craig vs Alex Malpass: Did the Universe Begin to Exist?,theist,pro,William Lane Craig,pro-eternal-countdown-earlier-completion,reply,3,67,68,97,87,95,66,79,assertion/anecdote/authority/speculation carries substantial weight,v4-closed-findings-adapter
92,craig-malpass-universe-begin-exist-2020,William Lane Craig vs Alex Malpass: Did the Universe Begin to Exist?,non_theist,con,Alex Malpass,con-countdown-necessity-not-sufficiency,reply,3,95,90,99,87,95,95,94,stronger support,v4-closed-findings-adapter
92,craig-malpass-universe-begin-exist-2020,William Lane Craig vs Alex Malpass: Did the Universe Begin to Exist?,non_theist,con,Alex Malpass,con-local-countdown-explanation,reply,2,87,82,96,70,95,93,87,stronger support,v4-closed-findings-adapter
92,craig-malpass-universe-begin-exist-2020,William Lane Craig vs Alex Malpass: Did the Universe Begin to Exist?,theist,pro,William Lane Craig,pro-causal-finitism-asymmetry,reply,3,64,59,98,87,75,59,74,assertion/anecdote/authority/speculation carries substantial weight,v4-closed-findings-adapter
92,craig-malpass-universe-begin-exist-2020,William Lane Craig vs Alex Malpass: Did the Universe Begin to Exist?,non_theist,con,Alex Malpass,con-hotel-finite-creation-constraint,reply,2,79,75,98,87,95,85,85,material warrant or verification step compressed,v4-closed-findings-adapter
92,craig-malpass-universe-begin-exist-2020,William Lane Craig vs Alex Malpass: Did the Universe Begin to Exist?,non_theist,con,Alex Malpass,con-each-number-no-terminal-stage,reply,3,92,87,99,87,95,92,92,stronger support,v4-closed-findings-adapter
92,craig-malpass-universe-begin-exist-2020,William Lane Craig vs Alex Malpass: Did the Universe Begin to Exist?,theist,pro,William Lane Craig,pro-member-whole-quantifier-warning,reply,2,88,84,70,68,95,78,80,stronger support,v4-closed-findings-adapter
93,hunter-dillahunty-christian-god-exist-2019,Braxton Hunter vs Matt Dillahunty: Does the Christian God Exist?,theist,pro,Braxton Hunter,pro-freedom-theistic-explanation,constructive,3,66,55,82,87,75,68,71,assertion/anecdote/authority/speculation carries substantial weight,v4-closed-findings-adapter
93,hunter-dillahunty-christian-god-exist-2019,Braxton Hunter vs Matt Dillahunty: Does the Christian God Exist?,theist,pro,Braxton Hunter,pro-kalam-mental-cause,constructive,3,72,66,86,87,75,68,76,assertion/anecdote/authority/speculation carries substantial weight,v4-closed-findings-adapter
93,hunter-dillahunty-christian-god-exist-2019,Braxton Hunter vs Matt Dillahunty: Does the Christian God Exist?,theist,pro,Braxton Hunter,pro-resurrection-best-explanation,constructive,3,70,58,88,100,75,58,75,assertion/anecdote/authority/speculation carries substantial weight,v4-closed-findings-adapter
93,hunter-dillahunty-christian-god-exist-2019,Braxton Hunter vs Matt Dillahunty: Does the Christian God Exist?,non_theist,con,Matt Dillahunty,con-christian-specificity-gap,reply,3,88,79,73,100,95,90,86,material warrant or verification step compressed,v4-closed-findings-adapter
93,hunter-dillahunty-christian-god-exist-2019,Braxton Hunter vs Matt Dillahunty: Does the Christian God Exist?,non_theist,con,Matt Dillahunty,con-hiddenness-prediction,constructive,3,89,79,87,87,95,85,87,material warrant or verification step compressed,v4-closed-findings-adapter
93,hunter-dillahunty-christian-god-exist-2019,Braxton Hunter vs Matt Dillahunty: Does the Christian God Exist?,non_theist,con,Matt Dillahunty,con-inconsistent-revelation,constructive,3,82,68,82,87,75,84,79,assertion/anecdote/authority/speculation carries substantial weight,v4-closed-findings-adapter
93,hunter-dillahunty-christian-god-exist-2019,Braxton Hunter vs Matt Dillahunty: Does the Christian God Exist?,non_theist,con,Matt Dillahunty,con-source-discrimination,constructive,3,91,83,89,87,95,91,89,stronger support,v4-closed-findings-adapter
93,hunter-dillahunty-christian-god-exist-2019,Braxton Hunter vs Matt Dillahunty: Does the Christian God Exist?,theist,pro,Braxton Hunter,pro-resurrection-christian-identification,reply,3,86,76,98,100,95,89,90,material warrant or verification step compressed,v4-closed-findings-adapter
93,hunter-dillahunty-christian-god-exist-2019,Braxton Hunter vs Matt Dillahunty: Does the Christian God Exist?,theist,pro,Braxton Hunter,pro-hiddenness-free-trust,reply,3,69,53,73,87,75,64,69,assertion/anecdote/authority/speculation carries substantial weight,v4-closed-findings-adapter
93,hunter-dillahunty-christian-god-exist-2019,Braxton Hunter vs Matt Dillahunty: Does the Christian God Exist?,non_theist,con,Matt Dillahunty,con-libertarian-freedom-coherence,reply,3,76,77,98,87,95,80,85,material warrant or verification step compressed,v4-closed-findings-adapter
93,hunter-dillahunty-christian-god-exist-2019,Braxton Hunter vs Matt Dillahunty: Does the Christian God Exist?,non_theist,con,Matt Dillahunty,con-kalam-identification-gap,reply,3,93,87,99,87,95,92,92,stronger support,v4-closed-findings-adapter
93,hunter-dillahunty-christian-god-exist-2019,Braxton Hunter vs Matt Dillahunty: Does the Christian God Exist?,non_theist,con,Matt Dillahunty,con-resurrection-data-gap,reply,3,89,75,99,87,95,81,88,material warrant or verification step compressed,v4-closed-findings-adapter
93,hunter-dillahunty-christian-god-exist-2019,Braxton Hunter vs Matt Dillahunty: Does the Christian God Exist?,non_theist,con,Matt Dillahunty,con-claim-sensitive-evidence,reply,2,87,81,94,69,95,85,85,stronger support,v4-closed-findings-adapter
93,hunter-dillahunty-christian-god-exist-2019,Braxton Hunter vs Matt Dillahunty: Does the Christian God Exist?,theist,pro,Braxton Hunter,pro-method-domain-pluralism,reply,2,76,62,71,69,95,72,73,assertion/anecdote/authority/speculation carries substantial weight,v4-closed-findings-adapter
93,hunter-dillahunty-christian-god-exist-2019,Braxton Hunter vs Matt Dillahunty: Does the Christian God Exist?,non_theist,con,Matt Dillahunty,con-cause-attributes-underdetermined,reply,3,92,84,99,87,95,92,91,stronger support,v4-closed-findings-adapter
93,hunter-dillahunty-christian-god-exist-2019,Braxton Hunter vs Matt Dillahunty: Does the Christian God Exist?,theist,pro,Braxton Hunter,pro-agent-causation-bridge,reply,3,64,50,98,87,75,61,72,assertion/anecdote/authority/speculation carries substantial weight,v4-closed-findings-adapter
93,hunter-dillahunty-christian-god-exist-2019,Braxton Hunter vs Matt Dillahunty: Does the Christian God Exist?,theist,pro,Braxton Hunter,pro-foreknowledge-not-causation,reply,3,78,72,73,87,75,70,76,material warrant or verification step compressed,v4-closed-findings-adapter
93,hunter-dillahunty-christian-god-exist-2019,Braxton Hunter vs Matt Dillahunty: Does the Christian God Exist?,theist,pro,Braxton Hunter,pro-christian-falsifiability,reply,2,84,74,98,69,75,87,82,material warrant or verification step compressed,v4-closed-findings-adapter
93,hunter-dillahunty-christian-god-exist-2019,Braxton Hunter vs Matt Dillahunty: Does the Christian God Exist?,non_theist,con,Matt Dillahunty,con-belief-not-voluntary,reply,2,85,69,72,87,95,80,80,assertion/anecdote/authority/speculation carries substantial weight,v4-closed-findings-adapter
93,hunter-dillahunty-christian-god-exist-2019,Braxton Hunter vs Matt Dillahunty: Does the Christian God Exist?,theist,pro,Braxton Hunter,pro-variant-count-context,reply,2,88,82,98,69,95,90,87,stronger support,v4-closed-findings-adapter
94,swinburne-huemer-theism-coherent-2026,Richard Swinburne vs Michael Huemer: Is Theism Coherent?,non_theist,con,Michael Huemer,con-impossible-quantitative-divine-infinity,constructive,3,76,70,93,100,75,69,81,material warrant or verification step compressed,v4-closed-findings-adapter
94,swinburne-huemer-theism-coherent-2026,Richard Swinburne vs Michael Huemer: Is Theism Coherent?,theist,pro,Richard Swinburne,pro-traditional-theism-need-not-quantify-infinity,reply,2,80,67,72,68,75,77,73,assertion/anecdote/authority/speculation carries substantial weight,v4-closed-findings-adapter
94,swinburne-huemer-theism-coherent-2026,Richard Swinburne vs Michael Huemer: Is Theism Coherent?,theist,pro,Richard Swinburne,pro-omnipotence-as-greatest-logically-possible-power,reply,3,78,73,73,87,75,73,77,material warrant or verification step compressed,v4-closed-findings-adapter
94,swinburne-huemer-theism-coherent-2026,Richard Swinburne vs Michael Huemer: Is Theism Coherent?,theist,pro,Richard Swinburne,pro-foreknowledge-limited-by-divine-freedom,reply,3,66,61,73,87,95,63,72,assertion/anecdote/authority/speculation carries substantial weight,v4-closed-findings-adapter
94,swinburne-huemer-theism-coherent-2026,Richard Swinburne vs Michael Huemer: Is Theism Coherent?,non_theist,con,Michael Huemer,con-no-greatest-finite-power,reply,3,83,76,99,87,95,72,86,material warrant or verification step compressed,v4-closed-findings-adapter
94,swinburne-huemer-theism-coherent-2026,Richard Swinburne vs Michael Huemer: Is Theism Coherent?,theist,pro,Richard Swinburne,pro-changing-intentions-without-exhaustive-foreknowledge,reply,2,79,64,72,68,75,80,73,assertion/anecdote/authority/speculation carries substantial weight,v4-closed-findings-adapter
94,swinburne-huemer-theism-coherent-2026,Richard Swinburne vs Michael Huemer: Is Theism Coherent?,non_theist,con,Michael Huemer,con-restricted-foreknowledge-still-infinite,reply,3,83,78,99,87,95,71,86,material warrant or verification step compressed,v4-closed-findings-adapter
94,swinburne-huemer-theism-coherent-2026,Richard Swinburne vs Michael Huemer: Is Theism Coherent?,theist,pro,Richard Swinburne,pro-unrestricted-lifting-as-unified-ability,reply,3,71,71,73,87,85,76,76,material warrant or verification step compressed,v4-closed-findings-adapter
94,swinburne-huemer-theism-coherent-2026,Richard Swinburne vs Michael Huemer: Is Theism Coherent?,non_theist,con,Michael Huemer,con-spatial-division-is-actual-infinity,reply,2,80,71,98,69,95,86,82,material warrant or verification step compressed,v4-closed-findings-adapter
94,swinburne-huemer-theism-coherent-2026,Richard Swinburne vs Michael Huemer: Is Theism Coherent?,theist,pro,Richard Swinburne,pro-correlation-does-not-establish-actual-infinity,reply,2,67,63,97,68,75,61,73,assertion/anecdote/authority/speculation carries substantial weight,v4-closed-findings-adapter
94,swinburne-huemer-theism-coherent-2026,Richard Swinburne vs Michael Huemer: Is Theism Coherent?,theist,pro,Richard Swinburne,pro-bodilessness-excludes-pseudo-activities,constructive,2,82,71,83,87,95,75,81,material warrant or verification step compressed,v4-closed-findings-adapter
94,swinburne-huemer-theism-coherent-2026,Richard Swinburne vs Michael Huemer: Is Theism Coherent?,theist,pro,Richard Swinburne,pro-timeless-reconciliation-considered-and-rejected,constructive,2,84,72,86,86,95,93,84,material warrant or verification step compressed,v4-closed-findings-adapter
94,swinburne-huemer-theism-coherent-2026,Richard Swinburne vs Michael Huemer: Is Theism Coherent?,non_theist,con,Michael Huemer,con-timelessness-conflicts-with-mental-change,reply,2,59,68,70,86,75,54,68,assertion/anecdote/authority/speculation carries substantial weight,v4-closed-findings-adapter
94,swinburne-huemer-theism-coherent-2026,Richard Swinburne vs Michael Huemer: Is Theism Coherent?,non_theist,con,Michael Huemer,con-incarnation-undermines-bodiless-inability,reply,2,78,77,99,87,85,77,84,material warrant or verification step compressed,v4-closed-findings-adapter
94,swinburne-huemer-theism-coherent-2026,Richard Swinburne vs Michael Huemer: Is Theism Coherent?,theist,pro,Richard Swinburne,pro-two-natures-incarnation-distinction,reply,2,87,81,99,69,95,90,87,stronger support,v4-closed-findings-adapter
94,swinburne-huemer-theism-coherent-2026,Richard Swinburne vs Michael Huemer: Is Theism Coherent?,theist,pro,Richard Swinburne,pro-supertask-requires-extended-final-period,reply,2,52,57,70,86,75,55,64,assertion/anecdote/authority/speculation carries substantial weight,v4-closed-findings-adapter
94,swinburne-huemer-theism-coherent-2026,Richard Swinburne vs Michael Huemer: Is Theism Coherent?,non_theist,con,Michael Huemer,con-lamp-supertask-has-positive-duration-events,reply,2,93,89,99,87,95,95,93,stronger support,v4-closed-findings-adapter
97,holland-grayling-christianity-human-values-2019,Tom Holland vs A. C. Grayling: Did Christianity Give Us Our Human Values?,theist,pro,Tom Holland,pro-crucifixion-dignity-reversal,constructive,3,85,75,88,87,75,75,82,material warrant or verification step compressed,v4-closed-findings-adapter
97,holland-grayling-christianity-human-values-2019,Tom Holland vs A. C. Grayling: Did Christianity Give Us Our Human Values?,theist,pro,Tom Holland,pro-transformed-universal-kinship,constructive,3,86,79,89,87,75,82,84,material warrant or verification step compressed,v4-closed-findings-adapter
97,holland-grayling-christianity-human-values-2019,Tom Holland vs A. C. Grayling: Did Christianity Give Us Our Human Values?,non_theist,con,A. C. Grayling,con-classical-suppression-and-absorption,reply,2,82,72,94,86,75,80,82,material warrant or verification step compressed,v4-closed-findings-adapter
97,holland-grayling-christianity-human-values-2019,Tom Holland vs A. C. Grayling: Did Christianity Give Us Our Human Values?,theist,pro,Tom Holland,pro-christian-classical-preservation,reply,2,87,81,73,87,75,80,81,stronger support,v4-closed-findings-adapter
97,holland-grayling-christianity-human-values-2019,Tom Holland vs A. C. Grayling: Did Christianity Give Us Our Human Values?,non_theist,con,A. C. Grayling,con-plural-preservation-channels,reply,2,90,82,73,69,95,92,83,stronger support,v4-closed-findings-adapter
97,holland-grayling-christianity-human-values-2019,Tom Holland vs A. C. Grayling: Did Christianity Give Us Our Human Values?,non_theist,con,A. C. Grayling,con-axial-classical-ethical-origins,reply,3,87,81,96,87,75,80,86,stronger support,v4-closed-findings-adapter
97,holland-grayling-christianity-human-values-2019,Tom Holland vs A. C. Grayling: Did Christianity Give Us Our Human Values?,theist,pro,Tom Holland,pro-bodily-integrity-sexual-restraint,reply,3,84,76,56,87,75,75,75,material warrant or verification step compressed,v4-closed-findings-adapter
97,holland-grayling-christianity-human-values-2019,Tom Holland vs A. C. Grayling: Did Christianity Give Us Our Human Values?,non_theist,con,A. C. Grayling,con-christian-gender-slavery-counterhistory,reply,3,86,76,96,87,75,79,84,material warrant or verification step compressed,v4-closed-findings-adapter
97,holland-grayling-christianity-human-values-2019,Tom Holland vs A. C. Grayling: Did Christianity Give Us Our Human Values?,theist,pro,Tom Holland,pro-christian-abolition-impetus,reply,3,84,76,96,87,75,80,84,material warrant or verification step compressed,v4-closed-findings-adapter
97,holland-grayling-christianity-human-values-2019,Tom Holland vs A. C. Grayling: Did Christianity Give Us Our Human Values?,non_theist,con,A. C. Grayling,con-classical-recovery-empirical-emancipation,reply,3,83,78,54,87,85,80,77,material warrant or verification step compressed,v4-closed-findings-adapter
97,holland-grayling-christianity-human-values-2019,Tom Holland vs A. C. Grayling: Did Christianity Give Us Our Human Values?,theist,pro,Tom Holland,pro-christian-modernity-continuity,reply,3,73,69,95,87,75,70,79,assertion/anecdote/authority/speculation carries substantial weight,v4-closed-findings-adapter
97,holland-grayling-christianity-human-values-2019,Tom Holland vs A. C. Grayling: Did Christianity Give Us Our Human Values?,non_theist,con,A. C. Grayling,con-enlightenment-secular-humanism,reply,3,85,77,96,100,95,80,88,material warrant or verification step compressed,v4-closed-findings-adapter
97,holland-grayling-christianity-human-values-2019,Tom Holland vs A. C. Grayling: Did Christianity Give Us Our Human Values?,theist,pro,Tom Holland,pro-humanism-cultural-distribution,reply,2,69,62,95,99,75,64,77,assertion/anecdote/authority/speculation carries substantial weight,v4-closed-findings-adapter
97,holland-grayling-christianity-human-values-2019,Tom Holland vs A. C. Grayling: Did Christianity Give Us Our Human Values?,non_theist,con,A. C. Grayling,con-independent-cross-cultural-humanism,reply,3,90,83,96,87,95,93,90,stronger support,v4-closed-findings-adapter
97,holland-grayling-christianity-human-values-2019,Tom Holland vs A. C. Grayling: Did Christianity Give Us Our Human Values?,theist,pro,Tom Holland,pro-compassion-dignity-distinction,reply,3,78,62,95,87,75,65,78,assertion/anecdote/authority/speculation carries substantial weight,v4-closed-findings-adapter
97,holland-grayling-christianity-human-values-2019,Tom Holland vs A. C. Grayling: Did Christianity Give Us Our Human Values?,non_theist,con,A. C. Grayling,con-humanistic-parallels-originality-test,reply,3,74,71,73,69,75,70,72,material warrant or verification step compressed,v4-closed-findings-adapter
97,holland-grayling-christianity-human-values-2019,Tom Holland vs A. C. Grayling: Did Christianity Give Us Our Human Values?,non_theist,con,A. C. Grayling,con-disputed-sexual-ethical-novelties,reply,2,82,77,95,87,75,84,84,material warrant or verification step compressed,v4-closed-findings-adapter
97,holland-grayling-christianity-human-values-2019,Tom Holland vs A. C. Grayling: Did Christianity Give Us Our Human Values?,theist,pro,Tom Holland,pro-secularism-theological-descent,reply,3,57,43,53,86,60,55,58,effectively unsupported,v4-closed-findings-adapter
98,craig-grayling-evil-god-reasonable-2011,William Lane Craig vs A. C. Grayling: Is Belief in God Reasonable in Light of Evil?,theist,pro,William Lane Craig,pro-logical-hidden-premises,constructive,3,92,85,93,87,95,93,90,stronger support,v4-closed-findings-adapter
98,craig-grayling-evil-god-reasonable-2011,William Lane Craig vs A. C. Grayling: Is Belief in God Reasonable in Light of Evil?,theist,pro,William Lane Craig,pro-epistemic-limits-providence,constructive,3,83,74,90,87,95,77,84,material warrant or verification step compressed,v4-closed-findings-adapter
98,craig-grayling-evil-god-reasonable-2011,William Lane Craig vs A. C. Grayling: Is Belief in God Reasonable in Light of Evil?,theist,pro,William Lane Craig,pro-knowledge-god-eternal-recompense,constructive,3,83,71,87,87,95,87,84,material warrant or verification step compressed,v4-closed-findings-adapter
98,craig-grayling-evil-god-reasonable-2011,William Lane Craig vs A. C. Grayling: Is Belief in God Reasonable in Light of Evil?,theist,pro,William Lane Craig,pro-evil-within-total-evidence,constructive,3,88,68,86,100,95,79,85,assertion/anecdote/authority/speculation carries substantial weight,v4-closed-findings-adapter
98,craig-grayling-evil-god-reasonable-2011,William Lane Craig vs A. C. Grayling: Is Belief in God Reasonable in Light of Evil?,non_theist,con,A. C. Grayling,con-religious-pluralism-salvation,reply,2,76,71,94,69,75,78,78,material warrant or verification step compressed,v4-closed-findings-adapter
98,craig-grayling-evil-god-reasonable-2011,William Lane Craig vs A. C. Grayling: Is Belief in God Reasonable in Light of Evil?,non_theist,con,A. C. Grayling,con-suffering-attributes-inference,reply,3,82,81,95,87,95,90,87,stronger support,v4-closed-findings-adapter
98,craig-grayling-evil-god-reasonable-2011,William Lane Craig vs A. C. Grayling: Is Belief in God Reasonable in Light of Evil?,non_theist,con,A. C. Grayling,con-power-permission-dilemma,reply,3,66,66,98,87,85,61,77,assertion/anecdote/authority/speculation carries substantial weight,v4-closed-findings-adapter
98,craig-grayling-evil-god-reasonable-2011,William Lane Craig vs A. C. Grayling: Is Belief in God Reasonable in Light of Evil?,non_theist,con,A. C. Grayling,con-freedom-better-world,reply,3,86,75,99,87,95,92,88,material warrant or verification step compressed,v4-closed-findings-adapter
98,craig-grayling-evil-god-reasonable-2011,William Lane Craig vs A. C. Grayling: Is Belief in God Reasonable in Light of Evil?,non_theist,con,A. C. Grayling,con-unknown-reasons-insufficient,reply,3,87,79,95,87,95,86,88,material warrant or verification step compressed,v4-closed-findings-adapter
98,craig-grayling-evil-god-reasonable-2011,William Lane Craig vs A. C. Grayling: Is Belief in God Reasonable in Light of Evil?,non_theist,con,A. C. Grayling,con-ordinary-moral-knowledge,reply,3,87,80,99,87,95,89,89,stronger support,v4-closed-findings-adapter
98,craig-grayling-evil-god-reasonable-2011,William Lane Craig vs A. C. Grayling: Is Belief in God Reasonable in Light of Evil?,non_theist,con,A. C. Grayling,con-future-recompense-blank-check,reply,3,80,74,97,99,95,85,87,material warrant or verification step compressed,v4-closed-findings-adapter
98,craig-grayling-evil-god-reasonable-2011,William Lane Craig vs A. C. Grayling: Is Belief in God Reasonable in Light of Evil?,non_theist,con,A. C. Grayling,con-possibility-feasibility-gap,reply,3,90,78,99,87,95,93,90,material warrant or verification step compressed,v4-closed-findings-adapter
98,craig-grayling-evil-god-reasonable-2011,William Lane Craig vs A. C. Grayling: Is Belief in God Reasonable in Light of Evil?,theist,pro,William Lane Craig,pro-objective-evil-moral-argument,reply,2,88,65,97,69,95,90,83,assertion/anecdote/authority/speculation carries substantial weight,v4-closed-findings-adapter
98,craig-grayling-evil-god-reasonable-2011,William Lane Craig vs A. C. Grayling: Is Belief in God Reasonable in Light of Evil?,non_theist,con,A. C. Grayling,con-objective-human-needs-morality,reply,2,76,78,98,69,95,86,83,material warrant or verification step compressed,v4-closed-findings-adapter
98,craig-grayling-evil-god-reasonable-2011,William Lane Craig vs A. C. Grayling: Is Belief in God Reasonable in Light of Evil?,theist,pro,William Lane Craig,pro-evolutionary-contingency-morality,reply,2,72,71,97,69,85,73,78,material warrant or verification step compressed,v4-closed-findings-adapter
98,craig-grayling-evil-god-reasonable-2011,William Lane Craig vs A. C. Grayling: Is Belief in God Reasonable in Light of Evil?,non_theist,con,A. C. Grayling,con-suffering-constrains-choice,reply,2,81,81,97,69,85,82,83,stronger support,v4-closed-findings-adapter
98,craig-grayling-evil-god-reasonable-2011,William Lane Craig vs A. C. Grayling: Is Belief in God Reasonable in Light of Evil?,theist,pro,William Lane Craig,pro-providential-natural-disasters,reply,3,76,58,95,69,95,86,78,assertion/anecdote/authority/speculation carries substantial weight,v4-closed-findings-adapter
98,craig-grayling-evil-god-reasonable-2011,William Lane Craig vs A. C. Grayling: Is Belief in God Reasonable in Light of Evil?,theist,pro,William Lane Craig,pro-significant-freedom-no-guarantee,reply,3,83,75,96,87,95,86,86,material warrant or verification step compressed,v4-closed-findings-adapter
98,craig-grayling-evil-god-reasonable-2011,William Lane Craig vs A. C. Grayling: Is Belief in God Reasonable in Light of Evil?,theist,pro,William Lane Craig,pro-closing-cumulative-theistic-case,reply,3,85,75,96,100,95,77,88,material warrant or verification step compressed,v4-closed-findings-adapter
99,jones-jump-digital-physics-god-2019,Michael Jones vs Tom Jump: Does God Exist?,theist,pro,Michael Jones,pro-emergent-mindlike-structure,constructive,3,61,56,88,87,75,62,71,assertion/anecdote/authority/speculation carries substantial weight,v4-closed-findings-adapter
99,jones-jump-digital-physics-god-2019,Michael Jones vs Tom Jump: Does God Exist?,theist,pro,Michael Jones,pro-contingent-minds-fundamental-consciousness,constructive,3,59,52,85,87,75,47,67,assertion/anecdote/authority/speculation carries substantial weight,v4-closed-findings-adapter
99,jones-jump-digital-physics-god-2019,Michael Jones vs Tom Jump: Does God Exist?,theist,pro,Michael Jones,pro-comparative-theistic-explanation,constructive,3,69,53,85,100,85,61,74,assertion/anecdote/authority/speculation carries substantial weight,v4-closed-findings-adapter
99,jones-jump-digital-physics-god-2019,Michael Jones vs Tom Jump: Does God Exist?,non_theist,con,Tom Jump,con-underdetermination-equal-explanation,reply,3,85,78,99,100,95,80,89,material warrant or verification step compressed,v4-closed-findings-adapter
99,jones-jump-digital-physics-god-2019,Michael Jones vs Tom Jump: Does God Exist?,non_theist,con,Tom Jump,con-limits-metaphysical-stopping-points,reply,3,76,56,98,87,75,69,77,assertion/anecdote/authority/speculation carries substantial weight,v4-closed-findings-adapter
99,jones-jump-digital-physics-god-2019,Michael Jones vs Tom Jump: Does God Exist?,non_theist,con,Tom Jump,con-parsimony-against-divine-properties,reply,3,80,74,98,87,85,82,84,material warrant or verification step compressed,v4-closed-findings-adapter
99,jones-jump-digital-physics-god-2019,Michael Jones vs Tom Jump: Does God Exist?,non_theist,con,Tom Jump,con-suffering-against-perfect-god,constructive,2,63,55,80,69,75,58,66,assertion/anecdote/authority/speculation carries substantial weight,v4-closed-findings-adapter
99,jones-jump-digital-physics-god-2019,Michael Jones vs Tom Jump: Does God Exist?,theist,pro,Michael Jones,pro-parsimony-with-explanatory-adequacy,reply,3,89,73,98,87,95,89,88,material warrant or verification step compressed,v4-closed-findings-adapter
99,jones-jump-digital-physics-god-2019,Michael Jones vs Tom Jump: Does God Exist?,non_theist,con,Tom Jump,con-natural-emergent-spacetime,reply,3,76,68,98,87,75,73,80,assertion/anecdote/authority/speculation carries substantial weight,v4-closed-findings-adapter
99,jones-jump-digital-physics-god-2019,Michael Jones vs Tom Jump: Does God Exist?,theist,pro,Michael Jones,pro-defeasible-metaphysical-abduction,reply,3,88,75,98,87,95,89,88,material warrant or verification step compressed,v4-closed-findings-adapter
99,jones-jump-digital-physics-god-2019,Michael Jones vs Tom Jump: Does God Exist?,non_theist,con,Tom Jump,con-physical-basis-more-parsimonious,reply,3,68,58,98,87,75,62,75,assertion/anecdote/authority/speculation carries substantial weight,v4-closed-findings-adapter
99,jones-jump-digital-physics-god-2019,Michael Jones vs Tom Jump: Does God Exist?,non_theist,con,Tom Jump,con-induction-natural-consciousness,reply,3,69,63,98,87,60,61,75,assertion/anecdote/authority/speculation carries substantial weight,v4-closed-findings-adapter
99,jones-jump-digital-physics-god-2019,Michael Jones vs Tom Jump: Does God Exist?,theist,pro,Michael Jones,pro-deeper-laws-compatible-with-mind,reply,3,65,55,96,87,60,70,73,assertion/anecdote/authority/speculation carries substantial weight,v4-closed-findings-adapter
99,jones-jump-digital-physics-god-2019,Michael Jones vs Tom Jump: Does God Exist?,theist,pro,Michael Jones,pro-necessary-foundation-identified-as-god,reply,3,72,55,95,87,75,68,75,assertion/anecdote/authority/speculation carries substantial weight,v4-closed-findings-adapter
99,jones-jump-digital-physics-god-2019,Michael Jones vs Tom Jump: Does God Exist?,non_theist,con,Tom Jump,con-natural-cosmic-foundation,reply,3,79,72,98,87,95,87,85,material warrant or verification step compressed,v4-closed-findings-adapter
99,jones-jump-digital-physics-god-2019,Michael Jones vs Tom Jump: Does God Exist?,theist,pro,Michael Jones,pro-fundamental-consciousness-ends-regress,reply,3,59,50,96,87,75,60,71,assertion/anecdote/authority/speculation carries substantial weight,v4-closed-findings-adapter
99,jones-jump-digital-physics-god-2019,Michael Jones vs Tom Jump: Does God Exist?,theist,pro,Michael Jones,pro-metaphysical-model-inference,reply,3,79,68,73,87,95,76,78,assertion/anecdote/authority/speculation carries substantial weight,v4-closed-findings-adapter
99,jones-jump-digital-physics-god-2019,Michael Jones vs Tom Jump: Does God Exist?,non_theist,con,Tom Jump,con-conscious-god-not-physical-theory,reply,2,73,65,98,86,95,67,80,assertion/anecdote/authority/speculation carries substantial weight,v4-closed-findings-adapter
99,jones-jump-digital-physics-god-2019,Michael Jones vs Tom Jump: Does God Exist?,non_theist,con,Tom Jump,con-human-knowledge-limit-not-self-refuting,reply,2,92,73,99,87,95,81,88,material warrant or verification step compressed,v4-closed-findings-adapter
99,jones-jump-digital-physics-god-2019,Michael Jones vs Tom Jump: Does God Exist?,theist,pro,Michael Jones,pro-neural-correlation-interface-model,reply,3,79,65,97,69,75,78,78,assertion/anecdote/authority/speculation carries substantial weight,v4-closed-findings-adapter
100,jones-dillahunty-emergent-mind-god-2020,Michael Jones vs Matt Dillahunty: Reason to Believe in God?,theist,pro,Michael Jones,pro-digital-emergent-spacetime-mind,constructive,3,66,58,84,87,75,61,72,assertion/anecdote/authority/speculation carries substantial weight,v4-closed-findings-adapter
100,jones-dillahunty-emergent-mind-god-2020,Michael Jones vs Matt Dillahunty: Reason to Believe in God?,theist,pro,Michael Jones,pro-contingent-minds-personal-source,constructive,3,61,53,80,69,75,58,66,assertion/anecdote/authority/speculation carries substantial weight,v4-closed-findings-adapter
100,jones-dillahunty-emergent-mind-god-2020,Michael Jones vs Matt Dillahunty: Reason to Believe in God?,theist,pro,Michael Jones,pro-idealist-asymmetric-reduction,constructive,3,66,55,86,87,75,60,71,assertion/anecdote/authority/speculation carries substantial weight,v4-closed-findings-adapter
100,jones-dillahunty-emergent-mind-god-2020,Michael Jones vs Matt Dillahunty: Reason to Believe in God?,non_theist,con,Matt Dillahunty,con-rejection-needs-no-rival-explanation,reply,3,93,87,99,87,95,91,92,stronger support,v4-closed-findings-adapter
100,jones-dillahunty-emergent-mind-god-2020,Michael Jones vs Matt Dillahunty: Reason to Believe in God?,non_theist,con,Matt Dillahunty,con-comparative-standing-does-not-establish-probability,reply,3,95,89,99,87,95,94,93,stronger support,v4-closed-findings-adapter
100,jones-dillahunty-emergent-mind-god-2020,Michael Jones vs Matt Dillahunty: Reason to Believe in God?,non_theist,con,Matt Dillahunty,con-generic-foundation-lacks-divine-content,reply,3,94,87,99,69,95,93,90,stronger support,v4-closed-findings-adapter
100,jones-dillahunty-emergent-mind-god-2020,Michael Jones vs Matt Dillahunty: Reason to Believe in God?,non_theist,con,Matt Dillahunty,con-quantum-measurement-does-not-demonstrate-conscious-collapse,reply,3,89,75,98,87,95,91,89,material warrant or verification step compressed,v4-closed-findings-adapter
100,jones-dillahunty-emergent-mind-god-2020,Michael Jones vs Matt Dillahunty: Reason to Believe in God?,theist,pro,Michael Jones,pro-provisional-best-explanation,reply,3,74,68,94,87,75,72,79,assertion/anecdote/authority/speculation carries substantial weight,v4-closed-findings-adapter
100,jones-dillahunty-emergent-mind-god-2020,Michael Jones vs Matt Dillahunty: Reason to Believe in God?,theist,pro,Michael Jones,pro-consciousness-with-reduced-or-absent-brains,constructive,2,71,62,75,87,60,59,70,assertion/anecdote/authority/speculation carries substantial weight,v4-closed-findings-adapter
100,jones-dillahunty-emergent-mind-god-2020,Michael Jones vs Matt Dillahunty: Reason to Believe in God?,theist,pro,Michael Jones,pro-top-down-mental-causation,constructive,2,74,68,79,87,75,69,75,assertion/anecdote/authority/speculation carries substantial weight,v4-closed-findings-adapter
100,jones-dillahunty-emergent-mind-god-2020,Michael Jones vs Matt Dillahunty: Reason to Believe in God?,theist,pro,Michael Jones,pro-convergent-indirect-inference,reply,3,82,73,97,69,75,76,80,material warrant or verification step compressed,v4-closed-findings-adapter
100,jones-dillahunty-emergent-mind-god-2020,Michael Jones vs Matt Dillahunty: Reason to Believe in God?,theist,pro,Michael Jones,pro-objects-as-properties-and-information,reply,2,63,54,55,87,75,57,64,assertion/anecdote/authority/speculation carries substantial weight,v4-closed-findings-adapter
100,jones-dillahunty-emergent-mind-god-2020,Michael Jones vs Matt Dillahunty: Reason to Believe in God?,non_theist,con,Matt Dillahunty,con-unexperienced-physical-interactions-persist,reply,3,91,88,98,87,95,89,91,stronger support,v4-closed-findings-adapter
100,jones-dillahunty-emergent-mind-god-2020,Michael Jones vs Matt Dillahunty: Reason to Believe in God?,theist,pro,Michael Jones,pro-contextuality-active-observer,reply,3,62,58,94,87,75,57,72,assertion/anecdote/authority/speculation carries substantial weight,v4-closed-findings-adapter
100,jones-dillahunty-emergent-mind-god-2020,Michael Jones vs Matt Dillahunty: Reason to Believe in God?,non_theist,con,Matt Dillahunty,con-neutral-unknown-does-not-yet-identify-mind,reply,3,96,90,99,87,95,94,94,stronger support,v4-closed-findings-adapter
100,jones-dillahunty-emergent-mind-god-2020,Michael Jones vs Matt Dillahunty: Reason to Believe in God?,non_theist,con,Matt Dillahunty,con-simulation-capacity-does-not-show-simulated-reality,reply,2,90,83,98,87,95,91,90,stronger support,v4-closed-findings-adapter
100,jones-dillahunty-emergent-mind-god-2020,Michael Jones vs Matt Dillahunty: Reason to Believe in God?,theist,pro,Michael Jones,pro-brainless-mind-idealist-account,reply,2,76,62,71,69,75,79,71,assertion/anecdote/authority/speculation carries substantial weight,v4-closed-findings-adapter
100,jones-dillahunty-emergent-mind-god-2020,Michael Jones vs Matt Dillahunty: Reason to Believe in God?,non_theist,con,Matt Dillahunty,con-observed-minds-involve-material-processing,reply,3,91,84,98,69,95,93,88,stronger support,v4-closed-findings-adapter
100,jones-dillahunty-emergent-mind-god-2020,Michael Jones vs Matt Dillahunty: Reason to Believe in God?,non_theist,con,Matt Dillahunty,con-extra-material-mind-bears-affirmative-burden,reply,3,96,88,99,87,95,95,93,stronger support,v4-closed-findings-adapter
101,woodford-scrivener-religion-poisons-everything-2026,Stephen Woodford vs Glen Scrivener: Does Religion Poison Everything?,non_theist,pro,Stephen Woodford,pro-prior-human-decency,constructive,3,76,60,88,100,75,68,78,assertion/anecdote/authority/speculation carries substantial weight,v4-closed-findings-adapter
101,woodford-scrivener-religion-poisons-everything-2026,Stephen Woodford vs Glen Scrivener: Does Religion Poison Everything?,non_theist,pro,Stephen Woodford,pro-unique-good-without-harm-test,constructive,3,70,64,93,100,75,60,77,assertion/anecdote/authority/speculation carries substantial weight,v4-closed-findings-adapter
101,woodford-scrivener-religion-poisons-everything-2026,Stephen Woodford vs Glen Scrivener: Does Religion Poison Everything?,theist,con,Glen Scrivener,con-internal-critique-corrupt-religion,reply,2,83,78,73,69,75,90,78,material warrant or verification step compressed,v4-closed-findings-adapter
101,woodford-scrivener-religion-poisons-everything-2026,Stephen Woodford vs Glen Scrivener: Does Religion Poison Everything?,theist,con,Glen Scrivener,con-devotion-compassion-institutions,reply,3,80,69,98,87,75,64,80,assertion/anecdote/authority/speculation carries substantial weight,v4-closed-findings-adapter
101,woodford-scrivener-religion-poisons-everything-2026,Stephen Woodford vs Glen Scrivener: Does Religion Poison Everything?,theist,con,Glen Scrivener,con-human-poison-christian-antidote,reply,3,72,57,97,87,75,64,76,assertion/anecdote/authority/speculation carries substantial weight,v4-closed-findings-adapter
101,woodford-scrivener-religion-poisons-everything-2026,Stephen Woodford vs Glen Scrivener: Does Religion Poison Everything?,non_theist,pro,Stephen Woodford,pro-community-with-doctrinal-subordination,reply,2,80,65,97,87,75,79,81,assertion/anecdote/authority/speculation carries substantial weight,v4-closed-findings-adapter
101,woodford-scrivener-religion-poisons-everything-2026,Stephen Woodford vs Glen Scrivener: Does Religion Poison Everything?,non_theist,pro,Stephen Woodford,pro-community-is-human-not-unique,reply,2,85,80,72,87,95,79,82,stronger support,v4-closed-findings-adapter
101,woodford-scrivener-religion-poisons-everything-2026,Stephen Woodford vs Glen Scrivener: Does Religion Poison Everything?,non_theist,pro,Stephen Woodford,pro-christian-dominion-failed-to-abolish,reply,3,83,69,97,69,75,77,80,assertion/anecdote/authority/speculation carries substantial weight,v4-closed-findings-adapter
101,woodford-scrivener-religion-poisons-everything-2026,Stephen Woodford vs Glen Scrivener: Does Religion Poison Everything?,theist,con,Glen Scrivener,con-original-sin-precedes-religion,reply,3,78,74,98,87,75,85,83,material warrant or verification step compressed,v4-closed-findings-adapter
101,woodford-scrivener-religion-poisons-everything-2026,Stephen Woodford vs Glen Scrivener: Does Religion Poison Everything?,theist,con,Glen Scrivener,con-monogamy-constrains-male-power,reply,2,83,71,95,87,75,75,82,material warrant or verification step compressed,v4-closed-findings-adapter
101,woodford-scrivener-religion-poisons-everything-2026,Stephen Woodford vs Glen Scrivener: Does Religion Poison Everything?,non_theist,pro,Stephen Woodford,pro-humane-motif-retreats-from-scripture,reply,3,84,78,98,87,75,61,83,material warrant or verification step compressed,v4-closed-findings-adapter
101,woodford-scrivener-religion-poisons-everything-2026,Stephen Woodford vs Glen Scrivener: Does Religion Poison Everything?,theist,con,Glen Scrivener,con-image-of-god-against-slavery,reply,3,88,77,97,87,95,80,87,material warrant or verification step compressed,v4-closed-findings-adapter
101,woodford-scrivener-religion-poisons-everything-2026,Stephen Woodford vs Glen Scrivener: Does Religion Poison Everything?,theist,con,Glen Scrivener,con-trinitarian-ground-of-goodness,reply,3,83,74,98,87,85,83,85,material warrant or verification step compressed,v4-closed-findings-adapter
101,woodford-scrivener-religion-poisons-everything-2026,Stephen Woodford vs Glen Scrivener: Does Religion Poison Everything?,theist,con,Glen Scrivener,con-equality-and-gradual-abolition,reply,3,77,63,98,69,75,69,76,assertion/anecdote/authority/speculation carries substantial weight,v4-closed-findings-adapter
101,woodford-scrivener-religion-poisons-everything-2026,Stephen Woodford vs Glen Scrivener: Does Religion Poison Everything?,non_theist,pro,Stephen Woodford,pro-selective-gradualism-on-slavery,reply,3,88,76,99,69,75,82,83,material warrant or verification step compressed,v4-closed-findings-adapter
101,woodford-scrivener-religion-poisons-everything-2026,Stephen Woodford vs Glen Scrivener: Does Religion Poison Everything?,theist,con,Glen Scrivener,con-enemy-love-beyond-tribe,reply,3,77,65,74,87,75,61,74,assertion/anecdote/authority/speculation carries substantial weight,v4-closed-findings-adapter
101,woodford-scrivener-religion-poisons-everything-2026,Stephen Woodford vs Glen Scrivener: Does Religion Poison Everything?,non_theist,pro,Stephen Woodford,pro-divine-nature-canaan-test,reply,3,87,70,98,87,95,87,87,material warrant or verification step compressed,v4-closed-findings-adapter
101,woodford-scrivener-religion-poisons-everything-2026,Stephen Woodford vs Glen Scrivener: Does Religion Poison Everything?,theist,con,Glen Scrivener,con-objective-ground-beyond-agreement,reply,3,77,69,71,69,85,69,73,assertion/anecdote/authority/speculation carries substantial weight,v4-closed-findings-adapter
101,woodford-scrivener-religion-poisons-everything-2026,Stephen Woodford vs Glen Scrivener: Does Religion Poison Everything?,non_theist,pro,Stephen Woodford,pro-nonchristian-moral-goods-test,reply,2,86,81,98,87,95,90,89,stronger support,v4-closed-findings-adapter
101,woodford-scrivener-religion-poisons-everything-2026,Stephen Woodford vs Glen Scrivener: Does Religion Poison Everything?,theist,con,Glen Scrivener,con-conquest-context-and-christian-prohibition,reply,3,83,75,97,87,75,79,84,material warrant or verification step compressed,v4-closed-findings-adapter
101,woodford-scrivener-religion-poisons-everything-2026,Stephen Woodford vs Glen Scrivener: Does Religion Poison Everything?,non_theist,pro,Stephen Woodford,pro-child-sacrifice-punishment-incoherence,reply,3,92,70,99,87,75,87,86,material warrant or verification step compressed,v4-closed-findings-adapter
102,woodford-brierley-christianity-rational-2019,Stephen Woodford vs Justin Brierley: Is Christianity Rational?,theist,con,Justin Brierley,con-rational-belief-standard,constructive,2,82,74,84,70,75,85,79,material warrant or verification step compressed,v4-closed-findings-adapter
102,woodford-brierley-christianity-rational-2019,Stephen Woodford vs Justin Brierley: Is Christianity Rational?,theist,con,Justin Brierley,con-experience-and-investigation,constructive,2,80,69,81,70,95,85,79,assertion/anecdote/authority/speculation carries substantial weight,v4-closed-findings-adapter
102,woodford-brierley-christianity-rational-2019,Stephen Woodford vs Justin Brierley: Is Christianity Rational?,theist,con,Justin Brierley,con-fine-tuning-intelligibility,constructive,3,76,66,86,87,85,68,78,assertion/anecdote/authority/speculation carries substantial weight,v4-closed-findings-adapter
102,woodford-brierley-christianity-rational-2019,Stephen Woodford vs Justin Brierley: Is Christianity Rational?,theist,con,Justin Brierley,con-dignity-and-moral-grounding,constructive,3,72,62,84,87,75,59,74,assertion/anecdote/authority/speculation carries substantial weight,v4-closed-findings-adapter
102,woodford-brierley-christianity-rational-2019,Stephen Woodford vs Justin Brierley: Is Christianity Rational?,theist,con,Justin Brierley,con-god-guarantor-of-reason,constructive,3,60,58,83,87,75,55,69,assertion/anecdote/authority/speculation carries substantial weight,v4-closed-findings-adapter
102,woodford-brierley-christianity-rational-2019,Stephen Woodford vs Justin Brierley: Is Christianity Rational?,theist,con,Justin Brierley,con-resurrection-best-explanation,constructive,3,74,63,87,87,85,60,76,assertion/anecdote/authority/speculation carries substantial weight,v4-closed-findings-adapter
102,woodford-brierley-christianity-rational-2019,Stephen Woodford vs Justin Brierley: Is Christianity Rational?,non_theist,pro,Stephen Woodford,pro-scientific-correction-of-genesis,reply,2,77,69,56,84,75,70,71,assertion/anecdote/authority/speculation carries substantial weight,v4-closed-findings-adapter
102,woodford-brierley-christianity-rational-2019,Stephen Woodford vs Justin Brierley: Is Christianity Rational?,non_theist,pro,Stephen Woodford,pro-consistent-evidence-trilemma,reply,3,59,61,95,87,75,54,72,assertion/anecdote/authority/speculation carries substantial weight,v4-closed-findings-adapter
102,woodford-brierley-christianity-rational-2019,Stephen Woodford vs Justin Brierley: Is Christianity Rational?,non_theist,pro,Stephen Woodford,pro-divine-communication-objection,reply,3,73,68,95,87,75,61,78,assertion/anecdote/authority/speculation carries substantial weight,v4-closed-findings-adapter
102,woodford-brierley-christianity-rational-2019,Stephen Woodford vs Justin Brierley: Is Christianity Rational?,non_theist,pro,Stephen Woodford,pro-rationality-without-free-choice,reply,3,86,77,98,87,95,90,88,material warrant or verification step compressed,v4-closed-findings-adapter
102,woodford-brierley-christianity-rational-2019,Stephen Woodford vs Justin Brierley: Is Christianity Rational?,non_theist,pro,Stephen Woodford,pro-naturalistic-moral-cooperation,reply,3,81,72,95,87,75,89,83,material warrant or verification step compressed,v4-closed-findings-adapter
102,woodford-brierley-christianity-rational-2019,Stephen Woodford vs Justin Brierley: Is Christianity Rational?,non_theist,pro,Stephen Woodford,pro-davids-child-moral-objection,constructive,3,81,78,86,87,85,79,83,material warrant or verification step compressed,v4-closed-findings-adapter
102,woodford-brierley-christianity-rational-2019,Stephen Woodford vs Justin Brierley: Is Christianity Rational?,theist,con,Justin Brierley,con-christological-scripture-reading,reply,3,74,68,94,87,75,80,79,assertion/anecdote/authority/speculation carries substantial weight,v4-closed-findings-adapter
102,woodford-brierley-christianity-rational-2019,Stephen Woodford vs Justin Brierley: Is Christianity Rational?,non_theist,pro,Stephen Woodford,pro-proportionate-supernatural-evidence,reply,3,84,75,95,87,95,79,85,material warrant or verification step compressed,v4-closed-findings-adapter
102,woodford-brierley-christianity-rational-2019,Stephen Woodford vs Justin Brierley: Is Christianity Rational?,non_theist,pro,Stephen Woodford,pro-miracles-do-not-entail-divinity,reply,3,91,81,99,87,95,91,90,stronger support,v4-closed-findings-adapter
102,woodford-brierley-christianity-rational-2019,Stephen Woodford vs Justin Brierley: Is Christianity Rational?,theist,con,Justin Brierley,con-early-testimony-access,reply,3,81,73,73,87,75,75,78,material warrant or verification step compressed,v4-closed-findings-adapter
102,woodford-brierley-christianity-rational-2019,Stephen Woodford vs Justin Brierley: Is Christianity Rational?,theist,con,Justin Brierley,con-fine-tuning-probability-qualified,reply,2,86,74,55,87,95,90,79,material warrant or verification step compressed,v4-closed-findings-adapter
102,woodford-brierley-christianity-rational-2019,Stephen Woodford vs Justin Brierley: Is Christianity Rational?,theist,con,Justin Brierley,con-evolutionary-truth-defeater,reply,3,63,59,94,87,85,58,74,assertion/anecdote/authority/speculation carries substantial weight,v4-closed-findings-adapter
102,woodford-brierley-christianity-rational-2019,Stephen Woodford vs Justin Brierley: Is Christianity Rational?,non_theist,pro,Stephen Woodford,pro-fallible-cognition-and-verification,reply,3,79,70,95,69,95,86,81,material warrant or verification step compressed,v4-closed-findings-adapter
103,woodford-edwards-rational-belief-god-2023,Stephen Woodford vs Simon Edwards: Is It Rational to Believe in God?,non_theist,pro,Stephen Woodford,pro-rationality-evidential-standard,constructive,3,90,83,92,69,95,85,86,stronger support,v4-closed-findings-adapter
103,woodford-edwards-rational-belief-god-2023,Stephen Woodford vs Simon Edwards: Is It Rational to Believe in God?,non_theist,pro,Stephen Woodford,pro-gratuitous-evil-divine-love,constructive,3,84,75,92,87,75,79,83,material warrant or verification step compressed,v4-closed-findings-adapter
103,woodford-edwards-rational-belief-god-2023,Stephen Woodford vs Simon Edwards: Is It Rational to Believe in God?,non_theist,pro,Stephen Woodford,pro-salvation-confusion-divine-love,constructive,3,83,74,88,87,75,81,82,material warrant or verification step compressed,v4-closed-findings-adapter
103,woodford-edwards-rational-belief-god-2023,Stephen Woodford vs Simon Edwards: Is It Rational to Believe in God?,theist,con,Simon Edwards,con-reason-designed-cognition,constructive,3,68,61,89,87,75,61,74,assertion/anecdote/authority/speculation carries substantial weight,v4-closed-findings-adapter
103,woodford-edwards-rational-belief-god-2023,Stephen Woodford vs Simon Edwards: Is It Rational to Believe in God?,theist,con,Simon Edwards,con-life-permitting-fine-tuning,constructive,3,75,64,88,87,75,68,77,assertion/anecdote/authority/speculation carries substantial weight,v4-closed-findings-adapter
103,woodford-edwards-rational-belief-god-2023,Stephen Woodford vs Simon Edwards: Is It Rational to Believe in God?,theist,con,Simon Edwards,con-objective-morality-grounded-in-god,constructive,3,72,67,89,87,85,70,78,assertion/anecdote/authority/speculation carries substantial weight,v4-closed-findings-adapter
103,woodford-edwards-rational-belief-god-2023,Stephen Woodford vs Simon Edwards: Is It Rational to Believe in God?,non_theist,pro,Stephen Woodford,pro-evolution-cognitive-reliability,reply,3,89,81,98,69,95,93,87,stronger support,v4-closed-findings-adapter
103,woodford-edwards-rational-belief-god-2023,Stephen Woodford vs Simon Edwards: Is It Rational to Believe in God?,theist,con,Simon Edwards,con-truth-directed-designed-intelligence,reply,2,72,61,71,69,85,59,69,assertion/anecdote/authority/speculation carries substantial weight,v4-closed-findings-adapter
103,woodford-edwards-rational-belief-god-2023,Stephen Woodford vs Simon Edwards: Is It Rational to Believe in God?,theist,con,Simon Edwards,con-suffering-counterevidence-not-defeater,reply,3,79,70,97,87,95,90,85,material warrant or verification step compressed,v4-closed-findings-adapter
103,woodford-edwards-rational-belief-god-2023,Stephen Woodford vs Simon Edwards: Is It Rational to Believe in God?,non_theist,pro,Stephen Woodford,pro-creator-evidence-classical-god-gap,reply,3,89,78,98,87,95,92,89,material warrant or verification step compressed,v4-closed-findings-adapter
103,woodford-edwards-rational-belief-god-2023,Stephen Woodford vs Simon Edwards: Is It Rational to Believe in God?,non_theist,pro,Stephen Woodford,pro-evolution-moral-intuitions,reply,2,77,73,70,68,95,78,75,material warrant or verification step compressed,v4-closed-findings-adapter
103,woodford-edwards-rational-belief-god-2023,Stephen Woodford vs Simon Edwards: Is It Rational to Believe in God?,non_theist,pro,Stephen Woodford,pro-divine-command-dilemma,reply,3,69,69,99,87,95,67,80,assertion/anecdote/authority/speculation carries substantial weight,v4-closed-findings-adapter
103,woodford-edwards-rational-belief-god-2023,Stephen Woodford vs Simon Edwards: Is It Rational to Believe in God?,theist,con,Simon Edwards,con-biblical-revelation-and-human-dignity,reply,2,75,62,54,68,75,69,67,assertion/anecdote/authority/speculation carries substantial weight,v4-closed-findings-adapter
103,woodford-edwards-rational-belief-god-2023,Stephen Woodford vs Simon Edwards: Is It Rational to Believe in God?,theist,con,Simon Edwards,con-euthyphro-divine-nature-resolution,reply,3,84,70,99,87,95,90,86,material warrant or verification step compressed,v4-closed-findings-adapter
103,woodford-edwards-rational-belief-god-2023,Stephen Woodford vs Simon Edwards: Is It Rational to Believe in God?,non_theist,pro,Stephen Woodford,pro-history-does-not-establish-miracles,reply,3,86,76,98,87,95,89,88,material warrant or verification step compressed,v4-closed-findings-adapter
103,woodford-edwards-rational-belief-god-2023,Stephen Woodford vs Simon Edwards: Is It Rational to Believe in God?,theist,con,Simon Edwards,con-guided-evolution-and-human-purpose,constructive,2,82,58,84,69,95,88,78,assertion/anecdote/authority/speculation carries substantial weight,v4-closed-findings-adapter
103,woodford-edwards-rational-belief-god-2023,Stephen Woodford vs Simon Edwards: Is It Rational to Believe in God?,non_theist,pro,Stephen Woodford,pro-natural-selection-explains-complexity,reply,3,82,76,73,69,75,71,75,material warrant or verification step compressed,v4-closed-findings-adapter
104,oconnor-baker-hytch-argument-from-reason-2020,Alex O'Connor vs Max Baker-Hytch: The Argument for God From Reason,non_theist,con,Alex O'Connor,con-determined-conviction-can-be-rational,constructive,2,85,77,80,86,95,90,84,material warrant or verification step compressed,v4-closed-findings-adapter
104,oconnor-baker-hytch-argument-from-reason-2020,Alex O'Connor vs Max Baker-Hytch: The Argument for God From Reason,theist,pro,Max Baker-Hytch,pro-comparative-probabilistic-framework,constructive,3,91,80,93,100,95,85,90,stronger support,v4-closed-findings-adapter
104,oconnor-baker-hytch-argument-from-reason-2020,Alex O'Connor vs Max Baker-Hytch: The Argument for God From Reason,theist,pro,Max Baker-Hytch,pro-original-intentionality-particles,constructive,3,73,69,86,87,75,70,77,assertion/anecdote/authority/speculation carries substantial weight,v4-closed-findings-adapter
104,oconnor-baker-hytch-argument-from-reason-2020,Alex O'Connor vs Max Baker-Hytch: The Argument for God From Reason,theist,pro,Max Baker-Hytch,pro-content-sensitive-mental-causation,constructive,3,76,70,89,87,85,72,80,material warrant or verification step compressed,v4-closed-findings-adapter
104,oconnor-baker-hytch-argument-from-reason-2020,Alex O'Connor vs Max Baker-Hytch: The Argument for God From Reason,theist,pro,Max Baker-Hytch,pro-selection-beyond-practical-cognition,constructive,2,82,74,83,69,95,90,81,material warrant or verification step compressed,v4-closed-findings-adapter
104,oconnor-baker-hytch-argument-from-reason-2020,Alex O'Connor vs Max Baker-Hytch: The Argument for God From Reason,non_theist,con,Alex O'Connor,con-evolved-abstraction-with-expected-limits,reply,2,86,77,98,87,95,93,88,material warrant or verification step compressed,v4-closed-findings-adapter
104,oconnor-baker-hytch-argument-from-reason-2020,Alex O'Connor vs Max Baker-Hytch: The Argument for God From Reason,non_theist,con,Alex O'Connor,con-deduction-as-necessary-transformation,reply,2,74,73,96,69,75,74,78,material warrant or verification step compressed,v4-closed-findings-adapter
104,oconnor-baker-hytch-argument-from-reason-2020,Alex O'Connor vs Max Baker-Hytch: The Argument for God From Reason,theist,pro,Max Baker-Hytch,pro-deduction-requires-recognition,reply,2,91,84,98,87,95,91,91,stronger support,v4-closed-findings-adapter
104,oconnor-baker-hytch-argument-from-reason-2020,Alex O'Connor vs Max Baker-Hytch: The Argument for God From Reason,non_theist,con,Alex O'Connor,con-representational-wholes-from-physical-parts,reply,3,78,74,98,87,75,77,82,material warrant or verification step compressed,v4-closed-findings-adapter
104,oconnor-baker-hytch-argument-from-reason-2020,Alex O'Connor vs Max Baker-Hytch: The Argument for God From Reason,theist,pro,Max Baker-Hytch,pro-derived-artifact-intentionality,reply,3,92,85,99,87,95,93,92,stronger support,v4-closed-findings-adapter
104,oconnor-baker-hytch-argument-from-reason-2020,Alex O'Connor vs Max Baker-Hytch: The Argument for God From Reason,non_theist,con,Alex O'Connor,con-selection-for-reliable-investigation,reply,3,84,73,98,87,95,92,87,material warrant or verification step compressed,v4-closed-findings-adapter
104,oconnor-baker-hytch-argument-from-reason-2020,Alex O'Connor vs Max Baker-Hytch: The Argument for God From Reason,non_theist,con,Alex O'Connor,con-incompleteness-does-not-license-supernaturalism,reply,2,86,79,98,69,95,83,85,material warrant or verification step compressed,v4-closed-findings-adapter
104,oconnor-baker-hytch-argument-from-reason-2020,Alex O'Connor vs Max Baker-Hytch: The Argument for God From Reason,non_theist,con,Alex O'Connor,con-graded-emergence-of-awareness,reply,3,74,69,71,87,75,78,75,assertion/anecdote/authority/speculation carries substantial weight,v4-closed-findings-adapter
104,oconnor-baker-hytch-argument-from-reason-2020,Alex O'Connor vs Max Baker-Hytch: The Argument for God From Reason,theist,pro,Max Baker-Hytch,pro-consciousness-gradient-and-epiphenomenalism,reply,3,81,75,99,87,95,76,85,material warrant or verification step compressed,v4-closed-findings-adapter
104,oconnor-baker-hytch-argument-from-reason-2020,Alex O'Connor vs Max Baker-Hytch: The Argument for God From Reason,non_theist,con,Alex O'Connor,con-consciousness-adaptation-or-byproduct,reply,2,77,67,95,86,75,82,80,assertion/anecdote/authority/speculation carries substantial weight,v4-closed-findings-adapter
104,oconnor-baker-hytch-argument-from-reason-2020,Alex O'Connor vs Max Baker-Hytch: The Argument for God From Reason,theist,pro,Max Baker-Hytch,pro-mentality-fundamental-limited-conclusion,constructive,3,93,80,92,69,95,85,86,stronger support,v4-closed-findings-adapter
104,oconnor-baker-hytch-argument-from-reason-2020,Alex O'Connor vs Max Baker-Hytch: The Argument for God From Reason,non_theist,con,Alex O'Connor,con-gradual-mechanisms-favor-naturalistic-expectation,reply,3,82,81,99,100,95,72,88,stronger support,v4-closed-findings-adapter
104,oconnor-baker-hytch-argument-from-reason-2020,Alex O'Connor vs Max Baker-Hytch: The Argument for God From Reason,theist,pro,Max Baker-Hytch,pro-complex-brains-do-not-predict-awareness,reply,3,77,69,99,100,95,69,84,assertion/anecdote/authority/speculation carries substantial weight,v4-closed-findings-adapter
106,peterson-blackmore-god-meaning-life-2018,Jordan Peterson vs Susan Blackmore: Do We Need God to Make Sense of Life?,theist,pro,Jordan Peterson,pro-belief-manifested-in-conduct,constructive,3,78,66,84,87,75,75,78,assertion/anecdote/authority/speculation carries substantial weight,v4-closed-findings-adapter
106,peterson-blackmore-god-meaning-life-2018,Jordan Peterson vs Susan Blackmore: Do We Need God to Make Sense of Life?,theist,pro,Jordan Peterson,pro-thin-secular-ethic-insufficient,constructive,3,68,58,88,87,75,60,73,assertion/anecdote/authority/speculation carries substantial weight,v4-closed-findings-adapter
106,peterson-blackmore-god-meaning-life-2018,Jordan Peterson vs Susan Blackmore: Do We Need God to Make Sense of Life?,non_theist,con,Susan Blackmore,con-religion-meme-complex-effects,constructive,2,84,68,82,87,75,75,79,assertion/anecdote/authority/speculation carries substantial weight,v4-closed-findings-adapter
106,peterson-blackmore-god-meaning-life-2018,Jordan Peterson vs Susan Blackmore: Do We Need God to Make Sense of Life?,theist,pro,Jordan Peterson,pro-archetypes-deeper-than-memes,reply,2,69,58,95,86,75,61,74,assertion/anecdote/authority/speculation carries substantial weight,v4-closed-findings-adapter
106,peterson-blackmore-god-meaning-life-2018,Jordan Peterson vs Susan Blackmore: Do We Need God to Make Sense of Life?,non_theist,con,Susan Blackmore,con-memes-distinct-second-replicator,reply,2,87,74,98,87,95,82,87,material warrant or verification step compressed,v4-closed-findings-adapter
106,peterson-blackmore-god-meaning-life-2018,Jordan Peterson vs Susan Blackmore: Do We Need God to Make Sense of Life?,theist,pro,Jordan Peterson,pro-biblical-stories-answer-tragedy,constructive,3,84,67,88,87,95,75,82,assertion/anecdote/authority/speculation carries substantial weight,v4-closed-findings-adapter
106,peterson-blackmore-god-meaning-life-2018,Jordan Peterson vs Susan Blackmore: Do We Need God to Make Sense of Life?,non_theist,con,Susan Blackmore,con-religious-wisdom-not-divine-causation,reply,2,80,71,95,69,95,89,82,material warrant or verification step compressed,v4-closed-findings-adapter
106,peterson-blackmore-god-meaning-life-2018,Jordan Peterson vs Susan Blackmore: Do We Need God to Make Sense of Life?,theist,pro,Jordan Peterson,pro-removing-foundations-creates-vacuum,reply,3,68,56,71,69,75,68,67,assertion/anecdote/authority/speculation carries substantial weight,v4-closed-findings-adapter
106,peterson-blackmore-god-meaning-life-2018,Jordan Peterson vs Susan Blackmore: Do We Need God to Make Sense of Life?,non_theist,con,Susan Blackmore,con-functioning-secular-societies-counterexample,reply,3,84,72,98,87,75,77,83,material warrant or verification step compressed,v4-closed-findings-adapter
106,peterson-blackmore-god-meaning-life-2018,Jordan Peterson vs Susan Blackmore: Do We Need God to Make Sense of Life?,theist,pro,Jordan Peterson,pro-highest-value-functions-as-god,constructive,3,65,58,89,87,75,59,72,assertion/anecdote/authority/speculation carries substantial weight,v4-closed-findings-adapter
106,peterson-blackmore-god-meaning-life-2018,Jordan Peterson vs Susan Blackmore: Do We Need God to Make Sense of Life?,non_theist,con,Susan Blackmore,con-secular-meditative-gratitude,reply,3,86,73,97,87,95,89,87,material warrant or verification step compressed,v4-closed-findings-adapter
106,peterson-blackmore-god-meaning-life-2018,Jordan Peterson vs Susan Blackmore: Do We Need God to Make Sense of Life?,theist,pro,Jordan Peterson,pro-gratitude-has-functional-divine-object,reply,2,59,52,97,87,60,58,69,assertion/anecdote/authority/speculation carries substantial weight,v4-closed-findings-adapter
106,peterson-blackmore-god-meaning-life-2018,Jordan Peterson vs Susan Blackmore: Do We Need God to Make Sense of Life?,theist,pro,Jordan Peterson,pro-meaning-sustains-through-tragedy,reply,3,77,60,55,87,75,62,69,assertion/anecdote/authority/speculation carries substantial weight,v4-closed-findings-adapter
106,peterson-blackmore-god-meaning-life-2018,Jordan Peterson vs Susan Blackmore: Do We Need God to Make Sense of Life?,non_theist,con,Susan Blackmore,con-positive-life-without-ultimate-purpose,reply,3,86,71,98,99,95,88,88,material warrant or verification step compressed,v4-closed-findings-adapter
106,peterson-blackmore-god-meaning-life-2018,Jordan Peterson vs Susan Blackmore: Do We Need God to Make Sense of Life?,theist,pro,Jordan Peterson,pro-coordination-generates-higher-meaning,reply,3,76,66,98,99,85,71,82,assertion/anecdote/authority/speculation carries substantial weight,v4-closed-findings-adapter
106,peterson-blackmore-god-meaning-life-2018,Jordan Peterson vs Susan Blackmore: Do We Need God to Make Sense of Life?,non_theist,con,Susan Blackmore,con-memetically-constructed-higher-meaning,reply,2,84,68,98,87,85,78,84,assertion/anecdote/authority/speculation carries substantial weight,v4-closed-findings-adapter
106,peterson-blackmore-god-meaning-life-2018,Jordan Peterson vs Susan Blackmore: Do We Need God to Make Sense of Life?,non_theist,con,Susan Blackmore,con-atheist-conduct-not-implicit-religion,reply,3,87,74,98,69,95,91,85,material warrant or verification step compressed,v4-closed-findings-adapter
107,lennox-ruse-science-faith-evidence-god-2018,"John Lennox vs Michael Ruse: Science, Faith, and the Evidence for God",non_theist,con,Michael Ruse,con-methodological-naturalism,constructive,3,88,81,86,87,95,85,86,stronger support,v4-closed-findings-adapter
107,lennox-ruse-science-faith-evidence-god-2018,"John Lennox vs Michael Ruse: Science, Faith, and the Evidence for God",theist,pro,John Lennox,pro-science-limits-method-metaphysics,reply,2,86,72,98,69,95,93,85,material warrant or verification step compressed,v4-closed-findings-adapter
107,lennox-ruse-science-faith-evidence-god-2018,"John Lennox vs Michael Ruse: Science, Faith, and the Evidence for God",theist,pro,John Lennox,pro-mathematics-divine-mind,constructive,3,74,62,82,87,85,60,75,assertion/anecdote/authority/speculation carries substantial weight,v4-closed-findings-adapter
107,lennox-ruse-science-faith-evidence-god-2018,"John Lennox vs Michael Ruse: Science, Faith, and the Evidence for God",non_theist,con,Michael Ruse,con-faith-before-design,reply,3,79,69,95,87,75,72,80,assertion/anecdote/authority/speculation carries substantial weight,v4-closed-findings-adapter
107,lennox-ruse-science-faith-evidence-god-2018,"John Lennox vs Michael Ruse: Science, Faith, and the Evidence for God",theist,pro,John Lennox,pro-faith-evidence-created-god,reply,3,85,67,98,87,95,72,84,assertion/anecdote/authority/speculation carries substantial weight,v4-closed-findings-adapter
107,lennox-ruse-science-faith-evidence-god-2018,"John Lennox vs Michael Ruse: Science, Faith, and the Evidence for God",non_theist,con,Michael Ruse,con-faith-inference-distinction,reply,3,77,71,98,87,75,84,82,material warrant or verification step compressed,v4-closed-findings-adapter
107,lennox-ruse-science-faith-evidence-god-2018,"John Lennox vs Michael Ruse: Science, Faith, and the Evidence for God",theist,pro,John Lennox,pro-cumulative-christian-evidence,reply,3,86,76,99,100,95,82,89,material warrant or verification step compressed,v4-closed-findings-adapter
107,lennox-ruse-science-faith-evidence-god-2018,"John Lennox vs Michael Ruse: Science, Faith, and the Evidence for God",non_theist,con,Michael Ruse,con-resurrection-spiritual-meaning,reply,3,79,66,97,87,95,69,82,assertion/anecdote/authority/speculation carries substantial weight,v4-closed-findings-adapter
107,lennox-ruse-science-faith-evidence-god-2018,"John Lennox vs Michael Ruse: Science, Faith, and the Evidence for God",theist,pro,John Lennox,pro-cana-real-divine-sign,reply,3,83,58,97,87,95,74,82,assertion/anecdote/authority/speculation carries substantial weight,v4-closed-findings-adapter
107,lennox-ruse-science-faith-evidence-god-2018,"John Lennox vs Michael Ruse: Science, Faith, and the Evidence for God",non_theist,con,Michael Ruse,con-miracle-moral-meaning,reply,3,74,56,96,87,75,64,76,assertion/anecdote/authority/speculation carries substantial weight,v4-closed-findings-adapter
107,lennox-ruse-science-faith-evidence-god-2018,"John Lennox vs Michael Ruse: Science, Faith, and the Evidence for God",theist,pro,John Lennox,pro-gospel-meaning-real-events,reply,3,87,64,98,69,95,83,82,assertion/anecdote/authority/speculation carries substantial weight,v4-closed-findings-adapter
107,lennox-ruse-science-faith-evidence-god-2018,"John Lennox vs Michael Ruse: Science, Faith, and the Evidence for God",theist,pro,John Lennox,pro-cross-resurrection-hope,reply,3,77,66,54,87,95,79,74,assertion/anecdote/authority/speculation carries substantial weight,v4-closed-findings-adapter
107,lennox-ruse-science-faith-evidence-god-2018,"John Lennox vs Michael Ruse: Science, Faith, and the Evidence for God",non_theist,con,Michael Ruse,con-metaphysical-modesty,constructive,2,92,80,88,69,95,94,86,stronger support,v4-closed-findings-adapter
107,lennox-ruse-science-faith-evidence-god-2018,"John Lennox vs Michael Ruse: Science, Faith, and the Evidence for God",non_theist,con,Michael Ruse,con-free-will-victim-cost,reply,3,88,83,98,87,95,94,90,stronger support,v4-closed-findings-adapter
107,lennox-ruse-science-faith-evidence-god-2018,"John Lennox vs Michael Ruse: Science, Faith, and the Evidence for God",non_theist,con,Michael Ruse,con-prior-goodness-framework,reply,3,91,77,98,99,95,93,91,material warrant or verification step compressed,v4-closed-findings-adapter
107,lennox-ruse-science-faith-evidence-god-2018,"John Lennox vs Michael Ruse: Science, Faith, and the Evidence for God",theist,pro,John Lennox,pro-freedom-love-moral-evil,reply,3,66,60,72,87,75,59,69,assertion/anecdote/authority/speculation carries substantial weight,v4-closed-findings-adapter
108,ward-ruse-mind-consciousness-god-2013,"Keith Ward vs Michael Ruse: Mind, Consciousness, and God",theist,pro,Keith Ward,pro-transformative-religious-experience,constructive,2,84,68,80,86,95,85,82,assertion/anecdote/authority/speculation carries substantial weight,v4-closed-findings-adapter
108,ward-ruse-mind-consciousness-god-2013,"Keith Ward vs Michael Ruse: Mind, Consciousness, and God",non_theist,con,Michael Ruse,con-consciousness-mystery-supports-agnosticism,reply,3,84,76,56,87,95,85,78,material warrant or verification step compressed,v4-closed-findings-adapter
108,ward-ruse-mind-consciousness-god-2013,"Keith Ward vs Michael Ruse: Mind, Consciousness, and God",theist,pro,Keith Ward,pro-epistemic-primacy-of-consciousness,reply,3,89,81,55,87,95,90,81,stronger support,v4-closed-findings-adapter
108,ward-ruse-mind-consciousness-god-2013,"Keith Ward vs Michael Ruse: Mind, Consciousness, and God",non_theist,con,Michael Ruse,con-explanatory-gap-does-not-support-god,reply,3,87,77,98,87,95,81,87,material warrant or verification step compressed,v4-closed-findings-adapter
108,ward-ruse-mind-consciousness-god-2013,"Keith Ward vs Michael Ruse: Mind, Consciousness, and God",theist,pro,Keith Ward,pro-causal-link-not-mental-identity,reply,2,78,72,98,68,95,92,82,material warrant or verification step compressed,v4-closed-findings-adapter
108,ward-ruse-mind-consciousness-god-2013,"Keith Ward vs Michael Ruse: Mind, Consciousness, and God",theist,pro,Keith Ward,pro-consciousness-as-necessary-ground,reply,3,61,54,97,87,75,69,73,assertion/anecdote/authority/speculation carries substantial weight,v4-closed-findings-adapter
108,ward-ruse-mind-consciousness-god-2013,"Keith Ward vs Michael Ruse: Mind, Consciousness, and God",non_theist,con,Michael Ruse,con-near-death-reports-do-not-reach-god,reply,2,89,68,98,69,95,94,85,assertion/anecdote/authority/speculation carries substantial weight,v4-closed-findings-adapter
108,ward-ruse-mind-consciousness-god-2013,"Keith Ward vs Michael Ruse: Mind, Consciousness, and God",non_theist,con,Michael Ruse,con-conceivability-not-evidential-reasonableness,reply,2,94,83,99,69,95,95,89,stronger support,v4-closed-findings-adapter
108,ward-ruse-mind-consciousness-god-2013,"Keith Ward vs Michael Ruse: Mind, Consciousness, and God",theist,pro,Keith Ward,pro-divine-intelligent-ground,reply,3,76,57,97,87,95,79,80,assertion/anecdote/authority/speculation carries substantial weight,v4-closed-findings-adapter
108,ward-ruse-mind-consciousness-god-2013,"Keith Ward vs Michael Ruse: Mind, Consciousness, and God",non_theist,con,Michael Ruse,con-naturalized-diverse-religious-experience,reply,3,87,74,98,87,95,80,87,material warrant or verification step compressed,v4-closed-findings-adapter
108,ward-ruse-mind-consciousness-god-2013,"Keith Ward vs Michael Ruse: Mind, Consciousness, and God",theist,pro,Keith Ward,pro-common-core-of-religious-experience,reply,3,83,70,98,87,75,89,84,material warrant or verification step compressed,v4-closed-findings-adapter
108,ward-ruse-mind-consciousness-god-2013,"Keith Ward vs Michael Ruse: Mind, Consciousness, and God",non_theist,con,Michael Ruse,con-evolved-moral-obligation-without-god,reply,3,63,57,70,87,75,61,68,assertion/anecdote/authority/speculation carries substantial weight,v4-closed-findings-adapter
108,ward-ruse-mind-consciousness-god-2013,"Keith Ward vs Michael Ruse: Mind, Consciousness, and God",theist,pro,Keith Ward,pro-desire-independent-moral-obligation,reply,3,69,69,97,87,95,78,81,assertion/anecdote/authority/speculation carries substantial weight,v4-closed-findings-adapter
108,ward-ruse-mind-consciousness-god-2013,"Keith Ward vs Michael Ruse: Mind, Consciousness, and God",non_theist,con,Michael Ruse,con-compatibilist-freedom,reply,2,80,68,68,69,95,87,76,assertion/anecdote/authority/speculation carries substantial weight,v4-closed-findings-adapter
108,ward-ruse-mind-consciousness-god-2013,"Keith Ward vs Michael Ruse: Mind, Consciousness, and God",theist,pro,Keith Ward,pro-free-purposive-creation,reply,2,71,60,97,69,95,83,77,assertion/anecdote/authority/speculation carries substantial weight,v4-closed-findings-adapter
108,ward-ruse-mind-consciousness-god-2013,"Keith Ward vs Michael Ruse: Mind, Consciousness, and God",non_theist,con,Michael Ruse,con-shared-mysteries-divergent-interpretations,reply,3,86,76,99,100,95,88,90,material warrant or verification step compressed,v4-closed-findings-adapter
109,mclatchie-oconnor-theism-naturalism-reality-2022,Jonathan McLatchie vs Alex O'Connor: Theism or Naturalism?,theist,pro,Jonathan McLatchie,pro-dna-rna-information-design-inference,constructive,3,74,58,80,87,75,71,74,assertion/anecdote/authority/speculation carries substantial weight,v4-closed-findings-adapter
109,mclatchie-oconnor-theism-naturalism-reality-2022,Jonathan McLatchie vs Alex O'Connor: Theism or Naturalism?,theist,pro,Jonathan McLatchie,pro-genetic-code-optimization-design,constructive,3,70,62,83,87,85,59,74,assertion/anecdote/authority/speculation carries substantial weight,v4-closed-findings-adapter
109,mclatchie-oconnor-theism-naturalism-reality-2022,Jonathan McLatchie vs Alex O'Connor: Theism or Naturalism?,theist,pro,Jonathan McLatchie,pro-resurrection-fabrication-improbable,constructive,3,75,63,85,87,75,62,75,assertion/anecdote/authority/speculation carries substantial weight,v4-closed-findings-adapter
109,mclatchie-oconnor-theism-naturalism-reality-2022,Jonathan McLatchie vs Alex O'Connor: Theism or Naturalism?,theist,pro,Jonathan McLatchie,pro-resurrection-mistake-improbable,constructive,3,75,63,86,87,75,60,75,assertion/anecdote/authority/speculation carries substantial weight,v4-closed-findings-adapter
109,mclatchie-oconnor-theism-naturalism-reality-2022,Jonathan McLatchie vs Alex O'Connor: Theism or Naturalism?,non_theist,con,Alex O'Connor,con-hiddenness-nonresistant-nonbelief,constructive,3,85,75,92,87,95,79,85,material warrant or verification step compressed,v4-closed-findings-adapter
109,mclatchie-oconnor-theism-naturalism-reality-2022,Jonathan McLatchie vs Alex O'Connor: Theism or Naturalism?,non_theist,con,Alex O'Connor,con-religious-geography-cultural-pattern,constructive,3,84,76,90,87,75,80,83,material warrant or verification step compressed,v4-closed-findings-adapter
109,mclatchie-oconnor-theism-naturalism-reality-2022,Jonathan McLatchie vs Alex O'Connor: Theism or Naturalism?,non_theist,con,Alex O'Connor,con-gratuitous-suffering-framework,constructive,3,86,73,89,87,95,91,86,material warrant or verification step compressed,v4-closed-findings-adapter
109,mclatchie-oconnor-theism-naturalism-reality-2022,Jonathan McLatchie vs Alex O'Connor: Theism or Naturalism?,non_theist,con,Alex O'Connor,con-animal-suffering-naturalistic-expectation,constructive,3,84,77,92,87,95,78,85,material warrant or verification step compressed,v4-closed-findings-adapter
109,mclatchie-oconnor-theism-naturalism-reality-2022,Jonathan McLatchie vs Alex O'Connor: Theism or Naturalism?,theist,pro,Jonathan McLatchie,pro-hiddenness-adequate-evidence,reply,3,68,56,73,87,75,69,70,assertion/anecdote/authority/speculation carries substantial weight,v4-closed-findings-adapter
109,mclatchie-oconnor-theism-naturalism-reality-2022,Jonathan McLatchie vs Alex O'Connor: Theism or Naturalism?,theist,pro,Jonathan McLatchie,pro-suffering-evidential-limits,reply,3,72,60,73,86,75,72,72,assertion/anecdote/authority/speculation carries substantial weight,v4-closed-findings-adapter
109,mclatchie-oconnor-theism-naturalism-reality-2022,Jonathan McLatchie vs Alex O'Connor: Theism or Naturalism?,theist,pro,Jonathan McLatchie,pro-regular-world-occasional-harm,reply,2,80,68,72,86,95,84,79,assertion/anecdote/authority/speculation carries substantial weight,v4-closed-findings-adapter
109,mclatchie-oconnor-theism-naturalism-reality-2022,Jonathan McLatchie vs Alex O'Connor: Theism or Naturalism?,non_theist,con,Alex O'Connor,con-dna-gap-does-not-warrant-design,reply,3,85,74,98,87,95,85,87,material warrant or verification step compressed,v4-closed-findings-adapter
109,mclatchie-oconnor-theism-naturalism-reality-2022,Jonathan McLatchie vs Alex O'Connor: Theism or Naturalism?,non_theist,con,Alex O'Connor,con-resurrection-comparative-prior,reply,3,78,65,72,87,95,86,78,assertion/anecdote/authority/speculation carries substantial weight,v4-closed-findings-adapter
109,mclatchie-oconnor-theism-naturalism-reality-2022,Jonathan McLatchie vs Alex O'Connor: Theism or Naturalism?,non_theist,con,Alex O'Connor,con-gospel-appearance-development,reply,3,80,69,98,87,75,75,81,assertion/anecdote/authority/speculation carries substantial weight,v4-closed-findings-adapter
109,mclatchie-oconnor-theism-naturalism-reality-2022,Jonathan McLatchie vs Alex O'Connor: Theism or Naturalism?,theist,pro,Jonathan McLatchie,pro-hiddenness-moral-probation,reply,3,68,55,72,87,85,61,70,assertion/anecdote/authority/speculation carries substantial weight,v4-closed-findings-adapter
109,mclatchie-oconnor-theism-naturalism-reality-2022,Jonathan McLatchie vs Alex O'Connor: Theism or Naturalism?,non_theist,con,Alex O'Connor,con-abiogenesis-suspended-inference,reply,2,84,71,98,86,95,91,86,material warrant or verification step compressed,v4-closed-findings-adapter
109,mclatchie-oconnor-theism-naturalism-reality-2022,Jonathan McLatchie vs Alex O'Connor: Theism or Naturalism?,theist,pro,Jonathan McLatchie,pro-supernatural-justification-without-mechanism,constructive,2,77,61,76,69,95,84,75,assertion/anecdote/authority/speculation carries substantial weight,v4-closed-findings-adapter
109,mclatchie-oconnor-theism-naturalism-reality-2022,Jonathan McLatchie vs Alex O'Connor: Theism or Naturalism?,non_theist,con,Alex O'Connor,con-brain-based-religious-belief,reply,2,81,58,98,69,95,77,79,assertion/anecdote/authority/speculation carries substantial weight,v4-closed-findings-adapter
109,mclatchie-oconnor-theism-naturalism-reality-2022,Jonathan McLatchie vs Alex O'Connor: Theism or Naturalism?,non_theist,con,Alex O'Connor,con-religion-as-consoling-genealogy,constructive,2,71,58,80,69,95,83,74,assertion/anecdote/authority/speculation carries substantial weight,v4-closed-findings-adapter
112,copan-woodford-belief-god-reasonable-2024,Paul Copan vs Stephen Woodford: Is Belief in God Reasonable?,theist,pro,Paul Copan,pro-cosmic-transcendent-cause,constructive,3,77,73,82,87,75,75,78,material warrant or verification step compressed,v4-closed-findings-adapter
112,copan-woodford-belief-god-reasonable-2024,Paul Copan vs Stephen Woodford: Is Belief in God Reasonable?,theist,pro,Paul Copan,pro-life-permitting-fine-tuning,constructive,3,80,70,88,87,75,68,79,material warrant or verification step compressed,v4-closed-findings-adapter
112,copan-woodford-belief-god-reasonable-2024,Paul Copan vs Stephen Woodford: Is Belief in God Reasonable?,theist,pro,Paul Copan,pro-consciousness-supreme-mind,constructive,3,75,68,84,87,75,69,77,assertion/anecdote/authority/speculation carries substantial weight,v4-closed-findings-adapter
112,copan-woodford-belief-god-reasonable-2024,Paul Copan vs Stephen Woodford: Is Belief in God Reasonable?,theist,pro,Paul Copan,pro-truth-directed-rationality,constructive,3,75,65,86,87,75,69,76,assertion/anecdote/authority/speculation carries substantial weight,v4-closed-findings-adapter
112,copan-woodford-belief-god-reasonable-2024,Paul Copan vs Stephen Woodford: Is Belief in God Reasonable?,theist,pro,Paul Copan,pro-objective-morality-foundation,constructive,3,70,61,87,87,95,58,75,assertion/anecdote/authority/speculation carries substantial weight,v4-closed-findings-adapter
112,copan-woodford-belief-god-reasonable-2024,Paul Copan vs Stephen Woodford: Is Belief in God Reasonable?,theist,pro,Paul Copan,pro-evil-and-defeated-horrors,constructive,3,68,60,82,87,75,63,72,assertion/anecdote/authority/speculation carries substantial weight,v4-closed-findings-adapter
112,copan-woodford-belief-god-reasonable-2024,Paul Copan vs Stephen Woodford: Is Belief in God Reasonable?,non_theist,con,Stephen Woodford,con-natural-history-suffering,reply,3,83,80,95,87,95,80,86,stronger support,v4-closed-findings-adapter
112,copan-woodford-belief-god-reasonable-2024,Paul Copan vs Stephen Woodford: Is Belief in God Reasonable?,non_theist,con,Stephen Woodford,con-theistic-explanatory-track-record,reply,3,67,58,94,87,60,59,72,assertion/anecdote/authority/speculation carries substantial weight,v4-closed-findings-adapter
112,copan-woodford-belief-god-reasonable-2024,Paul Copan vs Stephen Woodford: Is Belief in God Reasonable?,non_theist,con,Stephen Woodford,con-revelation-and-womens-status,reply,3,78,71,94,87,75,74,80,material warrant or verification step compressed,v4-closed-findings-adapter
112,copan-woodford-belief-god-reasonable-2024,Paul Copan vs Stephen Woodford: Is Belief in God Reasonable?,theist,pro,Paul Copan,pro-cumulative-best-explanation,reply,3,79,67,72,100,85,68,78,assertion/anecdote/authority/speculation carries substantial weight,v4-closed-findings-adapter
112,copan-woodford-belief-god-reasonable-2024,Paul Copan vs Stephen Woodford: Is Belief in God Reasonable?,non_theist,con,Stephen Woodford,con-cosmic-scale-and-chance,reply,3,72,66,96,87,75,69,78,assertion/anecdote/authority/speculation carries substantial weight,v4-closed-findings-adapter
112,copan-woodford-belief-god-reasonable-2024,Paul Copan vs Stephen Woodford: Is Belief in God Reasonable?,non_theist,con,Stephen Woodford,con-consciousness-naturalism-distinction,reply,3,89,81,98,87,95,90,90,stronger support,v4-closed-findings-adapter
112,copan-woodford-belief-god-reasonable-2024,Paul Copan vs Stephen Woodford: Is Belief in God Reasonable?,theist,pro,Paul Copan,pro-representative-naturalism-scope,reply,2,68,59,73,69,75,58,67,assertion/anecdote/authority/speculation carries substantial weight,v4-closed-findings-adapter
112,copan-woodford-belief-god-reasonable-2024,Paul Copan vs Stephen Woodford: Is Belief in God Reasonable?,non_theist,con,Stephen Woodford,con-diversity-of-naturalist-commitments,reply,2,85,70,97,87,75,76,83,material warrant or verification step compressed,v4-closed-findings-adapter
112,copan-woodford-belief-god-reasonable-2024,Paul Copan vs Stephen Woodford: Is Belief in God Reasonable?,non_theist,con,Stephen Woodford,con-euthyphro-and-moral-history,reply,3,71,62,73,87,75,60,71,assertion/anecdote/authority/speculation carries substantial weight,v4-closed-findings-adapter
112,copan-woodford-belief-god-reasonable-2024,Paul Copan vs Stephen Woodford: Is Belief in God Reasonable?,theist,pro,Paul Copan,pro-divine-character-euthyphro,reply,3,84,71,98,87,95,74,85,material warrant or verification step compressed,v4-closed-findings-adapter
112,copan-woodford-belief-god-reasonable-2024,Paul Copan vs Stephen Woodford: Is Belief in God Reasonable?,non_theist,con,Stephen Woodford,con-big-bang-and-omnipotence,reply,3,86,77,98,87,95,90,88,material warrant or verification step compressed,v4-closed-findings-adapter
112,copan-woodford-belief-god-reasonable-2024,Paul Copan vs Stephen Woodford: Is Belief in God Reasonable?,theist,pro,Paul Copan,pro-women-ministry-context,reply,2,82,77,97,69,75,74,81,material warrant or verification step compressed,v4-closed-findings-adapter
112,copan-woodford-belief-god-reasonable-2024,Paul Copan vs Stephen Woodford: Is Belief in God Reasonable?,non_theist,con,Stephen Woodford,con-evolutionary-moral-development,reply,2,79,72,95,69,85,71,79,material warrant or verification step compressed,v4-closed-findings-adapter
112,copan-woodford-belief-god-reasonable-2024,Paul Copan vs Stephen Woodford: Is Belief in God Reasonable?,theist,pro,Paul Copan,pro-jesus-corrective-standard,reply,2,83,72,97,69,95,88,83,material warrant or verification step compressed,v4-closed-findings-adapter
113,dirckx-woodford-god-suffering-2024,Sharon Dirckx vs Stephen Woodford: Why Doesn't God Stop Suffering?,non_theist,con,Stephen Woodford,con-naturalism-and-greater-good-tension,constructive,3,69,63,89,100,75,61,76,assertion/anecdote/authority/speculation carries substantial weight,v4-closed-findings-adapter
113,dirckx-woodford-god-suffering-2024,Sharon Dirckx vs Stephen Woodford: Why Doesn't God Stop Suffering?,theist,pro,Sharon Dirckx,pro-broken-creation-wrongness,reply,3,77,67,73,87,75,75,75,assertion/anecdote/authority/speculation carries substantial weight,v4-closed-findings-adapter
113,dirckx-woodford-god-suffering-2024,Sharon Dirckx vs Stephen Woodford: Why Doesn't God Stop Suffering?,non_theist,con,Stephen Woodford,con-evolved-aversion-to-suffering,reply,2,84,75,95,87,85,80,85,material warrant or verification step compressed,v4-closed-findings-adapter
113,dirckx-woodford-god-suffering-2024,Sharon Dirckx vs Stephen Woodford: Why Doesn't God Stop Suffering?,theist,pro,Sharon Dirckx,pro-evolution-moral-standard,reply,2,88,81,98,69,95,90,87,stronger support,v4-closed-findings-adapter
113,dirckx-woodford-god-suffering-2024,Sharon Dirckx vs Stephen Woodford: Why Doesn't God Stop Suffering?,non_theist,con,Stephen Woodford,con-cooperation-and-christian-moral-change,reply,2,76,71,95,69,75,74,77,material warrant or verification step compressed,v4-closed-findings-adapter
113,dirckx-woodford-god-suffering-2024,Sharon Dirckx vs Stephen Woodford: Why Doesn't God Stop Suffering?,theist,pro,Sharon Dirckx,pro-equal-dignity-foundations,reply,2,86,79,98,69,95,90,86,material warrant or verification step compressed,v4-closed-findings-adapter
113,dirckx-woodford-god-suffering-2024,Sharon Dirckx vs Stephen Woodford: Why Doesn't God Stop Suffering?,theist,pro,Sharon Dirckx,pro-real-evil-no-purpose-per-tragedy,reply,3,84,73,98,87,95,88,87,material warrant or verification step compressed,v4-closed-findings-adapter
113,dirckx-woodford-god-suffering-2024,Sharon Dirckx vs Stephen Woodford: Why Doesn't God Stop Suffering?,non_theist,con,Stephen Woodford,con-every-permitted-evil-requires-greater-good,reply,3,69,65,99,87,75,62,77,assertion/anecdote/authority/speculation carries substantial weight,v4-closed-findings-adapter
113,dirckx-woodford-god-suffering-2024,Sharon Dirckx vs Stephen Woodford: Why Doesn't God Stop Suffering?,theist,pro,Sharon Dirckx,pro-evil-reasons-epistemic-limits,reply,3,75,65,96,87,75,82,80,assertion/anecdote/authority/speculation carries substantial weight,v4-closed-findings-adapter
113,dirckx-woodford-god-suffering-2024,Sharon Dirckx vs Stephen Woodford: Why Doesn't God Stop Suffering?,theist,pro,Sharon Dirckx,pro-divine-solidarity-restoration,reply,3,81,68,57,87,95,75,75,assertion/anecdote/authority/speculation carries substantial weight,v4-closed-findings-adapter
113,dirckx-woodford-god-suffering-2024,Sharon Dirckx vs Stephen Woodford: Why Doesn't God Stop Suffering?,non_theist,con,Stephen Woodford,con-skepticism-of-exclusive-afterlife-hope,reply,3,78,66,98,87,75,69,80,assertion/anecdote/authority/speculation carries substantial weight,v4-closed-findings-adapter
113,dirckx-woodford-god-suffering-2024,Sharon Dirckx vs Stephen Woodford: Why Doesn't God Stop Suffering?,theist,pro,Sharon Dirckx,pro-loving-judgment-reconciliation,reply,3,76,63,73,87,75,73,74,assertion/anecdote/authority/speculation carries substantial weight,v4-closed-findings-adapter
113,dirckx-woodford-god-suffering-2024,Sharon Dirckx vs Stephen Woodford: Why Doesn't God Stop Suffering?,theist,pro,Sharon Dirckx,pro-partial-kingdom-unanswered-prayer,reply,3,80,67,55,69,95,75,72,assertion/anecdote/authority/speculation carries substantial weight,v4-closed-findings-adapter
113,dirckx-woodford-god-suffering-2024,Sharon Dirckx vs Stephen Woodford: Why Doesn't God Stop Suffering?,non_theist,con,Stephen Woodford,con-natural-uncertainty-and-selective-healing,reply,3,88,79,99,87,85,85,88,material warrant or verification step compressed,v4-closed-findings-adapter
113,dirckx-woodford-god-suffering-2024,Sharon Dirckx vs Stephen Woodford: Why Doesn't God Stop Suffering?,non_theist,con,Stephen Woodford,con-sincere-unbelief-and-divine-love,reply,3,84,71,99,87,95,78,85,material warrant or verification step compressed,v4-closed-findings-adapter
113,dirckx-woodford-god-suffering-2024,Sharon Dirckx vs Stephen Woodford: Why Doesn't God Stop Suffering?,theist,pro,Sharon Dirckx,pro-forgiveness-justice-cost,reply,3,83,68,72,87,95,82,80,assertion/anecdote/authority/speculation carries substantial weight,v4-closed-findings-adapter
113,dirckx-woodford-god-suffering-2024,Sharon Dirckx vs Stephen Woodford: Why Doesn't God Stop Suffering?,non_theist,con,Stephen Woodford,con-salvation-moral-asymmetry,reply,3,66,60,98,87,75,60,75,assertion/anecdote/authority/speculation carries substantial weight,v4-closed-findings-adapter
114,dirckx-goff-consciousness-points-god-2019,Sharon Dirckx vs Philip Goff: Does Consciousness Point to God?,non_theist,con,Philip Goff,con-panpsychist-third-way,constructive,2,78,65,78,86,95,81,79,assertion/anecdote/authority/speculation carries substantial weight,v4-closed-findings-adapter
114,dirckx-goff-consciousness-points-god-2019,Sharon Dirckx vs Philip Goff: Does Consciousness Point to God?,theist,pro,Sharon Dirckx,pro-mind-nonphysical-causation,constructive,2,69,64,74,87,75,75,73,assertion/anecdote/authority/speculation carries substantial weight,v4-closed-findings-adapter
114,dirckx-goff-consciousness-points-god-2019,Sharon Dirckx vs Philip Goff: Does Consciousness Point to God?,theist,pro,Sharon Dirckx,pro-illusionism-self-undermining,reply,1,61,60,55,68,75,59,62,assertion/anecdote/authority/speculation carries substantial weight,v4-closed-findings-adapter
114,dirckx-goff-consciousness-points-god-2019,Sharon Dirckx vs Philip Goff: Does Consciousness Point to God?,non_theist,con,Philip Goff,con-quantitative-qualitative-gap,reply,3,78,72,55,87,85,75,74,material warrant or verification step compressed,v4-closed-findings-adapter
114,dirckx-goff-consciousness-points-god-2019,Sharon Dirckx vs Philip Goff: Does Consciousness Point to God?,non_theist,con,Philip Goff,con-galilean-exclusion,reply,3,77,71,55,87,75,73,72,material warrant or verification step compressed,v4-closed-findings-adapter
114,dirckx-goff-consciousness-points-god-2019,Sharon Dirckx vs Philip Goff: Does Consciousness Point to God?,theist,pro,Sharon Dirckx,pro-correlation-not-production,reply,3,83,74,73,87,95,77,80,material warrant or verification step compressed,v4-closed-findings-adapter
114,dirckx-goff-consciousness-points-god-2019,Sharon Dirckx vs Philip Goff: Does Consciousness Point to God?,theist,pro,Sharon Dirckx,pro-substance-dualism-defined,constructive,1,89,83,80,86,95,85,86,stronger support,v4-closed-findings-adapter
114,dirckx-goff-consciousness-points-god-2019,Sharon Dirckx vs Philip Goff: Does Consciousness Point to God?,non_theist,con,Philip Goff,con-parsimony-comparison,reply,3,81,72,73,87,95,76,79,material warrant or verification step compressed,v4-closed-findings-adapter
114,dirckx-goff-consciousness-points-god-2019,Sharon Dirckx vs Philip Goff: Does Consciousness Point to God?,non_theist,con,Philip Goff,con-intrinsic-nature-of-matter,constructive,3,82,71,88,87,85,75,81,material warrant or verification step compressed,v4-closed-findings-adapter
114,dirckx-goff-consciousness-points-god-2019,Sharon Dirckx vs Philip Goff: Does Consciousness Point to God?,theist,pro,Sharon Dirckx,pro-panpsychism-origin-question,reply,2,83,77,73,87,95,89,82,material warrant or verification step compressed,v4-closed-findings-adapter
114,dirckx-goff-consciousness-points-god-2019,Sharon Dirckx vs Philip Goff: Does Consciousness Point to God?,non_theist,con,Philip Goff,con-unifying-qualitative-quantitative,reply,3,83,72,95,87,95,77,84,material warrant or verification step compressed,v4-closed-findings-adapter
114,dirckx-goff-consciousness-points-god-2019,Sharon Dirckx vs Philip Goff: Does Consciousness Point to God?,non_theist,con,Philip Goff,con-combination-research-path,reply,3,80,70,75,69,95,85,77,material warrant or verification step compressed,v4-closed-findings-adapter
114,dirckx-goff-consciousness-points-god-2019,Sharon Dirckx vs Philip Goff: Does Consciousness Point to God?,theist,pro,Sharon Dirckx,pro-divine-origin-ground,reply,3,80,69,73,100,95,77,81,assertion/anecdote/authority/speculation carries substantial weight,v4-closed-findings-adapter
114,dirckx-goff-consciousness-points-god-2019,Sharon Dirckx vs Philip Goff: Does Consciousness Point to God?,non_theist,con,Philip Goff,con-no-cosmological-god-inference,reply,3,87,80,98,100,95,90,91,stronger support,v4-closed-findings-adapter
114,dirckx-goff-consciousness-points-god-2019,Sharon Dirckx vs Philip Goff: Does Consciousness Point to God?,non_theist,con,Philip Goff,con-darwinian-complexification,reply,3,75,68,73,68,85,73,73,assertion/anecdote/authority/speculation carries substantial weight,v4-closed-findings-adapter
114,dirckx-goff-consciousness-points-god-2019,Sharon Dirckx vs Philip Goff: Does Consciousness Point to God?,theist,pro,Sharon Dirckx,pro-panpsychist-combination-gap,reply,3,91,80,73,69,95,89,82,stronger support,v4-closed-findings-adapter
114,dirckx-goff-consciousness-points-god-2019,Sharon Dirckx vs Philip Goff: Does Consciousness Point to God?,non_theist,con,Philip Goff,con-combination-gap-not-god,reply,3,91,84,99,100,95,91,93,stronger support,v4-closed-findings-adapter
114,dirckx-goff-consciousness-points-god-2019,Sharon Dirckx vs Philip Goff: Does Consciousness Point to God?,theist,pro,Sharon Dirckx,pro-conscious-because-god-conscious,reply,3,76,62,73,100,95,77,78,assertion/anecdote/authority/speculation carries substantial weight,v4-closed-findings-adapter
116,bertuzzi-schieber-evil-evidence-2019,Cameron Bertuzzi vs Justin Schieber: The Problem of Evil,non_theist,con,Justin Schieber,con-pain-biological-orientation,constructive,3,85,78,90,87,95,75,85,material warrant or verification step compressed,v4-closed-findings-adapter
116,bertuzzi-schieber-evil-evidence-2019,Cameron Bertuzzi vs Justin Schieber: The Problem of Evil,non_theist,con,Justin Schieber,con-languishing-distribution,constructive,3,87,78,92,87,95,75,86,material warrant or verification step compressed,v4-closed-findings-adapter
116,bertuzzi-schieber-evil-evidence-2019,Cameron Bertuzzi vs Justin Schieber: The Problem of Evil,non_theist,con,Justin Schieber,con-horrendous-evil-surprise,constructive,3,84,76,89,87,85,80,84,material warrant or verification step compressed,v4-closed-findings-adapter
116,bertuzzi-schieber-evil-evidence-2019,Cameron Bertuzzi vs Justin Schieber: The Problem of Evil,theist,pro,Cameron Bertuzzi,pro-comparative-naturalistic-prediction-c004,reply,3,74,68,97,87,75,72,79,assertion/anecdote/authority/speculation carries substantial weight,v4-closed-findings-adapter
116,bertuzzi-schieber-evil-evidence-2019,Cameron Bertuzzi vs Justin Schieber: The Problem of Evil,theist,pro,Cameron Bertuzzi,pro-languishing-soul-building-c005,reply,3,77,68,73,87,75,75,76,assertion/anecdote/authority/speculation carries substantial weight,v4-closed-findings-adapter
116,bertuzzi-schieber-evil-evidence-2019,Cameron Bertuzzi vs Justin Schieber: The Problem of Evil,theist,pro,Cameron Bertuzzi,pro-epistemic-chasm-c006,reply,3,78,67,99,87,95,74,83,assertion/anecdote/authority/speculation carries substantial weight,v4-closed-findings-adapter
116,bertuzzi-schieber-evil-evidence-2019,Cameron Bertuzzi vs Justin Schieber: The Problem of Evil,non_theist,con,Justin Schieber,con-comparative-prediction-standard,reply,3,93,87,99,87,95,89,92,stronger support,v4-closed-findings-adapter
116,bertuzzi-schieber-evil-evidence-2019,Cameron Bertuzzi vs Justin Schieber: The Problem of Evil,non_theist,con,Justin Schieber,con-background-does-not-entail-data,reply,2,89,82,98,69,95,86,87,stronger support,v4-closed-findings-adapter
116,bertuzzi-schieber-evil-evidence-2019,Cameron Bertuzzi vs Justin Schieber: The Problem of Evil,non_theist,con,Justin Schieber,con-pain-soul-building-mismatch,reply,3,89,81,99,87,95,91,90,stronger support,v4-closed-findings-adapter
116,bertuzzi-schieber-evil-evidence-2019,Cameron Bertuzzi vs Justin Schieber: The Problem of Evil,non_theist,con,Justin Schieber,con-soul-building-scope-alternatives,reply,3,86,78,99,87,95,81,88,material warrant or verification step compressed,v4-closed-findings-adapter
116,bertuzzi-schieber-evil-evidence-2019,Cameron Bertuzzi vs Justin Schieber: The Problem of Evil,non_theist,con,Justin Schieber,con-horrendous-evil-soul-destruction,reply,3,89,81,99,87,95,92,90,stronger support,v4-closed-findings-adapter
116,bertuzzi-schieber-evil-evidence-2019,Cameron Bertuzzi vs Justin Schieber: The Problem of Evil,non_theist,con,Justin Schieber,con-unknown-reasons-tie,reply,3,71,70,99,87,95,68,81,material warrant or verification step compressed,v4-closed-findings-adapter
116,bertuzzi-schieber-evil-evidence-2019,Cameron Bertuzzi vs Justin Schieber: The Problem of Evil,theist,pro,Cameron Bertuzzi,pro-biological-analogy-challenge-candidate-05,reply,2,72,65,98,69,95,75,78,assertion/anecdote/authority/speculation carries substantial weight,v4-closed-findings-adapter
116,bertuzzi-schieber-evil-evidence-2019,Cameron Bertuzzi vs Justin Schieber: The Problem of Evil,theist,pro,Cameron Bertuzzi,pro-horrendous-evil-defeat-candidate-06,reply,3,70,59,73,87,75,61,71,assertion/anecdote/authority/speculation carries substantial weight,v4-closed-findings-adapter
116,bertuzzi-schieber-evil-evidence-2019,Cameron Bertuzzi vs Justin Schieber: The Problem of Evil,theist,pro,Cameron Bertuzzi,pro-agnosticism-limited-sample-candidate-07,reply,3,85,74,99,87,95,78,86,material warrant or verification step compressed,v4-closed-findings-adapter
116,bertuzzi-schieber-evil-evidence-2019,Cameron Bertuzzi vs Justin Schieber: The Problem of Evil,non_theist,con,Justin Schieber,con-afterlife-compensation-insufficient,reply,3,91,83,99,87,95,92,91,stronger support,v4-closed-findings-adapter
116,bertuzzi-schieber-evil-evidence-2019,Cameron Bertuzzi vs Justin Schieber: The Problem of Evil,non_theist,con,Justin Schieber,con-agnostic-theism-relative-likelihood,reply,3,58,60,98,87,75,59,73,assertion/anecdote/authority/speculation carries substantial weight,v4-closed-findings-adapter
116,bertuzzi-schieber-evil-evidence-2019,Cameron Bertuzzi vs Justin Schieber: The Problem of Evil,theist,pro,Cameron Bertuzzi,pro-unknown-theistic-likelihood-candidate-001,reply,3,95,90,99,87,95,93,93,stronger support,v4-closed-findings-adapter
116,bertuzzi-schieber-evil-evidence-2019,Cameron Bertuzzi vs Justin Schieber: The Problem of Evil,theist,pro,Cameron Bertuzzi,pro-joint-soul-building-conclusion-candidate-002,reply,2,66,54,67,99,75,68,70,assertion/anecdote/authority/speculation carries substantial weight,v4-closed-findings-adapter
117,bertuzzi-oconnor-contingency-argument-2018,Alex O'Connor vs Cameron Bertuzzi: Something From Nothing?,theist,pro,Cameron Bertuzzi,pro-identify-necessary-part-as-god,constructive,3,88,52,62,100,95,85,78,assertion/anecdote/authority/speculation carries substantial weight,v4-closed-findings-adapter
117,bertuzzi-oconnor-contingency-argument-2018,Alex O'Connor vs Cameron Bertuzzi: Something From Nothing?,non_theist,con,Alex O'Connor,con-c004-contingency-requires-modal-proof,reply,3,84,77,94,87,95,91,87,material warrant or verification step compressed,v4-closed-findings-adapter
117,bertuzzi-oconnor-contingency-argument-2018,Alex O'Connor vs Cameron Bertuzzi: Something From Nothing?,theist,pro,Cameron Bertuzzi,pro-distinguish-determination-from-necessity,reply,3,89,84,98,87,95,90,90,stronger support,v4-closed-findings-adapter
117,bertuzzi-oconnor-contingency-argument-2018,Alex O'Connor vs Cameron Bertuzzi: Something From Nothing?,theist,pro,Cameron Bertuzzi,pro-ground-explanatory-principle,reply,2,76,74,56,69,75,78,71,material warrant or verification step compressed,v4-closed-findings-adapter
117,bertuzzi-oconnor-contingency-argument-2018,Alex O'Connor vs Cameron Bertuzzi: Something From Nothing?,theist,pro,Cameron Bertuzzi,pro-distinguish-contingency-from-dependence,reply,2,88,82,97,69,95,91,87,stronger support,v4-closed-findings-adapter
117,bertuzzi-oconnor-contingency-argument-2018,Alex O'Connor vs Cameron Bertuzzi: Something From Nothing?,theist,pro,Cameron Bertuzzi,pro-reject-determination-as-full-explanation,reply,2,73,74,72,87,75,72,75,material warrant or verification step compressed,v4-closed-findings-adapter
117,bertuzzi-oconnor-contingency-argument-2018,Alex O'Connor vs Cameron Bertuzzi: Something From Nothing?,non_theist,con,Alex O'Connor,con-c010-stopping-point-symmetry,reply,3,84,81,98,99,75,87,88,stronger support,v4-closed-findings-adapter
117,bertuzzi-oconnor-contingency-argument-2018,Alex O'Connor vs Cameron Bertuzzi: Something From Nothing?,non_theist,con,Alex O'Connor,con-candidate01-necessity-transmission,reply,3,84,71,98,87,95,79,85,material warrant or verification step compressed,v4-closed-findings-adapter
117,bertuzzi-oconnor-contingency-argument-2018,Alex O'Connor vs Cameron Bertuzzi: Something From Nothing?,non_theist,con,Alex O'Connor,con-candidate02-self-explanation-consistency,reply,3,68,66,98,99,75,62,78,assertion/anecdote/authority/speculation carries substantial weight,v4-closed-findings-adapter
117,bertuzzi-oconnor-contingency-argument-2018,Alex O'Connor vs Cameron Bertuzzi: Something From Nothing?,non_theist,con,Alex O'Connor,con-candidate03-composition-objection,reply,3,91,86,98,87,95,93,91,stronger support,v4-closed-findings-adapter
117,bertuzzi-oconnor-contingency-argument-2018,Alex O'Connor vs Cameron Bertuzzi: Something From Nothing?,theist,pro,Cameron Bertuzzi,pro-plurality-needs-explanation,reply,3,82,79,98,87,95,80,86,material warrant or verification step compressed,v4-closed-findings-adapter
117,bertuzzi-oconnor-contingency-argument-2018,Alex O'Connor vs Cameron Bertuzzi: Something From Nothing?,non_theist,con,Alex O'Connor,con-candidate05-convergence-presupposed,reply,3,80,75,98,87,75,91,84,material warrant or verification step compressed,v4-closed-findings-adapter
117,bertuzzi-oconnor-contingency-argument-2018,Alex O'Connor vs Cameron Bertuzzi: Something From Nothing?,non_theist,con,Alex O'Connor,con-candidate06-necessary-universe-alternative,reply,3,75,65,98,87,75,86,81,assertion/anecdote/authority/speculation carries substantial weight,v4-closed-findings-adapter
117,bertuzzi-oconnor-contingency-argument-2018,Alex O'Connor vs Cameron Bertuzzi: Something From Nothing?,non_theist,con,Alex O'Connor,con-candidate07-divine-attributes-gap,reply,3,92,88,99,100,95,94,94,stronger support,v4-closed-findings-adapter
117,bertuzzi-oconnor-contingency-argument-2018,Alex O'Connor vs Cameron Bertuzzi: Something From Nothing?,theist,pro,Cameron Bertuzzi,pro-compare-foundation-hypotheses-abductively,reply,3,85,69,96,87,95,92,86,assertion/anecdote/authority/speculation carries substantial weight,v4-closed-findings-adapter
117,bertuzzi-oconnor-contingency-argument-2018,Alex O'Connor vs Cameron Bertuzzi: Something From Nothing?,non_theist,con,Alex O'Connor,con-candidate09-underdetermined-dilemma,reply,3,91,86,99,100,95,94,94,stronger support,v4-closed-findings-adapter
117,bertuzzi-oconnor-contingency-argument-2018,Alex O'Connor vs Cameron Bertuzzi: Something From Nothing?,theist,pro,Cameron Bertuzzi,pro-perfect-being-simplicity,reply,3,69,60,97,87,75,61,75,assertion/anecdote/authority/speculation carries substantial weight,v4-closed-findings-adapter
117,bertuzzi-oconnor-contingency-argument-2018,Alex O'Connor vs Cameron Bertuzzi: Something From Nothing?,theist,pro,Cameron Bertuzzi,pro-avoid-arbitrary-foundation-limits,reply,3,75,68,97,86,75,71,79,assertion/anecdote/authority/speculation carries substantial weight,v4-closed-findings-adapter
117,bertuzzi-oconnor-contingency-argument-2018,Alex O'Connor vs Cameron Bertuzzi: Something From Nothing?,non_theist,con,Alex O'Connor,con-chunk003-candidate04-lawful-universe-simplicity,reply,3,78,75,98,100,75,78,84,material warrant or verification step compressed,v4-closed-findings-adapter
117,bertuzzi-oconnor-contingency-argument-2018,Alex O'Connor vs Cameron Bertuzzi: Something From Nothing?,theist,pro,Cameron Bertuzzi,pro-infer-external-necessary-being,constructive,3,71,61,78,87,75,65,73,assertion/anecdote/authority/speculation carries substantial weight,v4-closed-findings-adapter
118,hernandez-schieber-god-existence-2023,Eric Hernandez vs Justin Schieber: Does God Exist?,theist,pro,Eric Hernandez,pro-evil-requires-moral-teleology-ground,constructive,3,69,61,88,87,75,60,74,assertion/anecdote/authority/speculation carries substantial weight,v4-closed-findings-adapter
118,hernandez-schieber-god-existence-2023,Eric Hernandez vs Justin Schieber: Does God Exist?,theist,pro,Eric Hernandez,pro-evolutionary-defeater-for-cognition,constructive,3,70,62,86,87,75,62,74,assertion/anecdote/authority/speculation carries substantial weight,v4-closed-findings-adapter
118,hernandez-schieber-god-existence-2023,Eric Hernandez vs Justin Schieber: Does God Exist?,theist,pro,Eric Hernandez,pro-soul-consciousness-libertarian-freedom,constructive,3,58,53,81,87,75,45,66,assertion/anecdote/authority/speculation carries substantial weight,v4-closed-findings-adapter
118,hernandez-schieber-god-existence-2023,Eric Hernandez vs Justin Schieber: Does God Exist?,non_theist,con,Justin Schieber,con-animal-evolutionary-suffering,constructive,3,87,82,91,87,95,92,88,stronger support,v4-closed-findings-adapter
118,hernandez-schieber-god-existence-2023,Eric Hernandez vs Justin Schieber: Does God Exist?,non_theist,con,Justin Schieber,con-cosmic-hostility,constructive,2,77,73,87,87,75,79,80,material warrant or verification step compressed,v4-closed-findings-adapter
118,hernandez-schieber-god-existence-2023,Eric Hernandez vs Justin Schieber: Does God Exist?,non_theist,con,Justin Schieber,con-distributed-nonbelief,constructive,3,85,80,91,87,95,90,87,stronger support,v4-closed-findings-adapter
118,hernandez-schieber-god-existence-2023,Eric Hernandez vs Justin Schieber: Does God Exist?,theist,pro,Eric Hernandez,pro-theistic-account-of-animal-suffering,reply,3,68,60,72,87,75,61,70,assertion/anecdote/authority/speculation carries substantial weight,v4-closed-findings-adapter
118,hernandez-schieber-god-existence-2023,Eric Hernandez vs Justin Schieber: Does God Exist?,theist,pro,Eric Hernandez,pro-fine-tuning-emptiness-and-divine-artistry,reply,2,77,75,97,87,85,77,83,material warrant or verification step compressed,v4-closed-findings-adapter
118,hernandez-schieber-god-existence-2023,Eric Hernandez vs Justin Schieber: Does God Exist?,theist,pro,Eric Hernandez,pro-loving-purposes-for-divine-hiddenness,reply,3,75,64,72,87,75,83,75,assertion/anecdote/authority/speculation carries substantial weight,v4-closed-findings-adapter
118,hernandez-schieber-god-existence-2023,Eric Hernandez vs Justin Schieber: Does God Exist?,non_theist,con,Justin Schieber,con-nontheistic-moral-realism,reply,3,79,72,98,87,95,79,84,material warrant or verification step compressed,v4-closed-findings-adapter
118,hernandez-schieber-god-existence-2023,Eric Hernandez vs Justin Schieber: Does God Exist?,non_theist,con,Justin Schieber,con-consciousness-and-compatibilism,reply,3,83,73,99,87,95,89,87,material warrant or verification step compressed,v4-closed-findings-adapter
118,hernandez-schieber-god-existence-2023,Eric Hernandez vs Justin Schieber: Does God Exist?,non_theist,con,Justin Schieber,con-determined-rationality,reply,2,73,64,98,87,75,65,78,assertion/anecdote/authority/speculation carries substantial weight,v4-closed-findings-adapter
118,hernandez-schieber-god-existence-2023,Eric Hernandez vs Justin Schieber: Does God Exist?,non_theist,con,Justin Schieber,con-evolutionary-cognitive-reliability,reply,3,87,80,99,87,95,91,89,stronger support,v4-closed-findings-adapter
118,hernandez-schieber-god-existence-2023,Eric Hernandez vs Justin Schieber: Does God Exist?,non_theist,con,Justin Schieber,con-motivated-phenomenal-fundamentality,reply,2,85,72,98,68,95,91,84,material warrant or verification step compressed,v4-closed-findings-adapter
118,hernandez-schieber-god-existence-2023,Eric Hernandez vs Justin Schieber: Does God Exist?,non_theist,con,Justin Schieber,con-divine-nature-subjectivism,reply,2,62,58,97,87,75,59,73,assertion/anecdote/authority/speculation carries substantial weight,v4-closed-findings-adapter
118,hernandez-schieber-god-existence-2023,Eric Hernandez vs Justin Schieber: Does God Exist?,theist,pro,Eric Hernandez,pro-personal-transcendent-moral-ground,reply,3,67,60,73,87,75,67,71,assertion/anecdote/authority/speculation carries substantial weight,v4-closed-findings-adapter
118,hernandez-schieber-god-existence-2023,Eric Hernandez vs Justin Schieber: Does God Exist?,non_theist,con,Justin Schieber,con-hiddenness-cooperative-inquiry,reply,2,86,77,72,86,95,89,83,material warrant or verification step compressed,v4-closed-findings-adapter
118,hernandez-schieber-god-existence-2023,Eric Hernandez vs Justin Schieber: Does God Exist?,theist,pro,Eric Hernandez,pro-ultimate-mind-explains-finite-consciousness,reply,3,76,67,98,87,85,75,81,assertion/anecdote/authority/speculation carries substantial weight,v4-closed-findings-adapter
118,hernandez-schieber-god-existence-2023,Eric Hernandez vs Justin Schieber: Does God Exist?,non_theist,con,Justin Schieber,con-fall-predation-explanation,reply,3,89,82,99,87,95,93,90,stronger support,v4-closed-findings-adapter
119,jones-oconnor-hell-2023,Michael Jones vs Alex O'Connor: Does God Send People to Hell?,theist,pro,Michael Jones,pro-internal-consequence-not-torture,constructive,3,81,67,91,87,95,75,82,assertion/anecdote/authority/speculation carries substantial weight,v4-closed-findings-adapter
119,jones-oconnor-hell-2023,Michael Jones vs Alex O'Connor: Does God Send People to Hell?,theist,pro,Michael Jones,pro-painful-sanctification-resistance,constructive,3,82,69,86,87,75,85,81,assertion/anecdote/authority/speculation carries substantial weight,v4-closed-findings-adapter
119,jones-oconnor-hell-2023,Michael Jones vs Alex O'Connor: Does God Send People to Hell?,non_theist,con,Alex O'Connor,con-infinite-punishment-finite-wrongdoing,reply,3,82,75,95,100,95,89,88,material warrant or verification step compressed,v4-closed-findings-adapter
119,jones-oconnor-hell-2023,Michael Jones vs Alex O'Connor: Does God Send People to Hell?,theist,pro,Michael Jones,pro-annihilation-and-honest-error,reply,3,84,72,98,100,75,89,86,material warrant or verification step compressed,v4-closed-findings-adapter
119,jones-oconnor-hell-2023,Michael Jones vs Alex O'Connor: Does God Send People to Hell?,theist,pro,Michael Jones,pro-motivated-belief-agency,reply,3,74,67,97,87,75,78,80,assertion/anecdote/authority/speculation carries substantial weight,v4-closed-findings-adapter
119,jones-oconnor-hell-2023,Michael Jones vs Alex O'Connor: Does God Send People to Hell?,non_theist,con,Alex O'Connor,con-bias-does-not-create-agency,reply,3,87,77,99,87,95,87,88,material warrant or verification step compressed,v4-closed-findings-adapter
119,jones-oconnor-hell-2023,Michael Jones vs Alex O'Connor: Does God Send People to Hell?,theist,pro,Michael Jones,pro-reflective-bias-correction,reply,3,74,64,97,87,75,75,79,assertion/anecdote/authority/speculation carries substantial weight,v4-closed-findings-adapter
119,jones-oconnor-hell-2023,Michael Jones vs Alex O'Connor: Does God Send People to Hell?,non_theist,con,Alex O'Connor,con-belief-not-fit-for-punishment,reply,3,86,75,98,87,95,88,87,material warrant or verification step compressed,v4-closed-findings-adapter
119,jones-oconnor-hell-2023,Michael Jones vs Alex O'Connor: Does God Send People to Hell?,non_theist,con,Alex O'Connor,con-preventable-misinformation-self-exile,reply,3,89,80,98,87,95,91,90,stronger support,v4-closed-findings-adapter
119,jones-oconnor-hell-2023,Michael Jones vs Alex O'Connor: Does God Send People to Hell?,theist,pro,Michael Jones,pro-gehenna-internal-degeneration,reply,2,78,65,55,87,75,85,73,assertion/anecdote/authority/speculation carries substantial weight,v4-closed-findings-adapter
119,jones-oconnor-hell-2023,Michael Jones vs Alex O'Connor: Does God Send People to Hell?,non_theist,con,Alex O'Connor,con-everlasting-inescapable-hell,reply,2,84,72,54,99,95,94,80,material warrant or verification step compressed,v4-closed-findings-adapter
119,jones-oconnor-hell-2023,Michael Jones vs Alex O'Connor: Does God Send People to Hell?,theist,pro,Michael Jones,pro-annihilation-or-open-exit,reply,3,73,68,99,87,95,80,82,assertion/anecdote/authority/speculation carries substantial weight,v4-closed-findings-adapter
119,jones-oconnor-hell-2023,Michael Jones vs Alex O'Connor: Does God Send People to Hell?,non_theist,con,Alex O'Connor,con-rehabilitation-incapacity-dilemma,reply,3,88,80,99,87,95,90,89,stronger support,v4-closed-findings-adapter
119,jones-oconnor-hell-2023,Michael Jones vs Alex O'Connor: Does God Send People to Hell?,theist,pro,Michael Jones,pro-grace-carries-willing-soul,reply,3,83,65,98,87,95,75,83,assertion/anecdote/authority/speculation carries substantial weight,v4-closed-findings-adapter
119,jones-oconnor-hell-2023,Michael Jones vs Alex O'Connor: Does God Send People to Hell?,non_theist,con,Alex O'Connor,con-grace-entails-universalism,reply,3,89,82,99,69,95,81,86,stronger support,v4-closed-findings-adapter
119,jones-oconnor-hell-2023,Michael Jones vs Alex O'Connor: Does God Send People to Hell?,non_theist,con,Alex O'Connor,con-atonement-must-match-consequence,reply,2,85,78,71,69,95,89,80,material warrant or verification step compressed,v4-closed-findings-adapter
119,jones-oconnor-hell-2023,Michael Jones vs Alex O'Connor: Does God Send People to Hell?,theist,pro,Michael Jones,pro-christ-bears-death-and-exile,reply,2,74,67,99,69,75,72,77,assertion/anecdote/authority/speculation carries substantial weight,v4-closed-findings-adapter
119,jones-oconnor-hell-2023,Michael Jones vs Alex O'Connor: Does God Send People to Hell?,non_theist,con,Alex O'Connor,con-temporary-crucifixion-adequacy,reply,2,83,76,98,69,95,90,84,material warrant or verification step compressed,v4-closed-findings-adapter
119,jones-oconnor-hell-2023,Michael Jones vs Alex O'Connor: Does God Send People to Hell?,theist,pro,Michael Jones,pro-trinitarian-rupture-magnitude,reply,2,59,60,98,69,75,73,72,assertion/anecdote/authority/speculation carries substantial weight,v4-closed-findings-adapter
120,mclatchie-oconnor-christianity-true-2019,Jonathan McLatchie vs Alex O'Connor: Is Christianity True?,theist,pro,Jonathan McLatchie,pro-bayesian-evidence-overcomes-low-prior,constructive,2,92,83,88,69,95,85,86,stronger support,v4-closed-findings-adapter
120,mclatchie-oconnor-christianity-true-2019,Jonathan McLatchie vs Alex O'Connor: Is Christianity True?,theist,pro,Jonathan McLatchie,pro-early-appearance-testimony,constructive,3,88,81,89,87,95,93,88,stronger support,v4-closed-findings-adapter
120,mclatchie-oconnor-christianity-true-2019,Jonathan McLatchie vs Alex O'Connor: Is Christianity True?,theist,pro,Jonathan McLatchie,pro-varied-appearances-and-sincerity,constructive,3,84,74,87,87,75,80,82,material warrant or verification step compressed,v4-closed-findings-adapter
120,mclatchie-oconnor-christianity-true-2019,Jonathan McLatchie vs Alex O'Connor: Is Christianity True?,non_theist,con,Alex O'Connor,con-resurrection-extraordinary-evidence,reply,3,79,68,95,87,75,71,80,assertion/anecdote/authority/speculation carries substantial weight,v4-closed-findings-adapter
120,mclatchie-oconnor-christianity-true-2019,Jonathan McLatchie vs Alex O'Connor: Is Christianity True?,non_theist,con,Alex O'Connor,con-gospels-mythic-literary-material,reply,3,80,71,72,87,75,79,77,material warrant or verification step compressed,v4-closed-findings-adapter
120,mclatchie-oconnor-christianity-true-2019,Jonathan McLatchie vs Alex O'Connor: Is Christianity True?,non_theist,con,Alex O'Connor,con-resurrection-inferential-gap,reply,3,93,86,99,87,95,90,92,stronger support,v4-closed-findings-adapter
120,mclatchie-oconnor-christianity-true-2019,Jonathan McLatchie vs Alex O'Connor: Is Christianity True?,non_theist,con,Alex O'Connor,con-martyrdom-recantation-gap,reply,2,92,83,99,69,95,91,88,stronger support,v4-closed-findings-adapter
120,mclatchie-oconnor-christianity-true-2019,Jonathan McLatchie vs Alex O'Connor: Is Christianity True?,non_theist,con,Alex O'Connor,con-objectionable-biblical-morality,reply,3,83,66,59,87,75,71,73,assertion/anecdote/authority/speculation carries substantial weight,v4-closed-findings-adapter
120,mclatchie-oconnor-christianity-true-2019,Jonathan McLatchie vs Alex O'Connor: Is Christianity True?,theist,pro,Jonathan McLatchie,pro-john-plural-women-reconciliation,reply,1,94,91,97,86,95,92,93,stronger support,v4-closed-findings-adapter
120,mclatchie-oconnor-christianity-true-2019,Jonathan McLatchie vs Alex O'Connor: Is Christianity True?,theist,pro,Jonathan McLatchie,pro-undesigned-gospel-coincidences,reply,2,82,73,96,87,85,71,83,material warrant or verification step compressed,v4-closed-findings-adapter
120,mclatchie-oconnor-christianity-true-2019,Jonathan McLatchie vs Alex O'Connor: Is Christianity True?,theist,pro,Jonathan McLatchie,pro-jesus-theological-prior,reply,3,81,67,97,87,85,70,82,assertion/anecdote/authority/speculation carries substantial weight,v4-closed-findings-adapter
120,mclatchie-oconnor-christianity-true-2019,Jonathan McLatchie vs Alex O'Connor: Is Christianity True?,non_theist,con,Alex O'Connor,con-prophecy-circular-construction,reply,3,90,77,98,87,95,90,89,material warrant or verification step compressed,v4-closed-findings-adapter
120,mclatchie-oconnor-christianity-true-2019,Jonathan McLatchie vs Alex O'Connor: Is Christianity True?,non_theist,con,Alex O'Connor,con-slave-beating-permission,reply,3,92,87,95,87,95,82,90,stronger support,v4-closed-findings-adapter
120,mclatchie-oconnor-christianity-true-2019,Jonathan McLatchie vs Alex O'Connor: Is Christianity True?,theist,pro,Jonathan McLatchie,pro-exodus-injury-protection,reply,3,79,75,95,87,75,71,81,material warrant or verification step compressed,v4-closed-findings-adapter
120,mclatchie-oconnor-christianity-true-2019,Jonathan McLatchie vs Alex O'Connor: Is Christianity True?,theist,pro,Jonathan McLatchie,pro-canaanite-evacuation-context,reply,2,78,66,94,86,75,72,79,assertion/anecdote/authority/speculation carries substantial weight,v4-closed-findings-adapter
120,mclatchie-oconnor-christianity-true-2019,Jonathan McLatchie vs Alex O'Connor: Is Christianity True?,theist,pro,Jonathan McLatchie,pro-retroactive-fall-theodicy,reply,1,68,54,53,68,75,85,65,assertion/anecdote/authority/speculation carries substantial weight,v4-closed-findings-adapter
120,mclatchie-oconnor-christianity-true-2019,Jonathan McLatchie vs Alex O'Connor: Is Christianity True?,non_theist,con,Alex O'Connor,con-animal-suffering-theodicy,reply,2,89,79,95,69,95,91,86,material warrant or verification step compressed,v4-closed-findings-adapter
120,mclatchie-oconnor-christianity-true-2019,Jonathan McLatchie vs Alex O'Connor: Is Christianity True?,non_theist,con,Alex O'Connor,con-conditional-importance-parity,reply,1,93,85,9,21,95,93,64,stronger support,v4-closed-findings-adapter
120,mclatchie-oconnor-christianity-true-2019,Jonathan McLatchie vs Alex O'Connor: Is Christianity True?,theist,pro,Jonathan McLatchie,pro-evidential-conception-of-faith,reply,1,88,77,59,69,95,78,77,material warrant or verification step compressed,v4-closed-findings-adapter
121,dawkins-lennox-science-buried-god-2017,Richard Dawkins vs John Lennox: Has Science Buried God?,non_theist,con,Richard Dawkins,con-design-natural-selection-and-creator-complexity,constructive,3,89,85,91,87,95,82,88,stronger support,v4-closed-findings-adapter
121,dawkins-lennox-science-buried-god-2017,Richard Dawkins vs John Lennox: Has Science Buried God?,theist,pro,John Lennox,pro-rationality-evolutionary-defeater,reply,3,68,60,71,86,75,61,70,assertion/anecdote/authority/speculation carries substantial weight,v4-closed-findings-adapter
121,dawkins-lennox-science-buried-god-2017,Richard Dawkins vs John Lennox: Has Science Buried God?,non_theist,con,Richard Dawkins,con-rationality-evolved-truth-tracking,reply,3,79,78,73,87,75,80,79,material warrant or verification step compressed,v4-closed-findings-adapter
121,dawkins-lennox-science-buried-god-2017,Richard Dawkins vs John Lennox: Has Science Buried God?,theist,pro,John Lennox,pro-agency-mechanism-levels,reply,3,87,79,98,87,85,80,87,material warrant or verification step compressed,v4-closed-findings-adapter
121,dawkins-lennox-science-buried-god-2017,Richard Dawkins vs John Lennox: Has Science Buried God?,theist,pro,John Lennox,pro-dna-information-mind,reply,3,64,57,71,87,75,58,68,assertion/anecdote/authority/speculation carries substantial weight,v4-closed-findings-adapter
121,dawkins-lennox-science-buried-god-2017,Richard Dawkins vs John Lennox: Has Science Buried God?,theist,pro,John Lennox,pro-finetuning-creator-traces,reply,3,80,73,72,87,95,85,80,material warrant or verification step compressed,v4-closed-findings-adapter
121,dawkins-lennox-science-buried-god-2017,Richard Dawkins vs John Lennox: Has Science Buried God?,theist,pro,John Lennox,pro-resurrection-ultimate-justice,reply,2,81,64,54,68,95,92,73,assertion/anecdote/authority/speculation carries substantial weight,v4-closed-findings-adapter
121,dawkins-lennox-science-buried-god-2017,Richard Dawkins vs John Lennox: Has Science Buried God?,theist,pro,John Lennox,pro-personal-god-self-revelation,reply,3,83,59,53,87,95,85,74,assertion/anecdote/authority/speculation carries substantial weight,v4-closed-findings-adapter
121,dawkins-lennox-science-buried-god-2017,Richard Dawkins vs John Lennox: Has Science Buried God?,non_theist,con,Richard Dawkins,con-christian-god-cosmic-parochiality-gap,reply,3,70,59,98,87,95,59,77,assertion/anecdote/authority/speculation carries substantial weight,v4-closed-findings-adapter
121,dawkins-lennox-science-buried-god-2017,Richard Dawkins vs John Lennox: Has Science Buried God?,non_theist,con,Richard Dawkins,con-christian-miracles-evidence-burden,reply,3,80,62,98,87,95,60,81,assertion/anecdote/authority/speculation carries substantial weight,v4-closed-findings-adapter
121,dawkins-lennox-science-buried-god-2017,Richard Dawkins vs John Lennox: Has Science Buried God?,theist,pro,John Lennox,pro-miracles-special-divine-acts,reply,3,86,69,72,87,95,89,81,assertion/anecdote/authority/speculation carries substantial weight,v4-closed-findings-adapter
121,dawkins-lennox-science-buried-god-2017,Richard Dawkins vs John Lennox: Has Science Buried God?,non_theist,con,Richard Dawkins,con-meaning-evolved-and-chosen-purpose,constructive,2,79,73,82,69,75,80,77,material warrant or verification step compressed,v4-closed-findings-adapter
121,dawkins-lennox-science-buried-god-2017,Richard Dawkins vs John Lennox: Has Science Buried God?,theist,pro,John Lennox,pro-personal-ground-meaning-hope,reply,2,77,65,97,86,95,75,82,assertion/anecdote/authority/speculation carries substantial weight,v4-closed-findings-adapter
121,dawkins-lennox-science-buried-god-2017,Richard Dawkins vs John Lennox: Has Science Buried God?,theist,pro,John Lennox,pro-christian-forgiveness-gift,constructive,2,81,60,83,87,85,78,78,assertion/anecdote/authority/speculation carries substantial weight,v4-closed-findings-adapter
121,dawkins-lennox-science-buried-god-2017,Richard Dawkins vs John Lennox: Has Science Buried God?,non_theist,con,Richard Dawkins,con-finetuning-anthropic-alternative,reply,3,83,76,99,87,95,87,87,material warrant or verification step compressed,v4-closed-findings-adapter
121,dawkins-lennox-science-buried-god-2017,Richard Dawkins vs John Lennox: Has Science Buried God?,non_theist,con,Richard Dawkins,con-morality-suffering-based-consideration,reply,2,81,68,54,68,95,84,73,assertion/anecdote/authority/speculation carries substantial weight,v4-closed-findings-adapter
121,dawkins-lennox-science-buried-god-2017,Richard Dawkins vs John Lennox: Has Science Buried God?,non_theist,con,Richard Dawkins,con-intelligibility-anthropic-selection,reply,3,80,72,73,87,85,79,78,material warrant or verification step compressed,v4-closed-findings-adapter
121,dawkins-lennox-science-buried-god-2017,Richard Dawkins vs John Lennox: Has Science Buried God?,non_theist,con,Richard Dawkins,con-science-gaps-do-not-license-god,reply,3,86,82,98,87,75,77,86,stronger support,v4-closed-findings-adapter
122,horn-oconnor-god-existence-2020,Trent Horn vs Alex O'Connor: Does God Exist?,theist,pro,Trent Horn,pro-contingent-reality-external-explanation,constructive,3,72,62,86,87,75,68,75,assertion/anecdote/authority/speculation carries substantial weight,v4-closed-findings-adapter
122,horn-oconnor-god-existence-2020,Trent Horn vs Alex O'Connor: Does God Exist?,theist,pro,Trent Horn,pro-change-requires-pure-actualizer,constructive,3,77,68,84,87,75,77,78,assertion/anecdote/authority/speculation carries substantial weight,v4-closed-findings-adapter
122,horn-oconnor-god-existence-2020,Trent Horn vs Alex O'Connor: Does God Exist?,theist,pro,Trent Horn,pro-first-cause-metaphysical-attributes,constructive,3,75,66,84,87,75,75,77,assertion/anecdote/authority/speculation carries substantial weight,v4-closed-findings-adapter
122,horn-oconnor-god-existence-2020,Trent Horn vs Alex O'Connor: Does God Exist?,theist,pro,Trent Horn,pro-personal-all-knowing-cause,constructive,3,61,55,83,100,75,60,71,assertion/anecdote/authority/speculation carries substantial weight,v4-closed-findings-adapter
122,horn-oconnor-god-existence-2020,Trent Horn vs Alex O'Connor: Does God Exist?,theist,pro,Trent Horn,pro-moral-realism-divine-source,constructive,3,63,58,81,87,75,59,70,assertion/anecdote/authority/speculation carries substantial weight,v4-closed-findings-adapter
122,horn-oconnor-god-existence-2020,Trent Horn vs Alex O'Connor: Does God Exist?,non_theist,con,Alex O'Connor,con-animal-suffering-evidential-case,constructive,3,87,81,91,87,95,92,88,stronger support,v4-closed-findings-adapter
122,horn-oconnor-god-existence-2020,Trent Horn vs Alex O'Connor: Does God Exist?,non_theist,con,Alex O'Connor,con-heaven-free-will-counterexample,reply,2,84,75,97,69,95,89,84,material warrant or verification step compressed,v4-closed-findings-adapter
122,horn-oconnor-god-existence-2020,Trent Horn vs Alex O'Connor: Does God Exist?,non_theist,con,Alex O'Connor,con-psr-free-will-tension,reply,2,72,77,97,87,95,80,83,material warrant or verification step compressed,v4-closed-findings-adapter
122,horn-oconnor-god-existence-2020,Trent Horn vs Alex O'Connor: Does God Exist?,non_theist,con,Alex O'Connor,con-quantum-randomness-psr-challenge,reply,3,86,78,98,87,95,91,88,material warrant or verification step compressed,v4-closed-findings-adapter
122,horn-oconnor-god-existence-2020,Trent Horn vs Alex O'Connor: Does God Exist?,theist,pro,Trent Horn,pro-probabilistic-quantum-causes,reply,3,66,65,98,87,75,60,76,assertion/anecdote/authority/speculation carries substantial weight,v4-closed-findings-adapter
122,horn-oconnor-god-existence-2020,Trent Horn vs Alex O'Connor: Does God Exist?,theist,pro,Trent Horn,pro-agent-causation-responsibility,reply,2,66,60,97,87,95,63,77,assertion/anecdote/authority/speculation carries substantial weight,v4-closed-findings-adapter
122,horn-oconnor-god-existence-2020,Trent Horn vs Alex O'Connor: Does God Exist?,theist,pro,Trent Horn,pro-natural-evil-greater-goods,reply,3,79,69,97,87,95,84,84,assertion/anecdote/authority/speculation carries substantial weight,v4-closed-findings-adapter
122,horn-oconnor-god-existence-2020,Trent Horn vs Alex O'Connor: Does God Exist?,theist,pro,Trent Horn,pro-animal-life-worth-suffering,reply,2,75,61,71,86,75,82,74,assertion/anecdote/authority/speculation carries substantial weight,v4-closed-findings-adapter
122,horn-oconnor-god-existence-2020,Trent Horn vs Alex O'Connor: Does God Exist?,non_theist,con,Alex O'Connor,con-statistics-particular-outcome-gap,reply,3,88,78,98,87,95,92,89,material warrant or verification step compressed,v4-closed-findings-adapter
122,horn-oconnor-god-existence-2020,Trent Horn vs Alex O'Connor: Does God Exist?,theist,pro,Trent Horn,pro-existence-focused-limited-psr,reply,3,78,68,98,87,95,74,83,assertion/anecdote/authority/speculation carries substantial weight,v4-closed-findings-adapter
122,horn-oconnor-god-existence-2020,Trent Horn vs Alex O'Connor: Does God Exist?,non_theist,con,Alex O'Connor,con-moral-ought-not-truth-apt,reply,3,78,69,98,87,95,85,84,assertion/anecdote/authority/speculation carries substantial weight,v4-closed-findings-adapter
122,horn-oconnor-god-existence-2020,Trent Horn vs Alex O'Connor: Does God Exist?,non_theist,con,Alex O'Connor,con-psr-terminus-question-begging,constructive,3,68,70,84,87,75,81,76,material warrant or verification step compressed,v4-closed-findings-adapter
122,horn-oconnor-god-existence-2020,Trent Horn vs Alex O'Connor: Does God Exist?,non_theist,con,Alex O'Connor,con-personal-scientific-explanation-gap,reply,2,78,70,98,87,95,85,84,material warrant or verification step compressed,v4-closed-findings-adapter
123,oconnor-pine-divine-hiddenness-2024,Gregory Pine vs Alex O'Connor: The Divine Hiddenness Problem,non_theist,con,Alex O'Connor,con-hiddenness-problem-of-evil,constructive,2,79,68,79,87,75,85,78,assertion/anecdote/authority/speculation carries substantial weight,v4-closed-findings-adapter
123,oconnor-pine-divine-hiddenness-2024,Gregory Pine vs Alex O'Connor: The Divine Hiddenness Problem,theist,pro,Gregory Pine,pro-universal-availability-commitment,reply,3,76,72,72,87,75,75,76,material warrant or verification step compressed,v4-closed-findings-adapter
123,oconnor-pine-divine-hiddenness-2024,Gregory Pine vs Alex O'Connor: The Divine Hiddenness Problem,non_theist,con,Alex O'Connor,con-geography-sociological-explanation,reply,3,84,75,98,87,95,80,86,material warrant or verification step compressed,v4-closed-findings-adapter
123,oconnor-pine-divine-hiddenness-2024,Gregory Pine vs Alex O'Connor: The Divine Hiddenness Problem,theist,pro,Gregory Pine,pro-gratuitous-differentiated-gifts,reply,2,76,64,72,69,75,76,72,assertion/anecdote/authority/speculation carries substantial weight,v4-closed-findings-adapter
123,oconnor-pine-divine-hiddenness-2024,Gregory Pine vs Alex O'Connor: The Divine Hiddenness Problem,non_theist,con,Alex O'Connor,con-involuntary-belief-eternal-stakes,reply,3,88,69,98,87,95,93,87,assertion/anecdote/authority/speculation carries substantial weight,v4-closed-findings-adapter
123,oconnor-pine-divine-hiddenness-2024,Gregory Pine vs Alex O'Connor: The Divine Hiddenness Problem,theist,pro,Gregory Pine,pro-life-spanning-revelation,reply,3,78,66,73,87,75,86,76,assertion/anecdote/authority/speculation carries substantial weight,v4-closed-findings-adapter
123,oconnor-pine-divine-hiddenness-2024,Gregory Pine vs Alex O'Connor: The Divine Hiddenness Problem,non_theist,con,Alex O'Connor,con-mortal-contingency-interrupted-journey,reply,2,87,82,98,69,95,91,87,stronger support,v4-closed-findings-adapter
123,oconnor-pine-divine-hiddenness-2024,Gregory Pine vs Alex O'Connor: The Divine Hiddenness Problem,non_theist,con,Alex O'Connor,con-failed-reciprocal-divine-contact,reply,3,91,79,99,87,95,93,90,material warrant or verification step compressed,v4-closed-findings-adapter
123,oconnor-pine-divine-hiddenness-2024,Gregory Pine vs Alex O'Connor: The Divine Hiddenness Problem,theist,pro,Gregory Pine,pro-sufficient-grace-responsible-refusal,reply,3,69,57,70,87,75,60,69,assertion/anecdote/authority/speculation carries substantial weight,v4-closed-findings-adapter
123,oconnor-pine-divine-hiddenness-2024,Gregory Pine vs Alex O'Connor: The Divine Hiddenness Problem,non_theist,con,Alex O'Connor,con-irrational-rejection-nonculpable,reply,3,84,74,99,87,95,81,86,material warrant or verification step compressed,v4-closed-findings-adapter
123,oconnor-pine-divine-hiddenness-2024,Gregory Pine vs Alex O'Connor: The Divine Hiddenness Problem,theist,pro,Gregory Pine,pro-finite-disclosure-preserves-refusal,reply,3,85,72,73,87,95,82,81,material warrant or verification step compressed,v4-closed-findings-adapter
123,oconnor-pine-divine-hiddenness-2024,Gregory Pine vs Alex O'Connor: The Divine Hiddenness Problem,theist,pro,Gregory Pine,pro-universal-grace-differentiated-testimony,reply,3,76,61,73,87,75,69,73,assertion/anecdote/authority/speculation carries substantial weight,v4-closed-findings-adapter
123,oconnor-pine-divine-hiddenness-2024,Gregory Pine vs Alex O'Connor: The Divine Hiddenness Problem,non_theist,con,Alex O'Connor,con-unequal-cultural-conversion-costs,reply,3,89,78,99,87,95,93,90,material warrant or verification step compressed,v4-closed-findings-adapter
123,oconnor-pine-divine-hiddenness-2024,Gregory Pine vs Alex O'Connor: The Divine Hiddenness Problem,non_theist,con,Alex O'Connor,con-contingent-encounter-providence-dilemma,reply,3,84,75,99,69,95,91,85,material warrant or verification step compressed,v4-closed-findings-adapter
123,oconnor-pine-divine-hiddenness-2024,Gregory Pine vs Alex O'Connor: The Divine Hiddenness Problem,theist,pro,Gregory Pine,pro-continuous-providential-opportunity,reply,3,72,58,72,87,75,62,71,assertion/anecdote/authority/speculation carries substantial weight,v4-closed-findings-adapter
123,oconnor-pine-divine-hiddenness-2024,Gregory Pine vs Alex O'Connor: The Divine Hiddenness Problem,theist,pro,Gregory Pine,pro-fall-as-loss-of-original-justice,reply,3,82,66,54,87,95,85,76,assertion/anecdote/authority/speculation carries substantial weight,v4-closed-findings-adapter
123,oconnor-pine-divine-hiddenness-2024,Gregory Pine vs Alex O'Connor: The Divine Hiddenness Problem,non_theist,con,Alex O'Connor,con-eden-deception-culpability,reply,3,84,77,99,87,95,90,88,material warrant or verification step compressed,v4-closed-findings-adapter
123,oconnor-pine-divine-hiddenness-2024,Gregory Pine vs Alex O'Connor: The Divine Hiddenness Problem,theist,pro,Gregory Pine,pro-solidarity-loss-and-restoration,reply,3,76,62,72,87,75,73,74,assertion/anecdote/authority/speculation carries substantial weight,v4-closed-findings-adapter
123,oconnor-pine-divine-hiddenness-2024,Gregory Pine vs Alex O'Connor: The Divine Hiddenness Problem,non_theist,con,Alex O'Connor,con-superior-deceiver-defeats-solidarity,reply,3,90,81,99,87,95,93,90,stronger support,v4-closed-findings-adapter
123,oconnor-pine-divine-hiddenness-2024,Gregory Pine vs Alex O'Connor: The Divine Hiddenness Problem,theist,pro,Gregory Pine,pro-suffering-enlarges-receptivity,reply,2,73,62,12,68,75,75,58,assertion/anecdote/authority/speculation carries substantial weight,v4-closed-findings-adapter
124,harris-peterson-god-atheism-bible-2018,"Sam Harris vs Jordan Peterson: God, Atheism, The Bible, Jesus",non_theist,con,Sam Harris,con-moral-realism-discoverable-answers,constructive,3,81,69,83,99,95,75,83,assertion/anecdote/authority/speculation carries substantial weight,v4-closed-findings-adapter
124,harris-peterson-god-atheism-bible-2018,"Sam Harris vs Jordan Peterson: God, Atheism, The Bible, Jesus",non_theist,con,Sam Harris,con-religion-valorizes-dogma,constructive,2,84,61,79,87,75,71,77,assertion/anecdote/authority/speculation carries substantial weight,v4-closed-findings-adapter
124,harris-peterson-god-atheism-bible-2018,"Sam Harris vs Jordan Peterson: God, Atheism, The Bible, Jesus",non_theist,con,Sam Harris,con-explicit-immoral-scriptural-commands,constructive,3,84,76,87,87,75,81,82,material warrant or verification step compressed,v4-closed-findings-adapter
124,harris-peterson-god-atheism-bible-2018,"Sam Harris vs Jordan Peterson: God, Atheism, The Bible, Jesus",theist,pro,Jordan Peterson,pro-integrated-canonical-development,reply,3,77,71,72,87,75,89,77,material warrant or verification step compressed,v4-closed-findings-adapter
124,harris-peterson-god-atheism-bible-2018,"Sam Harris vs Jordan Peterson: God, Atheism, The Bible, Jesus",theist,pro,Jordan Peterson,pro-revelation-psychological-pattern,reply,2,76,65,55,86,75,75,71,assertion/anecdote/authority/speculation carries substantial weight,v4-closed-findings-adapter
124,harris-peterson-god-atheism-bible-2018,"Sam Harris vs Jordan Peterson: God, Atheism, The Bible, Jesus",non_theist,con,Sam Harris,con-reinterpretation-loses-constraint,reply,3,86,78,99,87,75,82,86,material warrant or verification step compressed,v4-closed-findings-adapter
124,harris-peterson-god-atheism-bible-2018,"Sam Harris vs Jordan Peterson: God, Atheism, The Bible, Jesus",theist,pro,Jordan Peterson,pro-word-as-antidote-to-dogma,reply,3,78,68,98,69,75,77,78,assertion/anecdote/authority/speculation carries substantial weight,v4-closed-findings-adapter
124,harris-peterson-god-atheism-bible-2018,"Sam Harris vs Jordan Peterson: God, Atheism, The Bible, Jesus",theist,pro,Jordan Peterson,pro-interpretive-fact-value-mediation,reply,3,83,72,98,87,75,82,84,material warrant or verification step compressed,v4-closed-findings-adapter
124,harris-peterson-god-atheism-bible-2018,"Sam Harris vs Jordan Peterson: God, Atheism, The Bible, Jesus",theist,pro,Jordan Peterson,pro-narrative-moral-limiting-cases,reply,3,80,70,97,87,85,85,83,material warrant or verification step compressed,v4-closed-findings-adapter
124,harris-peterson-god-atheism-bible-2018,"Sam Harris vs Jordan Peterson: God, Atheism, The Bible, Jesus",non_theist,con,Sam Harris,con-universal-misery-ground,reply,3,88,84,98,87,95,81,89,stronger support,v4-closed-findings-adapter
124,harris-peterson-god-atheism-bible-2018,"Sam Harris vs Jordan Peterson: God, Atheism, The Bible, Jesus",theist,pro,Jordan Peterson,pro-truthful-updating-over-dogma,reply,3,80,67,98,69,75,78,79,assertion/anecdote/authority/speculation carries substantial weight,v4-closed-findings-adapter
124,harris-peterson-god-atheism-bible-2018,"Sam Harris vs Jordan Peterson: God, Atheism, The Bible, Jesus",theist,pro,Jordan Peterson,pro-transpersonal-god-language,reply,3,67,58,70,86,60,75,69,assertion/anecdote/authority/speculation carries substantial weight,v4-closed-findings-adapter
124,harris-peterson-god-atheism-bible-2018,"Sam Harris vs Jordan Peterson: God, Atheism, The Bible, Jesus",non_theist,con,Sam Harris,con-god-redefinition-omits-agent,reply,3,89,72,99,69,75,83,83,material warrant or verification step compressed,v4-closed-findings-adapter
124,harris-peterson-god-atheism-bible-2018,"Sam Harris vs Jordan Peterson: God, Atheism, The Bible, Jesus",theist,pro,Jordan Peterson,pro-penitent-prayer-as-correction,constructive,2,79,63,83,86,75,68,76,assertion/anecdote/authority/speculation carries substantial weight,v4-closed-findings-adapter
124,harris-peterson-god-atheism-bible-2018,"Sam Harris vs Jordan Peterson: God, Atheism, The Bible, Jesus",non_theist,con,Sam Harris,con-prayer-naturalized-psychology,reply,2,93,81,99,69,95,94,89,stronger support,v4-closed-findings-adapter
124,harris-peterson-god-atheism-bible-2018,"Sam Harris vs Jordan Peterson: God, Atheism, The Bible, Jesus",non_theist,con,Sam Harris,con-conflicting-traditions-deeper-reality,reply,3,85,73,98,69,75,87,82,material warrant or verification step compressed,v4-closed-findings-adapter
124,harris-peterson-god-atheism-bible-2018,"Sam Harris vs Jordan Peterson: God, Atheism, The Bible, Jesus",theist,pro,Jordan Peterson,pro-cross-domain-recurrent-patterns,reply,3,80,67,73,87,75,83,77,assertion/anecdote/authority/speculation carries substantial weight,v4-closed-findings-adapter
124,harris-peterson-god-atheism-bible-2018,"Sam Harris vs Jordan Peterson: God, Atheism, The Bible, Jesus",non_theist,con,Sam Harris,con-variation-challenges-recurring-patterns,reply,3,82,69,98,87,75,86,83,assertion/anecdote/authority/speculation carries substantial weight,v4-closed-findings-adapter
124,harris-peterson-god-atheism-bible-2018,"Sam Harris vs Jordan Peterson: God, Atheism, The Bible, Jesus",theist,pro,Jordan Peterson,pro-hierarchy-of-moral-universals,reply,3,78,66,98,87,95,79,83,assertion/anecdote/authority/speculation carries substantial weight,v4-closed-findings-adapter
124,harris-peterson-god-atheism-bible-2018,"Sam Harris vs Jordan Peterson: God, Atheism, The Bible, Jesus",non_theist,con,Sam Harris,con-heuristics-fail-under-change,reply,3,87,73,97,87,75,83,85,material warrant or verification step compressed,v4-closed-findings-adapter
124,harris-peterson-god-atheism-bible-2018,"Sam Harris vs Jordan Peterson: God, Atheism, The Bible, Jesus",theist,pro,Jordan Peterson,pro-rational-instruction-behavioral-limit,reply,2,82,67,55,87,75,72,73,assertion/anecdote/authority/speculation carries substantial weight,v4-closed-findings-adapter
124,harris-peterson-god-atheism-bible-2018,"Sam Harris vs Jordan Peterson: God, Atheism, The Bible, Jesus",non_theist,con,Sam Harris,con-causal-knowledge-improves-guidance,reply,3,91,82,98,87,85,89,89,stronger support,v4-closed-findings-adapter
124,harris-peterson-god-atheism-bible-2018,"Sam Harris vs Jordan Peterson: God, Atheism, The Bible, Jesus",non_theist,con,Sam Harris,con-revisable-reality-directed-worldview,reply,3,91,79,73,87,95,92,85,material warrant or verification step compressed,v4-closed-findings-adapter
124,harris-peterson-god-atheism-bible-2018,"Sam Harris vs Jordan Peterson: God, Atheism, The Bible, Jesus",theist,pro,Jordan Peterson,pro-evolved-implicit-guidance,reply,3,82,69,98,87,75,80,82,assertion/anecdote/authority/speculation carries substantial weight,v4-closed-findings-adapter
126,craig-clifton-kalam-cosmological-argument-2021,William Lane Craig vs Scott Clifton: The Kalam Cosmological Argument,theist,pro,William Lane Craig,pro-kalam-causal-inference-and-transcendent-cause,constructive,3,78,70,90,100,85,75,83,material warrant or verification step compressed,v4-closed-findings-adapter
126,craig-clifton-kalam-cosmological-argument-2021,William Lane Craig vs Scott Clifton: The Kalam Cosmological Argument,non_theist,con,Scott Clifton,con-material-cause-parity,reply,3,87,76,99,87,95,91,88,material warrant or verification step compressed,v4-closed-findings-adapter
126,craig-clifton-kalam-cosmological-argument-2021,William Lane Craig vs Scott Clifton: The Kalam Cosmological Argument,non_theist,con,Scott Clifton,con-physical-not-metaphysical-scope,reply,3,87,83,99,100,95,92,92,stronger support,v4-closed-findings-adapter
126,craig-clifton-kalam-cosmological-argument-2021,William Lane Craig vs Scott Clifton: The Kalam Cosmological Argument,theist,pro,William Lane Craig,pro-boundary-compatible-definition-of-beginning,reply,3,89,78,70,87,95,82,83,material warrant or verification step compressed,v4-closed-findings-adapter
126,craig-clifton-kalam-cosmological-argument-2021,William Lane Craig vs Scott Clifton: The Kalam Cosmological Argument,non_theist,con,Scott Clifton,con-ordinary-causal-features-absent,reply,3,84,81,98,87,75,90,86,stronger support,v4-closed-findings-adapter
126,craig-clifton-kalam-cosmological-argument-2021,William Lane Craig vs Scott Clifton: The Kalam Cosmological Argument,theist,pro,William Lane Craig,pro-agent-causation-without-material-cause,reply,3,80,70,98,87,75,78,82,material warrant or verification step compressed,v4-closed-findings-adapter
126,craig-clifton-kalam-cosmological-argument-2021,William Lane Craig vs Scott Clifton: The Kalam Cosmological Argument,theist,pro,William Lane Craig,pro-efficient-explanation-better-than-double-absence,reply,3,71,61,98,87,85,71,78,assertion/anecdote/authority/speculation carries substantial weight,v4-closed-findings-adapter
126,craig-clifton-kalam-cosmological-argument-2021,William Lane Craig vs Scott Clifton: The Kalam Cosmological Argument,non_theist,con,Scott Clifton,con-effect-without-affected-thing,reply,2,77,71,98,69,75,88,80,material warrant or verification step compressed,v4-closed-findings-adapter
126,craig-clifton-kalam-cosmological-argument-2021,William Lane Craig vs Scott Clifton: The Kalam Cosmological Argument,non_theist,con,Scott Clifton,con-temporally-exhaustive-universe,reply,3,87,82,99,87,95,80,89,stronger support,v4-closed-findings-adapter
126,craig-clifton-kalam-cosmological-argument-2021,William Lane Craig vs Scott Clifton: The Kalam Cosmological Argument,theist,pro,William Lane Craig,pro-tensed-becoming-from-being-principle,reply,3,86,76,99,87,95,92,88,material warrant or verification step compressed,v4-closed-findings-adapter
126,craig-clifton-kalam-cosmological-argument-2021,William Lane Craig vs Scott Clifton: The Kalam Cosmological Argument,theist,pro,William Lane Craig,pro-metaphysical-scope-being-from-nonbeing,reply,3,77,66,99,87,95,74,82,assertion/anecdote/authority/speculation carries substantial weight,v4-closed-findings-adapter
126,craig-clifton-kalam-cosmological-argument-2021,William Lane Craig vs Scott Clifton: The Kalam Cosmological Argument,non_theist,con,Scott Clifton,con-restricted-causal-principles,reply,3,88,78,99,87,95,91,89,material warrant or verification step compressed,v4-closed-findings-adapter
126,craig-clifton-kalam-cosmological-argument-2021,William Lane Craig vs Scott Clifton: The Kalam Cosmological Argument,theist,pro,William Lane Craig,pro-arbitrary-objects-challenge,reply,3,70,70,98,87,85,71,80,material warrant or verification step compressed,v4-closed-findings-adapter
126,craig-clifton-kalam-cosmological-argument-2021,William Lane Craig vs Scott Clifton: The Kalam Cosmological Argument,theist,pro,William Lane Craig,pro-substance-event-causation-distinction,reply,2,90,88,98,69,95,91,89,stronger support,v4-closed-findings-adapter
126,craig-clifton-kalam-cosmological-argument-2021,William Lane Craig vs Scott Clifton: The Kalam Cosmological Argument,non_theist,con,Scott Clifton,con-principled-exception-parity,reply,3,88,83,99,69,95,89,87,stronger support,v4-closed-findings-adapter
126,craig-clifton-kalam-cosmological-argument-2021,William Lane Craig vs Scott Clifton: The Kalam Cosmological Argument,non_theist,con,Scott Clifton,con-no-prior-empty-interval,reply,3,90,85,99,87,95,91,91,stronger support,v4-closed-findings-adapter
126,craig-clifton-kalam-cosmological-argument-2021,William Lane Craig vs Scott Clifton: The Kalam Cosmological Argument,non_theist,con,Scott Clifton,con-inexplicability-burden,reply,2,86,81,97,68,95,87,86,stronger support,v4-closed-findings-adapter
126,craig-clifton-kalam-cosmological-argument-2021,William Lane Craig vs Scott Clifton: The Kalam Cosmological Argument,theist,pro,William Lane Craig,pro-no-prior-restrictor-of-uncaused-beginnings,reply,3,62,62,99,87,75,58,74,assertion/anecdote/authority/speculation carries substantial weight,v4-closed-findings-adapter
127,slick-clifton-objective-morality-god-2014,Matt Slick vs Scott Clifton: Does Objective Morality Require God?,theist,pro,Matt Slick,pro-mind-grounded-moral-truth,constructive,3,65,58,76,100,75,61,72,assertion/anecdote/authority/speculation carries substantial weight,v4-closed-findings-adapter
127,slick-clifton-objective-morality-god-2014,Matt Slick vs Scott Clifton: Does Objective Morality Require God?,non_theist,con,Scott Clifton,con-welfare-definition-objectivity,reply,3,84,78,73,87,95,90,83,material warrant or verification step compressed,v4-closed-findings-adapter
127,slick-clifton-objective-morality-god-2014,Matt Slick vs Scott Clifton: Does Objective Morality Require God?,theist,pro,Matt Slick,pro-immutable-divine-character,reply,3,68,61,71,87,85,69,72,assertion/anecdote/authority/speculation carries substantial weight,v4-closed-findings-adapter
127,slick-clifton-objective-morality-god-2014,Matt Slick vs Scott Clifton: Does Objective Morality Require God?,non_theist,con,Scott Clifton,con-contrary-divine-nature,reply,3,89,84,99,87,95,93,91,stronger support,v4-closed-findings-adapter
127,slick-clifton-objective-morality-god-2014,Matt Slick vs Scott Clifton: Does Objective Morality Require God?,theist,pro,Matt Slick,pro-contrary-nature-counterfactual,reply,2,74,60,73,87,75,60,72,assertion/anecdote/authority/speculation carries substantial weight,v4-closed-findings-adapter
127,slick-clifton-objective-morality-god-2014,Matt Slick vs Scott Clifton: Does Objective Morality Require God?,non_theist,con,Scott Clifton,con-self-certifying-divine-standard,reply,3,88,84,98,87,95,91,90,stronger support,v4-closed-findings-adapter
127,slick-clifton-objective-morality-god-2014,Matt Slick vs Scott Clifton: Does Objective Morality Require God?,non_theist,con,Scott Clifton,con-circular-obedience-reason,reply,3,82,79,98,87,85,78,85,material warrant or verification step compressed,v4-closed-findings-adapter
127,slick-clifton-objective-morality-god-2014,Matt Slick vs Scott Clifton: Does Objective Morality Require God?,theist,pro,Matt Slick,pro-omniscient-revelatory-reasons,reply,2,74,70,72,69,75,82,73,material warrant or verification step compressed,v4-closed-findings-adapter
127,slick-clifton-objective-morality-god-2014,Matt Slick vs Scott Clifton: Does Objective Morality Require God?,theist,pro,Matt Slick,pro-perfect-consequence-knowledge,reply,2,76,73,72,69,85,65,73,material warrant or verification step compressed,v4-closed-findings-adapter
127,slick-clifton-objective-morality-god-2014,Matt Slick vs Scott Clifton: Does Objective Morality Require God?,non_theist,con,Scott Clifton,con-omniscient-informational-intermediary,reply,2,93,87,99,69,95,93,90,stronger support,v4-closed-findings-adapter
127,slick-clifton-objective-morality-god-2014,Matt Slick vs Scott Clifton: Does Objective Morality Require God?,non_theist,con,Scott Clifton,con-objective-application-chosen-standard,reply,3,88,83,98,87,95,90,90,stronger support,v4-closed-findings-adapter
127,slick-clifton-objective-morality-god-2014,Matt Slick vs Scott Clifton: Does Objective Morality Require God?,theist,pro,Matt Slick,pro-impossibility-to-contrary,reply,3,48,51,72,100,75,56,65,assertion/anecdote/authority/speculation carries substantial weight,v4-closed-findings-adapter
127,slick-clifton-objective-morality-god-2014,Matt Slick vs Scott Clifton: Does Objective Morality Require God?,theist,pro,Matt Slick,pro-universal-torture-prohibition,reply,2,77,73,97,87,95,72,83,material warrant or verification step compressed,v4-closed-findings-adapter
127,slick-clifton-objective-morality-god-2014,Matt Slick vs Scott Clifton: Does Objective Morality Require God?,theist,pro,Matt Slick,pro-hidden-assault-harm-test,reply,2,69,67,72,69,75,58,69,assertion/anecdote/authority/speculation carries substantial weight,v4-closed-findings-adapter
127,slick-clifton-objective-morality-god-2014,Matt Slick vs Scott Clifton: Does Objective Morality Require God?,non_theist,con,Scott Clifton,con-potential-states-rule-consequences,reply,3,86,82,99,87,95,91,89,stronger support,v4-closed-findings-adapter
127,slick-clifton-objective-morality-god-2014,Matt Slick vs Scott Clifton: Does Objective Morality Require God?,non_theist,con,Scott Clifton,con-veil-of-ignorance-rules,reply,3,86,80,98,87,95,91,89,stronger support,v4-closed-findings-adapter
127,slick-clifton-objective-morality-god-2014,Matt Slick vs Scott Clifton: Does Objective Morality Require God?,theist,pro,Matt Slick,pro-recipient-preference-variability,reply,2,58,58,55,86,75,52,63,assertion/anecdote/authority/speculation carries substantial weight,v4-closed-findings-adapter
127,slick-clifton-objective-morality-god-2014,Matt Slick vs Scott Clifton: Does Objective Morality Require God?,non_theist,con,Scott Clifton,con-universal-misery-counterexample,reply,3,86,84,98,87,95,80,88,stronger support,v4-closed-findings-adapter
127,slick-clifton-objective-morality-god-2014,Matt Slick vs Scott Clifton: Does Objective Morality Require God?,non_theist,con,Scott Clifton,con-belief-without-motivation,reply,2,84,79,97,69,75,92,83,material warrant or verification step compressed,v4-closed-findings-adapter
127,slick-clifton-objective-morality-god-2014,Matt Slick vs Scott Clifton: Does Objective Morality Require God?,theist,pro,Matt Slick,pro-truth-compliance-distinction,reply,2,90,84,95,69,95,82,86,stronger support,v4-closed-findings-adapter
127,slick-clifton-objective-morality-god-2014,Matt Slick vs Scott Clifton: Does Objective Morality Require God?,theist,pro,Matt Slick,pro-christian-is-ought-bridge,reply,3,53,51,71,86,60,54,62,assertion/anecdote/authority/speculation carries substantial weight,v4-closed-findings-adapter
127,slick-clifton-objective-morality-god-2014,Matt Slick vs Scott Clifton: Does Objective Morality Require God?,non_theist,con,Scott Clifton,con-divine-descriptions-no-duty,reply,3,94,89,99,87,95,94,93,stronger support,v4-closed-findings-adapter
127,slick-clifton-objective-morality-god-2014,Matt Slick vs Scott Clifton: Does Objective Morality Require God?,theist,pro,Matt Slick,pro-obligation-through-divine-glory,reply,3,59,57,73,87,75,62,68,assertion/anecdote/authority/speculation carries substantial weight,v4-closed-findings-adapter
128,craig-law-evil-god-challenge-2011,William Lane Craig vs Stephen Law: Does God Exist?,theist,pro,William Lane Craig,pro-cosmological-transcendent-personal-cause,constructive,3,78,74,90,87,85,75,81,material warrant or verification step compressed,v4-closed-findings-adapter
128,craig-law-evil-god-challenge-2011,William Lane Craig vs Stephen Law: Does God Exist?,theist,pro,William Lane Craig,pro-objective-morality-divine-ground,constructive,3,76,68,92,87,85,65,79,assertion/anecdote/authority/speculation carries substantial weight,v4-closed-findings-adapter
128,craig-law-evil-god-challenge-2011,William Lane Craig vs Stephen Law: Does God Exist?,theist,pro,William Lane Craig,pro-resurrection-three-facts,constructive,3,76,69,89,87,85,66,79,assertion/anecdote/authority/speculation carries substantial weight,v4-closed-findings-adapter
128,craig-law-evil-god-challenge-2011,William Lane Craig vs Stephen Law: Does God Exist?,non_theist,con,Stephen Law,con-historical-suffering-evidence,constructive,3,86,82,93,87,95,93,88,stronger support,v4-closed-findings-adapter
128,craig-law-evil-god-challenge-2011,William Lane Craig vs Stephen Law: Does God Exist?,non_theist,con,Stephen Law,con-good-evil-god-observational-symmetry,reply,3,86,80,73,100,95,91,86,stronger support,v4-closed-findings-adapter
128,craig-law-evil-god-challenge-2011,William Lane Craig vs Stephen Law: Does God Exist?,non_theist,con,Stephen Law,con-mirrored-theodicies,constructive,3,87,84,94,87,95,92,89,stronger support,v4-closed-findings-adapter
128,craig-law-evil-god-challenge-2011,William Lane Craig vs Stephen Law: Does God Exist?,non_theist,con,Stephen Law,con-parity-of-observational-exclusion,reply,3,89,82,96,100,95,93,92,stronger support,v4-closed-findings-adapter
128,craig-law-evil-god-challenge-2011,William Lane Craig vs Stephen Law: Does God Exist?,theist,pro,William Lane Craig,pro-suffering-feasible-world-burden,reply,3,64,57,72,87,75,60,68,assertion/anecdote/authority/speculation carries substantial weight,v4-closed-findings-adapter
128,craig-law-evil-god-challenge-2011,William Lane Craig vs Stephen Law: Does God Exist?,theist,pro,William Lane Craig,pro-evil-creator-inductive-symmetry,reply,3,71,60,72,87,75,71,72,assertion/anecdote/authority/speculation carries substantial weight,v4-closed-findings-adapter
128,craig-law-evil-god-challenge-2011,William Lane Craig vs Stephen Law: Does God Exist?,non_theist,con,Stephen Law,con-suffering-argument-without-moral-realism,reply,2,92,87,99,69,95,94,89,stronger support,v4-closed-findings-adapter
128,craig-law-evil-god-challenge-2011,William Lane Craig vs Stephen Law: Does God Exist?,non_theist,con,Stephen Law,con-moral-argument-premises-and-counterevidence,reply,3,82,70,98,87,75,80,83,material warrant or verification step compressed,v4-closed-findings-adapter
128,craig-law-evil-god-challenge-2011,William Lane Craig vs Stephen Law: Does God Exist?,non_theist,con,Stephen Law,con-resurrection-testimony-base-rate,reply,3,89,76,99,87,95,92,89,material warrant or verification step compressed,v4-closed-findings-adapter
128,craig-law-evil-god-challenge-2011,William Lane Craig vs Stephen Law: Does God Exist?,theist,pro,William Lane Craig,pro-theistic-moral-explanation,reply,3,78,67,72,87,85,73,76,assertion/anecdote/authority/speculation carries substantial weight,v4-closed-findings-adapter
128,craig-law-evil-god-challenge-2011,William Lane Craig vs Stephen Law: Does God Exist?,theist,pro,William Lane Craig,pro-resurrection-explanatory-context,reply,3,83,72,96,87,95,81,85,material warrant or verification step compressed,v4-closed-findings-adapter
128,craig-law-evil-god-challenge-2011,William Lane Craig vs Stephen Law: Does God Exist?,non_theist,con,Stephen Law,con-cosmological-moral-neutrality,reply,3,93,88,72,87,95,94,87,stronger support,v4-closed-findings-adapter
128,craig-law-evil-god-challenge-2011,William Lane Craig vs Stephen Law: Does God Exist?,theist,pro,William Lane Craig,pro-cosmological-deduction-not-gap,reply,2,91,80,55,86,95,78,80,stronger support,v4-closed-findings-adapter
128,craig-law-evil-god-challenge-2011,William Lane Craig vs Stephen Law: Does God Exist?,theist,pro,William Lane Craig,pro-providential-probability-limits,reply,3,66,59,73,87,95,58,71,assertion/anecdote/authority/speculation carries substantial weight,v4-closed-findings-adapter
128,craig-law-evil-god-challenge-2011,William Lane Craig vs Stephen Law: Does God Exist?,theist,pro,William Lane Craig,pro-historical-ripple-effects,reply,2,74,62,72,69,95,64,72,assertion/anecdote/authority/speculation carries substantial weight,v4-closed-findings-adapter
130,licona-carrier-resurrection-history-2010,Mike Licona vs Richard Carrier: Did Jesus Rise From the Dead?,theist,pro,Mike Licona,pro-method-explanatory-criteria,constructive,3,80,72,90,87,85,74,81,material warrant or verification step compressed,v4-closed-findings-adapter
130,licona-carrier-resurrection-history-2010,Mike Licona vs Richard Carrier: Did Jesus Rise From the Dead?,theist,pro,Mike Licona,pro-pauline-appearances-bodily-resurrection,constructive,3,76,68,91,87,75,68,78,assertion/anecdote/authority/speculation carries substantial weight,v4-closed-findings-adapter
130,licona-carrier-resurrection-history-2010,Mike Licona vs Richard Carrier: Did Jesus Rise From the Dead?,theist,pro,Mike Licona,pro-resurrection-explanatory-fit,constructive,3,72,58,89,100,75,62,76,assertion/anecdote/authority/speculation carries substantial weight,v4-closed-findings-adapter
130,licona-carrier-resurrection-history-2010,Mike Licona vs Richard Carrier: Did Jesus Rise From the Dead?,non_theist,con,Richard Carrier,con-extraordinary-evidence-threshold,reply,3,83,75,98,87,85,78,85,material warrant or verification step compressed,v4-closed-findings-adapter
130,licona-carrier-resurrection-history-2010,Mike Licona vs Richard Carrier: Did Jesus Rise From the Dead?,non_theist,con,Richard Carrier,con-pauline-visions-not-bodily-encounters,reply,3,79,72,98,87,75,80,82,material warrant or verification step compressed,v4-closed-findings-adapter
130,licona-carrier-resurrection-history-2010,Mike Licona vs Richard Carrier: Did Jesus Rise From the Dead?,non_theist,con,Richard Carrier,con-restricted-appearances-visionary-movement,reply,3,75,67,98,100,75,68,81,assertion/anecdote/authority/speculation carries substantial weight,v4-closed-findings-adapter
130,licona-carrier-resurrection-history-2010,Mike Licona vs Richard Carrier: Did Jesus Rise From the Dead?,theist,pro,Mike Licona,pro-missing-body-cumulative-significance,reply,2,81,65,96,87,75,82,81,assertion/anecdote/authority/speculation carries substantial weight,v4-closed-findings-adapter
130,licona-carrier-resurrection-history-2010,Mike Licona vs Richard Carrier: Did Jesus Rise From the Dead?,theist,pro,Mike Licona,pro-intentional-act-reference-class,reply,3,78,62,98,87,95,81,82,assertion/anecdote/authority/speculation carries substantial weight,v4-closed-findings-adapter
130,licona-carrier-resurrection-history-2010,Mike Licona vs Richard Carrier: Did Jesus Rise From the Dead?,non_theist,con,Richard Carrier,con-divine-intention-prior,reply,3,91,80,99,87,95,93,90,stronger support,v4-closed-findings-adapter
130,licona-carrier-resurrection-history-2010,Mike Licona vs Richard Carrier: Did Jesus Rise From the Dead?,non_theist,con,Richard Carrier,con-charismatic-hallucinatory-contagion,reply,3,78,65,98,87,75,74,80,assertion/anecdote/authority/speculation carries substantial weight,v4-closed-findings-adapter
130,licona-carrier-resurrection-history-2010,Mike Licona vs Richard Carrier: Did Jesus Rise From the Dead?,theist,pro,Mike Licona,pro-altered-state-explanatory-mismatch,reply,3,78,69,97,87,75,77,81,assertion/anecdote/authority/speculation carries substantial weight,v4-closed-findings-adapter
130,licona-carrier-resurrection-history-2010,Mike Licona vs Richard Carrier: Did Jesus Rise From the Dead?,non_theist,con,Richard Carrier,con-bodily-belief-without-grave-verification,reply,2,83,74,98,69,95,91,84,material warrant or verification step compressed,v4-closed-findings-adapter
130,licona-carrier-resurrection-history-2010,Mike Licona vs Richard Carrier: Did Jesus Rise From the Dead?,theist,pro,Mike Licona,pro-proclaimer-costly-sincerity,reply,2,83,70,71,68,75,80,75,material warrant or verification step compressed,v4-closed-findings-adapter
130,licona-carrier-resurrection-history-2010,Mike Licona vs Richard Carrier: Did Jesus Rise From the Dead?,non_theist,con,Richard Carrier,con-sincere-but-mistaken-proclaimers,reply,2,92,78,99,69,95,94,88,material warrant or verification step compressed,v4-closed-findings-adapter
130,licona-carrier-resurrection-history-2010,Mike Licona vs Richard Carrier: Did Jesus Rise From the Dead?,non_theist,con,Richard Carrier,con-gospel-mythmaking-indicators,reply,3,70,68,97,87,60,65,76,assertion/anecdote/authority/speculation carries substantial weight,v4-closed-findings-adapter
130,licona-carrier-resurrection-history-2010,Mike Licona vs Richard Carrier: Did Jesus Rise From the Dead?,theist,pro,Mike Licona,pro-gospel-core-despite-variation,reply,3,87,74,98,87,75,89,86,material warrant or verification step compressed,v4-closed-findings-adapter
136,douthat-ehrman-resurrection-gospel-history-2026,Ross Douthat vs Bart Ehrman: Did Jesus Rise From the Dead?,non_theist,con,Bart Ehrman,con-source-dependence-and-johannine-distinctiveness,constructive,3,88,85,86,87,95,85,87,stronger support,v4-closed-findings-adapter
136,douthat-ehrman-resurrection-gospel-history-2026,Ross Douthat vs Bart Ehrman: Did Jesus Rise From the Dead?,non_theist,con,Bart Ehrman,con-calibrated-existence-baseline,constructive,1,92,86,83,69,95,85,85,stronger support,v4-closed-findings-adapter
136,douthat-ehrman-resurrection-gospel-history-2026,Ross Douthat vs Bart Ehrman: Did Jesus Rise From the Dead?,non_theist,con,Bart Ehrman,con-anonymous-late-changing-transmission,constructive,3,87,82,89,87,95,91,88,stronger support,v4-closed-findings-adapter
136,douthat-ehrman-resurrection-gospel-history-2026,Ross Douthat vs Bart Ehrman: Did Jesus Rise From the Dead?,theist,pro,Ross Douthat,pro-miracle-content-method-challenge,reply,3,91,78,95,87,95,92,89,material warrant or verification step compressed,v4-closed-findings-adapter
136,douthat-ehrman-resurrection-gospel-history-2026,Ross Douthat vs Bart Ehrman: Did Jesus Rise From the Dead?,non_theist,con,Bart Ehrman,con-historical-plausibility-of-miracle-reports,reply,3,83,77,98,87,95,80,86,material warrant or verification step compressed,v4-closed-findings-adapter
136,douthat-ehrman-resurrection-gospel-history-2026,Ross Douthat vs Bart Ehrman: Did Jesus Rise From the Dead?,theist,pro,Ross Douthat,pro-attestation-can-raise-miracle-probability,reply,3,90,76,95,87,85,91,87,material warrant or verification step compressed,v4-closed-findings-adapter
136,douthat-ehrman-resurrection-gospel-history-2026,Ross Douthat vs Bart Ehrman: Did Jesus Rise From the Dead?,non_theist,con,Bart Ehrman,con-probabilistic-historical-establishment,reply,3,92,83,99,87,95,93,91,stronger support,v4-closed-findings-adapter
136,douthat-ehrman-resurrection-gospel-history-2026,Ross Douthat vs Bart Ehrman: Did Jesus Rise From the Dead?,theist,pro,Ross Douthat,pro-acts-ending-supports-early-date,reply,2,77,72,95,86,85,79,82,material warrant or verification step compressed,v4-closed-findings-adapter
136,douthat-ehrman-resurrection-gospel-history-2026,Ross Douthat vs Bart Ehrman: Did Jesus Rise From the Dead?,non_theist,con,Bart Ehrman,con-concrete-gospel-contradictions,constructive,3,91,88,88,87,95,94,90,stronger support,v4-closed-findings-adapter
136,douthat-ehrman-resurrection-gospel-history-2026,Ross Douthat vs Bart Ehrman: Did Jesus Rise From the Dead?,theist,pro,Ross Douthat,pro-variation-compatible-with-testimony,reply,3,86,73,95,87,95,93,87,material warrant or verification step compressed,v4-closed-findings-adapter
136,douthat-ehrman-resurrection-gospel-history-2026,Ross Douthat vs Bart Ehrman: Did Jesus Rise From the Dead?,theist,pro,Ross Douthat,pro-local-knowledge-supports-continuity,reply,2,79,76,95,87,75,80,83,material warrant or verification step compressed,v4-closed-findings-adapter
136,douthat-ehrman-resurrection-gospel-history-2026,Ross Douthat vs Bart Ehrman: Did Jesus Rise From the Dead?,non_theist,con,Bart Ehrman,con-visions-originated-resurrection-belief,constructive,3,84,79,88,87,95,85,85,material warrant or verification step compressed,v4-closed-findings-adapter
136,douthat-ehrman-resurrection-gospel-history-2026,Ross Douthat vs Bart Ehrman: Did Jesus Rise From the Dead?,non_theist,con,Bart Ehrman,con-empty-tomb-narrative-not-verification,reply,2,87,79,57,68,95,91,78,material warrant or verification step compressed,v4-closed-findings-adapter
136,douthat-ehrman-resurrection-gospel-history-2026,Ross Douthat vs Bart Ehrman: Did Jesus Rise From the Dead?,theist,pro,Ross Douthat,pro-doubt-psychologically-realistic,reply,1,88,74,94,68,85,89,83,material warrant or verification step compressed,v4-closed-findings-adapter
136,douthat-ehrman-resurrection-gospel-history-2026,Ross Douthat vs Bart Ehrman: Did Jesus Rise From the Dead?,theist,pro,Ross Douthat,pro-bereavement-visions-explanatorily-insufficient,reply,3,78,72,95,87,75,79,81,material warrant or verification step compressed,v4-closed-findings-adapter
136,douthat-ehrman-resurrection-gospel-history-2026,Ross Douthat vs Bart Ehrman: Did Jesus Rise From the Dead?,non_theist,con,Bart Ehrman,con-messianic-reinterpretation-after-visions,reply,3,88,78,73,87,85,87,82,material warrant or verification step compressed,v4-closed-findings-adapter
136,douthat-ehrman-resurrection-gospel-history-2026,Ross Douthat vs Bart Ehrman: Did Jesus Rise From the Dead?,non_theist,con,Bart Ehrman,con-bodily-scenes-as-polemical-development,reply,2,81,77,95,69,85,79,81,material warrant or verification step compressed,v4-closed-findings-adapter
136,douthat-ehrman-resurrection-gospel-history-2026,Ross Douthat vs Bart Ehrman: Did Jesus Rise From the Dead?,theist,pro,Ross Douthat,pro-narrative-strangeness-as-experiential-trace,reply,3,79,76,96,69,75,74,79,material warrant or verification step compressed,v4-closed-findings-adapter
137,price-craig-resurrection-historical-analogy-1999,Robert Price vs William Lane Craig: Did Jesus Rise From the Dead?,theist,pro,William Lane Craig,pro-burial-joseph-known-tomb,constructive,3,83,77,90,87,85,75,83,material warrant or verification step compressed,v4-closed-findings-adapter
137,price-craig-resurrection-historical-analogy-1999,Robert Price vs William Lane Craig: Did Jesus Rise From the Dead?,theist,pro,William Lane Craig,pro-empty-tomb-women-early-tradition,constructive,3,84,78,92,87,85,75,84,material warrant or verification step compressed,v4-closed-findings-adapter
137,price-craig-resurrection-historical-analogy-1999,Robert Price vs William Lane Craig: Did Jesus Rise From the Dead?,theist,pro,William Lane Craig,pro-appearances-individuals-groups,constructive,3,84,78,91,87,85,75,84,material warrant or verification step compressed,v4-closed-findings-adapter
137,price-craig-resurrection-historical-analogy-1999,Robert Price vs William Lane Craig: Did Jesus Rise From the Dead?,theist,pro,William Lane Craig,pro-belief-sudden-jewish-expectations,constructive,3,82,75,90,87,75,74,81,material warrant or verification step compressed,v4-closed-findings-adapter
137,price-craig-resurrection-historical-analogy-1999,Robert Price vs William Lane Craig: Did Jesus Rise From the Dead?,theist,pro,William Lane Craig,pro-resurrection-best-cumulative-explanation,constructive,3,70,62,87,100,75,60,76,assertion/anecdote/authority/speculation carries substantial weight,v4-closed-findings-adapter
137,price-craig-resurrection-historical-analogy-1999,Robert Price vs William Lane Craig: Did Jesus Rise From the Dead?,non_theist,con,Robert Price,con-case-by-case-miracle-assessment,reply,2,91,82,98,87,95,89,90,stronger support,v4-closed-findings-adapter
137,price-craig-resurrection-historical-analogy-1999,Robert Price vs William Lane Craig: Did Jesus Rise From the Dead?,non_theist,con,Robert Price,con-historical-analogy-method,reply,3,77,69,95,69,75,67,77,assertion/anecdote/authority/speculation carries substantial weight,v4-closed-findings-adapter
137,price-craig-resurrection-historical-analogy-1999,Robert Price vs William Lane Craig: Did Jesus Rise From the Dead?,non_theist,con,Robert Price,con-vanished-body-hero-genre,reply,3,78,69,95,87,85,72,81,assertion/anecdote/authority/speculation carries substantial weight,v4-closed-findings-adapter
137,price-craig-resurrection-historical-analogy-1999,Robert Price vs William Lane Craig: Did Jesus Rise From the Dead?,theist,pro,William Lane Craig,pro-belief-pagan-causation-gap,reply,2,81,74,95,87,85,70,83,material warrant or verification step compressed,v4-closed-findings-adapter
137,price-craig-resurrection-historical-analogy-1999,Robert Price vs William Lane Craig: Did Jesus Rise From the Dead?,theist,pro,William Lane Craig,pro-source-first-corinthians-authenticity,reply,3,91,88,66,87,95,86,85,stronger support,v4-closed-findings-adapter
137,price-craig-resurrection-historical-analogy-1999,Robert Price vs William Lane Craig: Did Jesus Rise From the Dead?,non_theist,con,Robert Price,con-corinthians-creed-composite,reply,3,71,65,95,87,75,72,78,assertion/anecdote/authority/speculation carries substantial weight,v4-closed-findings-adapter
137,price-craig-resurrection-historical-analogy-1999,Robert Price vs William Lane Craig: Did Jesus Rise From the Dead?,non_theist,con,Robert Price,con-resurrection-belief-retrojection,reply,2,78,64,94,87,95,87,82,assertion/anecdote/authority/speculation carries substantial weight,v4-closed-findings-adapter
137,price-craig-resurrection-historical-analogy-1999,Robert Price vs William Lane Craig: Did Jesus Rise From the Dead?,non_theist,con,Robert Price,con-literary-sources-insufficient,reply,3,79,64,97,100,75,74,82,assertion/anecdote/authority/speculation carries substantial weight,v4-closed-findings-adapter
137,price-craig-resurrection-historical-analogy-1999,Robert Price vs William Lane Craig: Did Jesus Rise From the Dead?,theist,pro,William Lane Craig,pro-source-canonical-documents-admissible,reply,2,85,71,70,86,95,71,79,material warrant or verification step compressed,v4-closed-findings-adapter
137,price-craig-resurrection-historical-analogy-1999,Robert Price vs William Lane Craig: Did Jesus Rise From the Dead?,non_theist,con,Robert Price,con-burial-tomb-source-problems,reply,3,77,61,95,87,75,72,78,assertion/anecdote/authority/speculation carries substantial weight,v4-closed-findings-adapter
137,price-craig-resurrection-historical-analogy-1999,Robert Price vs William Lane Craig: Did Jesus Rise From the Dead?,non_theist,con,Robert Price,con-gospel-appearances-low-value,reply,2,76,59,94,87,75,72,77,assertion/anecdote/authority/speculation carries substantial weight,v4-closed-findings-adapter
137,price-craig-resurrection-historical-analogy-1999,Robert Price vs William Lane Craig: Did Jesus Rise From the Dead?,non_theist,con,Robert Price,con-cognitive-dissonance-persistence,reply,3,82,68,95,87,85,80,83,assertion/anecdote/authority/speculation carries substantial weight,v4-closed-findings-adapter
137,price-craig-resurrection-historical-analogy-1999,Robert Price vs William Lane Craig: Did Jesus Rise From the Dead?,non_theist,con,Robert Price,con-miracle-explanatory-deficit,reply,3,66,57,72,87,85,64,70,assertion/anecdote/authority/speculation carries substantial weight,v4-closed-findings-adapter
137,price-craig-resurrection-historical-analogy-1999,Robert Price vs William Lane Craig: Did Jesus Rise From the Dead?,theist,pro,William Lane Craig,pro-explanation-likelihood-evidence,reply,3,88,73,97,87,95,73,86,material warrant or verification step compressed,v4-closed-findings-adapter
138,albrecht-price-bodily-resurrection-2022,William Albrecht vs Robert Price: Did Jesus Bodily Rise from the Dead?,theist,pro,William Albrecht,pro-early-pauline-received-tradition,constructive,3,83,78,87,87,75,75,82,material warrant or verification step compressed,v4-closed-findings-adapter
138,albrecht-price-bodily-resurrection-2022,William Albrecht vs Robert Price: Did Jesus Bodily Rise from the Dead?,theist,pro,William Albrecht,pro-glorious-body-empty-tomb,constructive,3,78,74,83,87,75,75,79,material warrant or verification step compressed,v4-closed-findings-adapter
138,albrecht-price-bodily-resurrection-2022,William Albrecht vs Robert Price: Did Jesus Bodily Rise from the Dead?,theist,pro,William Albrecht,pro-experiences-not-mere-visions,constructive,3,68,64,80,99,75,61,74,assertion/anecdote/authority/speculation carries substantial weight,v4-closed-findings-adapter
138,albrecht-price-bodily-resurrection-2022,William Albrecht vs Robert Price: Did Jesus Bodily Rise from the Dead?,theist,pro,William Albrecht,pro-apostolic-fathers-transmission-chain,constructive,3,75,68,84,87,75,68,77,assertion/anecdote/authority/speculation carries substantial weight,v4-closed-findings-adapter
138,albrecht-price-bodily-resurrection-2022,William Albrecht vs Robert Price: Did Jesus Bodily Rise from the Dead?,non_theist,con,Robert Price,con-method-analogy-improbability,reply,3,80,71,97,100,75,78,84,material warrant or verification step compressed,v4-closed-findings-adapter
138,albrecht-price-bodily-resurrection-2022,William Albrecht vs Robert Price: Did Jesus Bodily Rise from the Dead?,non_theist,con,Robert Price,con-method-possibility-not-occurrence,reply,3,90,83,98,99,95,90,92,stronger support,v4-closed-findings-adapter
138,albrecht-price-bodily-resurrection-2022,William Albrecht vs Robert Price: Did Jesus Bodily Rise from the Dead?,non_theist,con,Robert Price,con-parallels-attis-osiris-baal,reply,2,73,63,57,87,75,75,70,assertion/anecdote/authority/speculation carries substantial weight,v4-closed-findings-adapter
138,albrecht-price-bodily-resurrection-2022,William Albrecht vs Robert Price: Did Jesus Bodily Rise from the Dead?,theist,pro,William Albrecht,pro-attis-documentary-gap,reply,2,87,76,98,69,95,91,86,material warrant or verification step compressed,v4-closed-findings-adapter
138,albrecht-price-bodily-resurrection-2022,William Albrecht vs Robert Price: Did Jesus Bodily Rise from the Dead?,non_theist,con,Robert Price,con-parallels-baal-ugaritic-evidence,reply,2,74,71,72,87,75,70,75,material warrant or verification step compressed,v4-closed-findings-adapter
138,albrecht-price-bodily-resurrection-2022,William Albrecht vs Robert Price: Did Jesus Bodily Rise from the Dead?,theist,pro,William Albrecht,pro-justin-no-prior-equivalent,reply,2,87,79,98,69,95,92,86,material warrant or verification step compressed,v4-closed-findings-adapter
138,albrecht-price-bodily-resurrection-2022,William Albrecht vs Robert Price: Did Jesus Bodily Rise from the Dead?,non_theist,con,Robert Price,con-provenance-disputed-authorship,reply,3,86,66,98,87,75,59,81,assertion/anecdote/authority/speculation carries substantial weight,v4-closed-findings-adapter
138,albrecht-price-bodily-resurrection-2022,William Albrecht vs Robert Price: Did Jesus Bodily Rise from the Dead?,non_theist,con,Robert Price,con-bodily-meaning-paul-luke-conflict,reply,3,70,76,98,87,75,66,79,material warrant or verification step compressed,v4-closed-findings-adapter
138,albrecht-price-bodily-resurrection-2022,William Albrecht vs Robert Price: Did Jesus Bodily Rise from the Dead?,theist,pro,William Albrecht,pro-spiritual-not-immaterial,reply,3,84,78,98,87,75,78,85,material warrant or verification step compressed,v4-closed-findings-adapter
138,albrecht-price-bodily-resurrection-2022,William Albrecht vs Robert Price: Did Jesus Bodily Rise from the Dead?,non_theist,con,Robert Price,con-bodily-meaning-immediate-context,reply,3,75,75,98,87,75,69,81,material warrant or verification step compressed,v4-closed-findings-adapter
138,albrecht-price-bodily-resurrection-2022,William Albrecht vs Robert Price: Did Jesus Bodily Rise from the Dead?,non_theist,con,Robert Price,con-transmission-unverifiable-lineage,reply,2,84,72,98,69,75,79,81,material warrant or verification step compressed,v4-closed-findings-adapter
138,albrecht-price-bodily-resurrection-2022,William Albrecht vs Robert Price: Did Jesus Bodily Rise from the Dead?,non_theist,con,Robert Price,con-martyrdom-legendary-apostles,reply,2,78,67,97,69,75,64,77,assertion/anecdote/authority/speculation carries substantial weight,v4-closed-findings-adapter
138,albrecht-price-bodily-resurrection-2022,William Albrecht vs Robert Price: Did Jesus Bodily Rise from the Dead?,non_theist,con,Robert Price,con-growth-sincerity-ordinary-causes,reply,2,88,77,70,69,95,94,81,material warrant or verification step compressed,v4-closed-findings-adapter
138,albrecht-price-bodily-resurrection-2022,William Albrecht vs Robert Price: Did Jesus Bodily Rise from the Dead?,theist,pro,William Albrecht,pro-costly-bodily-witness-belief,reply,2,65,61,71,69,75,58,66,assertion/anecdote/authority/speculation carries substantial weight,v4-closed-findings-adapter
138,albrecht-price-bodily-resurrection-2022,William Albrecht vs Robert Price: Did Jesus Bodily Rise from the Dead?,theist,pro,William Albrecht,pro-growth-eyewitness-linked-testimony,reply,2,58,58,67,68,75,57,63,assertion/anecdote/authority/speculation carries substantial weight,v4-closed-findings-adapter
139,adelstein-dillahunty-belief-god-2025,Matthew Adelstein vs Matt Dillahunty: Should We Believe in God?,theist,pro,Matthew Adelstein,pro-bayesian-priors-likelihoods,constructive,3,92,87,91,87,95,85,90,stronger support,v4-closed-findings-adapter
139,adelstein-dillahunty-belief-god-2025,Matthew Adelstein vs Matt Dillahunty: Should We Believe in God?,theist,pro,Matthew Adelstein,pro-limitless-mind-prior,constructive,3,75,68,84,87,75,85,78,assertion/anecdote/authority/speculation carries substantial weight,v4-closed-findings-adapter
139,adelstein-dillahunty-belief-god-2025,Matthew Adelstein vs Matt Dillahunty: Should We Believe in God?,theist,pro,Matthew Adelstein,pro-constants-likelihood-design,constructive,3,73,59,88,87,75,61,74,assertion/anecdote/authority/speculation carries substantial weight,v4-closed-findings-adapter
139,adelstein-dillahunty-belief-god-2025,Matthew Adelstein vs Matt Dillahunty: Should We Believe in God?,theist,pro,Matthew Adelstein,pro-consciousness-likelihood,constructive,3,74,63,82,87,75,72,75,assertion/anecdote/authority/speculation carries substantial weight,v4-closed-findings-adapter
139,adelstein-dillahunty-belief-god-2025,Matthew Adelstein vs Matt Dillahunty: Should We Believe in God?,theist,pro,Matthew Adelstein,pro-observer-population-evidence,constructive,2,58,50,75,86,60,58,64,assertion/anecdote/authority/speculation carries substantial weight,v4-closed-findings-adapter
139,adelstein-dillahunty-belief-god-2025,Matthew Adelstein vs Matt Dillahunty: Should We Believe in God?,non_theist,con,Matt Dillahunty,con-evidence-proportional-warrant,reply,3,88,82,97,87,95,91,89,stronger support,v4-closed-findings-adapter
139,adelstein-dillahunty-belief-god-2025,Matthew Adelstein vs Matt Dillahunty: Should We Believe in God?,non_theist,con,Matt Dillahunty,con-omnimax-verification-limit,reply,3,89,82,99,87,95,91,90,stronger support,v4-closed-findings-adapter
139,adelstein-dillahunty-belief-god-2025,Matthew Adelstein vs Matt Dillahunty: Should We Believe in God?,non_theist,con,Matt Dillahunty,con-powerful-creator-identification-gap,reply,3,90,81,99,88,95,93,91,stronger support,v4-closed-findings-adapter
139,adelstein-dillahunty-belief-god-2025,Matthew Adelstein vs Matt Dillahunty: Should We Believe in God?,non_theist,con,Matt Dillahunty,con-hiddenness-and-unreliable-manifestation,reply,3,79,71,97,69,85,74,80,material warrant or verification step compressed,v4-closed-findings-adapter
139,adelstein-dillahunty-belief-god-2025,Matthew Adelstein vs Matt Dillahunty: Should We Believe in God?,theist,pro,Matthew Adelstein,pro-omnimax-parsimony-bridge,reply,3,73,64,97,87,75,71,78,assertion/anecdote/authority/speculation carries substantial weight,v4-closed-findings-adapter
139,adelstein-dillahunty-belief-god-2025,Matthew Adelstein vs Matt Dillahunty: Should We Believe in God?,non_theist,con,Matt Dillahunty,con-likelihood-causation-gap,reply,3,89,86,99,87,95,89,91,stronger support,v4-closed-findings-adapter
139,adelstein-dillahunty-belief-god-2025,Matthew Adelstein vs Matt Dillahunty: Should We Believe in God?,non_theist,con,Matt Dillahunty,con-adaptation-not-intended-goal,reply,3,86,73,98,87,95,87,87,material warrant or verification step compressed,v4-closed-findings-adapter
139,adelstein-dillahunty-belief-god-2025,Matthew Adelstein vs Matt Dillahunty: Should We Believe in God?,non_theist,con,Matt Dillahunty,con-observer-selection-with-one-viable-universe,reply,3,90,85,99,87,95,87,91,stronger support,v4-closed-findings-adapter
139,adelstein-dillahunty-belief-god-2025,Matthew Adelstein vs Matt Dillahunty: Should We Believe in God?,theist,pro,Matthew Adelstein,pro-anthropic-firing-squad,reply,3,85,82,99,85,85,80,87,stronger support,v4-closed-findings-adapter
139,adelstein-dillahunty-belief-god-2025,Matthew Adelstein vs Matt Dillahunty: Should We Believe in God?,theist,pro,Matthew Adelstein,pro-cumulative-bayesian-support,reply,3,86,75,98,100,95,86,89,material warrant or verification step compressed,v4-closed-findings-adapter
139,adelstein-dillahunty-belief-god-2025,Matthew Adelstein vs Matt Dillahunty: Should We Believe in God?,non_theist,con,Matt Dillahunty,con-possible-evidence-and-divine-hiddenness,reply,2,93,85,99,69,95,93,89,stronger support,v4-closed-findings-adapter
139,adelstein-dillahunty-belief-god-2025,Matthew Adelstein vs Matt Dillahunty: Should We Believe in God?,non_theist,con,Matt Dillahunty,con-perfect-being-creation-motive-gap,reply,3,88,82,99,69,95,89,87,stronger support,v4-closed-findings-adapter
139,adelstein-dillahunty-belief-god-2025,Matthew Adelstein vs Matt Dillahunty: Should We Believe in God?,non_theist,con,Matt Dillahunty,con-consistency-versus-discrimination,reply,3,94,89,99,88,95,93,93,stronger support,v4-closed-findings-adapter
139,adelstein-dillahunty-belief-god-2025,Matthew Adelstein vs Matt Dillahunty: Should We Believe in God?,theist,pro,Matthew Adelstein,pro-cosmic-scale-world-fit,reply,2,78,69,96,69,75,81,78,assertion/anecdote/authority/speculation carries substantial weight,v4-closed-findings-adapter
139,adelstein-dillahunty-belief-god-2025,Matthew Adelstein vs Matt Dillahunty: Should We Believe in God?,theist,pro,Matthew Adelstein,pro-life-creation-world-fit,reply,3,80,69,97,99,75,74,83,assertion/anecdote/authority/speculation carries substantial weight,v4-closed-findings-adapter
140,rhodes-dillahunty-evidence-god-2021,Kenny Rhodes vs Matt Dillahunty: Is There Evidence for God?,theist,pro,Kenny Rhodes,pro-metaphysical-whole-method,constructive,2,67,55,71,68,75,68,66,assertion/anecdote/authority/speculation carries substantial weight,v4-closed-findings-adapter
140,rhodes-dillahunty-evidence-god-2021,Kenny Rhodes vs Matt Dillahunty: Is There Evidence for God?,theist,pro,Kenny Rhodes,pro-multiplicity-requires-unity-ground,constructive,3,59,52,76,87,75,68,68,assertion/anecdote/authority/speculation carries substantial weight,v4-closed-findings-adapter
140,rhodes-dillahunty-evidence-god-2021,Kenny Rhodes vs Matt Dillahunty: Is There Evidence for God?,theist,pro,Kenny Rhodes,pro-simple-being-monotheist-identity,constructive,3,62,49,78,100,75,55,69,effectively unsupported,v4-closed-findings-adapter
140,rhodes-dillahunty-evidence-god-2021,Kenny Rhodes vs Matt Dillahunty: Is There Evidence for God?,theist,pro,Kenny Rhodes,pro-finite-essence-existence-distinction,constructive,3,69,64,79,87,75,68,73,assertion/anecdote/authority/speculation carries substantial weight,v4-closed-findings-adapter
140,rhodes-dillahunty-evidence-god-2021,Kenny Rhodes vs Matt Dillahunty: Is There Evidence for God?,non_theist,con,Matt Dillahunty,con-skepticism-truth-seeking-standard,reply,2,82,74,95,69,95,79,82,material warrant or verification step compressed,v4-closed-findings-adapter
140,rhodes-dillahunty-evidence-god-2021,Kenny Rhodes vs Matt Dillahunty: Is There Evidence for God?,non_theist,con,Matt Dillahunty,con-background-evidence-standard,constructive,2,87,81,83,87,95,85,86,stronger support,v4-closed-findings-adapter
140,rhodes-dillahunty-evidence-god-2021,Kenny Rhodes vs Matt Dillahunty: Is There Evidence for God?,non_theist,con,Matt Dillahunty,con-unfalsifiable-necessary-being,reply,3,84,76,98,87,95,81,86,material warrant or verification step compressed,v4-closed-findings-adapter
140,rhodes-dillahunty-evidence-god-2021,Kenny Rhodes vs Matt Dillahunty: Is There Evidence for God?,non_theist,con,Matt Dillahunty,con-ground-does-not-identify-agent,reply,3,91,85,99,100,95,93,93,stronger support,v4-closed-findings-adapter
140,rhodes-dillahunty-evidence-god-2021,Kenny Rhodes vs Matt Dillahunty: Is There Evidence for God?,non_theist,con,Matt Dillahunty,con-burnt-wood-analogy-gap,reply,3,91,89,98,87,95,94,92,stronger support,v4-closed-findings-adapter
140,rhodes-dillahunty-evidence-god-2021,Kenny Rhodes vs Matt Dillahunty: Is There Evidence for God?,non_theist,con,Matt Dillahunty,con-human-nature-as-abstraction,reply,3,83,77,98,87,85,77,85,material warrant or verification step compressed,v4-closed-findings-adapter
140,rhodes-dillahunty-evidence-god-2021,Kenny Rhodes vs Matt Dillahunty: Is There Evidence for God?,theist,pro,Kenny Rhodes,pro-persistence-requires-form,reply,3,67,62,95,87,75,62,75,assertion/anecdote/authority/speculation carries substantial weight,v4-closed-findings-adapter
140,rhodes-dillahunty-evidence-god-2021,Kenny Rhodes vs Matt Dillahunty: Is There Evidence for God?,theist,pro,Kenny Rhodes,pro-language-signifies-objective-nature,reply,3,72,67,95,87,75,65,77,assertion/anecdote/authority/speculation carries substantial weight,v4-closed-findings-adapter
140,rhodes-dillahunty-evidence-god-2021,Kenny Rhodes vs Matt Dillahunty: Is There Evidence for God?,non_theist,con,Matt Dillahunty,con-pen-physical-classification,reply,3,85,84,73,87,95,91,84,stronger support,v4-closed-findings-adapter
140,rhodes-dillahunty-evidence-god-2021,Kenny Rhodes vs Matt Dillahunty: Is There Evidence for God?,non_theist,con,Matt Dillahunty,con-artifact-natural-agency-disanalogy,reply,3,94,91,99,87,95,94,93,stronger support,v4-closed-findings-adapter
140,rhodes-dillahunty-evidence-god-2021,Kenny Rhodes vs Matt Dillahunty: Is There Evidence for God?,theist,pro,Kenny Rhodes,pro-universe-composition-requires-agent,reply,3,48,44,94,87,75,45,65,effectively unsupported,v4-closed-findings-adapter
140,rhodes-dillahunty-evidence-god-2021,Kenny Rhodes vs Matt Dillahunty: Is There Evidence for God?,non_theist,con,Matt Dillahunty,con-composer-inference-circularity,reply,3,96,91,100,87,95,95,94,stronger support,v4-closed-findings-adapter
140,rhodes-dillahunty-evidence-god-2021,Kenny Rhodes vs Matt Dillahunty: Is There Evidence for God?,non_theist,con,Matt Dillahunty,con-divine-hiddenness-sincere-nonbelief,constructive,2,82,74,83,69,85,80,79,material warrant or verification step compressed,v4-closed-findings-adapter
140,rhodes-dillahunty-evidence-god-2021,Kenny Rhodes vs Matt Dillahunty: Is There Evidence for God?,theist,pro,Kenny Rhodes,pro-accidental-existence-entails-per-se,reply,3,55,50,73,87,75,48,64,assertion/anecdote/authority/speculation carries substantial weight,v4-closed-findings-adapter
140,rhodes-dillahunty-evidence-god-2021,Kenny Rhodes vs Matt Dillahunty: Is There Evidence for God?,theist,pro,Kenny Rhodes,pro-revelation-historical-evidence-tests,reply,2,84,70,95,69,95,90,83,material warrant or verification step compressed,v4-closed-findings-adapter
140,rhodes-dillahunty-evidence-god-2021,Kenny Rhodes vs Matt Dillahunty: Is There Evidence for God?,theist,pro,Kenny Rhodes,pro-philosophical-not-piecemeal-empirical,reply,2,61,48,66,86,75,59,64,effectively unsupported,v4-closed-findings-adapter
141,fischer-dillahunty-axiomatic-evidence-god-2020,Ben Fischer vs Matt Dillahunty: Is There Good Evidence for God?,theist,pro,Ben Fischer,pro-closure-against-sensitivity,constructive,2,75,66,81,68,75,71,73,assertion/anecdote/authority/speculation carries substantial weight,v4-closed-findings-adapter
141,fischer-dillahunty-axiomatic-evidence-god-2020,Ben Fischer vs Matt Dillahunty: Is There Good Evidence for God?,non_theist,con,Matt Dillahunty,con-evidence-discriminates-rivals,reply,3,89,81,57,87,95,85,81,stronger support,v4-closed-findings-adapter
141,fischer-dillahunty-axiomatic-evidence-god-2020,Ben Fischer vs Matt Dillahunty: Is There Good Evidence for God?,non_theist,con,Matt Dillahunty,con-positive-burden-for-god,reply,3,91,80,56,100,95,85,83,stronger support,v4-closed-findings-adapter
141,fischer-dillahunty-axiomatic-evidence-god-2020,Ben Fischer vs Matt Dillahunty: Is There Good Evidence for God?,theist,pro,Ben Fischer,pro-first-cause-conscious-will,constructive,3,59,55,80,87,60,68,68,assertion/anecdote/authority/speculation carries substantial weight,v4-closed-findings-adapter
141,fischer-dillahunty-axiomatic-evidence-god-2020,Ben Fischer vs Matt Dillahunty: Is There Good Evidence for God?,non_theist,con,Matt Dillahunty,con-challenge-infinite-past-model,reply,3,88,83,98,87,95,91,90,stronger support,v4-closed-findings-adapter
141,fischer-dillahunty-axiomatic-evidence-god-2020,Ben Fischer vs Matt Dillahunty: Is There Good Evidence for God?,non_theist,con,Matt Dillahunty,con-unproved-atemporal-necessity,reply,3,89,83,99,87,95,90,90,stronger support,v4-closed-findings-adapter
141,fischer-dillahunty-axiomatic-evidence-god-2020,Ben Fischer vs Matt Dillahunty: Is There Good Evidence for God?,theist,pro,Ben Fischer,pro-first-cause-as-axiom,reply,3,51,44,55,87,60,55,57,effectively unsupported,v4-closed-findings-adapter
141,fischer-dillahunty-axiomatic-evidence-god-2020,Ben Fischer vs Matt Dillahunty: Is There Good Evidence for God?,non_theist,con,Matt Dillahunty,con-axiom-is-not-evidence,reply,3,86,81,99,87,95,80,88,stronger support,v4-closed-findings-adapter
141,fischer-dillahunty-axiomatic-evidence-god-2020,Ben Fischer vs Matt Dillahunty: Is There Good Evidence for God?,non_theist,con,Matt Dillahunty,con-identify-and-attribute-miracle,reply,3,93,86,57,87,95,85,83,stronger support,v4-closed-findings-adapter
141,fischer-dillahunty-axiomatic-evidence-god-2020,Ben Fischer vs Matt Dillahunty: Is There Good Evidence for God?,theist,pro,Ben Fischer,pro-resurrection-historical-evidence,reply,3,65,40,71,87,75,68,66,effectively unsupported,v4-closed-findings-adapter
141,fischer-dillahunty-axiomatic-evidence-god-2020,Ben Fischer vs Matt Dillahunty: Is There Good Evidence for God?,non_theist,con,Matt Dillahunty,con-incompatible-axiom-symmetry,reply,3,94,88,99,87,95,93,93,stronger support,v4-closed-findings-adapter
141,fischer-dillahunty-axiomatic-evidence-god-2020,Ben Fischer vs Matt Dillahunty: Is There Good Evidence for God?,theist,pro,Ben Fischer,pro-axiomatic-evidence-standard,reply,3,68,54,71,87,75,59,68,assertion/anecdote/authority/speculation carries substantial weight,v4-closed-findings-adapter
141,fischer-dillahunty-axiomatic-evidence-god-2020,Ben Fischer vs Matt Dillahunty: Is There Good Evidence for God?,non_theist,con,Matt Dillahunty,con-fallible-cultural-experience,reply,2,78,66,57,86,75,80,73,assertion/anecdote/authority/speculation carries substantial weight,v4-closed-findings-adapter
141,fischer-dillahunty-axiomatic-evidence-god-2020,Ben Fischer vs Matt Dillahunty: Is There Good Evidence for God?,theist,pro,Ben Fischer,pro-generic-theism-scope,reply,2,83,71,70,69,95,86,77,material warrant or verification step compressed,v4-closed-findings-adapter
141,fischer-dillahunty-axiomatic-evidence-god-2020,Ben Fischer vs Matt Dillahunty: Is There Good Evidence for God?,theist,pro,Ben Fischer,pro-credible-miracle-testimony,reply,2,66,53,58,87,75,69,66,assertion/anecdote/authority/speculation carries substantial weight,v4-closed-findings-adapter
141,fischer-dillahunty-axiomatic-evidence-god-2020,Ben Fischer vs Matt Dillahunty: Is There Good Evidence for God?,non_theist,con,Matt Dillahunty,con-shared-consistent-standards,reply,3,90,81,98,87,95,92,90,stronger support,v4-closed-findings-adapter
141,fischer-dillahunty-axiomatic-evidence-god-2020,Ben Fischer vs Matt Dillahunty: Is There Good Evidence for God?,theist,pro,Ben Fischer,pro-internal-ground-of-causal-agency,reply,3,62,54,72,87,75,68,68,assertion/anecdote/authority/speculation carries substantial weight,v4-closed-findings-adapter
141,fischer-dillahunty-axiomatic-evidence-god-2020,Ben Fischer vs Matt Dillahunty: Is There Good Evidence for God?,theist,pro,Ben Fischer,pro-axiom-presupposition-distinction,reply,3,71,57,72,87,75,60,70,assertion/anecdote/authority/speculation carries substantial weight,v4-closed-findings-adapter
141,fischer-dillahunty-axiomatic-evidence-god-2020,Ben Fischer vs Matt Dillahunty: Is There Good Evidence for God?,theist,pro,Ben Fischer,pro-destruction-texts-as-hyperbole,reply,1,80,67,58,67,75,72,70,assertion/anecdote/authority/speculation carries substantial weight,v4-closed-findings-adapter
141,fischer-dillahunty-axiomatic-evidence-god-2020,Ben Fischer vs Matt Dillahunty: Is There Good Evidence for God?,non_theist,con,Matt Dillahunty,con-selective-biblical-literalism,reply,2,84,68,72,69,95,80,77,assertion/anecdote/authority/speculation carries substantial weight,v4-closed-findings-adapter
142,comfort-dillahunty-gospel-atonement-2020,Ray Comfort vs Matt Dillahunty: Does the Gospel Make Sense?,theist,pro,Ray Comfort,pro-substitution-paid-fine,constructive,3,71,60,91,87,85,68,76,assertion/anecdote/authority/speculation carries substantial weight,v4-closed-findings-adapter
142,comfort-dillahunty-gospel-atonement-2020,Ray Comfort vs Matt Dillahunty: Does the Gospel Make Sense?,theist,pro,Ray Comfort,pro-death-wage-judgment,constructive,3,68,52,87,87,85,68,73,assertion/anecdote/authority/speculation carries substantial weight,v4-closed-findings-adapter
142,comfort-dillahunty-gospel-atonement-2020,Ray Comfort vs Matt Dillahunty: Does the Gospel Make Sense?,theist,pro,Ray Comfort,pro-repent-trust-eternal-life,constructive,3,76,57,89,87,85,68,77,assertion/anecdote/authority/speculation carries substantial weight,v4-closed-findings-adapter
142,comfort-dillahunty-gospel-atonement-2020,Ray Comfort vs Matt Dillahunty: Does the Gospel Make Sense?,non_theist,con,Matt Dillahunty,con-divine-world-selection-responsibility,reply,3,76,70,95,87,95,72,82,material warrant or verification step compressed,v4-closed-findings-adapter
142,comfort-dillahunty-gospel-atonement-2020,Ray Comfort vs Matt Dillahunty: Does the Gospel Make Sense?,non_theist,con,Matt Dillahunty,con-inherited-guilt-injustice,reply,3,86,82,97,87,95,90,89,stronger support,v4-closed-findings-adapter
142,comfort-dillahunty-gospel-atonement-2020,Ray Comfort vs Matt Dillahunty: Does the Gospel Make Sense?,non_theist,con,Matt Dillahunty,con-atonement-unnecessary-blood-sacrifice,reply,3,84,77,98,87,85,86,86,material warrant or verification step compressed,v4-closed-findings-adapter
142,comfort-dillahunty-gospel-atonement-2020,Ray Comfort vs Matt Dillahunty: Does the Gospel Make Sense?,theist,pro,Ray Comfort,pro-creation-scripture-suppression,reply,2,55,38,55,68,60,39,52,effectively unsupported,v4-closed-findings-adapter
142,comfort-dillahunty-gospel-atonement-2020,Ray Comfort vs Matt Dillahunty: Does the Gospel Make Sense?,theist,pro,Ray Comfort,pro-unbelief-avoids-accountability,reply,2,50,30,53,86,60,33,51,effectively unsupported,v4-closed-findings-adapter
142,comfort-dillahunty-gospel-atonement-2020,Ray Comfort vs Matt Dillahunty: Does the Gospel Make Sense?,theist,pro,Ray Comfort,pro-personal-guilt-not-excused,reply,3,63,54,71,87,75,58,67,assertion/anecdote/authority/speculation carries substantial weight,v4-closed-findings-adapter
142,comfort-dillahunty-gospel-atonement-2020,Ray Comfort vs Matt Dillahunty: Does the Gospel Make Sense?,non_theist,con,Matt Dillahunty,con-gospel-presupposition-circularity,reply,3,88,83,99,87,95,81,89,stronger support,v4-closed-findings-adapter
142,comfort-dillahunty-gospel-atonement-2020,Ray Comfort vs Matt Dillahunty: Does the Gospel Make Sense?,non_theist,con,Matt Dillahunty,con-rich-ruler-salvation-conditions,reply,3,80,79,98,87,85,79,85,material warrant or verification step compressed,v4-closed-findings-adapter
142,comfort-dillahunty-gospel-atonement-2020,Ray Comfort vs Matt Dillahunty: Does the Gospel Make Sense?,theist,pro,Ray Comfort,pro-grace-not-works,reply,3,74,69,96,87,95,72,81,assertion/anecdote/authority/speculation carries substantial weight,v4-closed-findings-adapter
142,comfort-dillahunty-gospel-atonement-2020,Ray Comfort vs Matt Dillahunty: Does the Gospel Make Sense?,non_theist,con,Matt Dillahunty,con-faith-not-truth-tracking,reply,3,89,82,99,87,95,82,89,stronger support,v4-closed-findings-adapter
142,comfort-dillahunty-gospel-atonement-2020,Ray Comfort vs Matt Dillahunty: Does the Gospel Make Sense?,theist,pro,Ray Comfort,pro-suffering-fallen-creation,reply,2,57,43,54,68,85,44,57,effectively unsupported,v4-closed-findings-adapter
142,comfort-dillahunty-gospel-atonement-2020,Ray Comfort vs Matt Dillahunty: Does the Gospel Make Sense?,non_theist,con,Matt Dillahunty,con-creator-responsibility-for-atrocities,reply,3,69,71,98,87,75,66,78,material warrant or verification step compressed,v4-closed-findings-adapter
142,comfort-dillahunty-gospel-atonement-2020,Ray Comfort vs Matt Dillahunty: Does the Gospel Make Sense?,non_theist,con,Matt Dillahunty,con-substitution-does-not-reform-wrongdoer,reply,3,89,83,98,87,95,92,90,stronger support,v4-closed-findings-adapter
142,comfort-dillahunty-gospel-atonement-2020,Ray Comfort vs Matt Dillahunty: Does the Gospel Make Sense?,theist,pro,Ray Comfort,pro-sacrifice-permits-mercy,reply,3,60,51,70,87,85,59,67,assertion/anecdote/authority/speculation carries substantial weight,v4-closed-findings-adapter
142,comfort-dillahunty-gospel-atonement-2020,Ray Comfort vs Matt Dillahunty: Does the Gospel Make Sense?,theist,pro,Ray Comfort,pro-experiential-resurrection-warrant,reply,3,59,39,72,87,75,43,62,effectively unsupported,v4-closed-findings-adapter
142,comfort-dillahunty-gospel-atonement-2020,Ray Comfort vs Matt Dillahunty: Does the Gospel Make Sense?,non_theist,con,Matt Dillahunty,con-salvation-test-insulated-from-failure,reply,3,92,80,99,87,95,83,90,stronger support,v4-closed-findings-adapter
142,comfort-dillahunty-gospel-atonement-2020,Ray Comfort vs Matt Dillahunty: Does the Gospel Make Sense?,non_theist,con,Matt Dillahunty,con-brain-dependence-against-postmortem-self,reply,2,84,82,75,69,95,81,80,stronger support,v4-closed-findings-adapter
143,vela-dillahunty-transcendental-evidence-god-2020,Tyler Vela vs Matt Dillahunty: Is There Good Evidence for God?,theist,pro,Tyler Vela,pro-personal-mind-from-logical-attributes,constructive,3,66,59,86,87,75,64,72,assertion/anecdote/authority/speculation carries substantial weight,v4-closed-findings-adapter
143,vela-dillahunty-transcendental-evidence-god-2020,Tyler Vela vs Matt Dillahunty: Is There Good Evidence for God?,theist,pro,Tyler Vela,pro-necessary-ground-not-brute-fact,constructive,3,65,56,83,87,75,61,71,assertion/anecdote/authority/speculation carries substantial weight,v4-closed-findings-adapter
143,vela-dillahunty-transcendental-evidence-god-2020,Tyler Vela vs Matt Dillahunty: Is There Good Evidence for God?,theist,pro,Tyler Vela,pro-unified-divine-explanation,constructive,2,71,56,80,87,75,60,72,assertion/anecdote/authority/speculation carries substantial weight,v4-closed-findings-adapter
143,vela-dillahunty-transcendental-evidence-god-2020,Tyler Vela vs Matt Dillahunty: Is There Good Evidence for God?,non_theist,con,Matt Dillahunty,con-evidence-reliable-discrimination,reply,3,85,77,95,87,95,90,87,material warrant or verification step compressed,v4-closed-findings-adapter
143,vela-dillahunty-transcendental-evidence-god-2020,Tyler Vela vs Matt Dillahunty: Is There Good Evidence for God?,non_theist,con,Matt Dillahunty,con-abduction-incomplete-candidate-set,reply,3,82,74,96,87,75,80,83,material warrant or verification step compressed,v4-closed-findings-adapter
143,vela-dillahunty-transcendental-evidence-god-2020,Tyler Vela vs Matt Dillahunty: Is There Good Evidence for God?,non_theist,con,Matt Dillahunty,con-vague-divine-hypothesis,reply,3,85,78,96,87,95,89,88,material warrant or verification step compressed,v4-closed-findings-adapter
143,vela-dillahunty-transcendental-evidence-god-2020,Tyler Vela vs Matt Dillahunty: Is There Good Evidence for God?,non_theist,con,Matt Dillahunty,con-abduction-comparative-data-gap,reply,3,72,68,95,87,75,66,78,assertion/anecdote/authority/speculation carries substantial weight,v4-closed-findings-adapter
143,vela-dillahunty-transcendental-evidence-god-2020,Tyler Vela vs Matt Dillahunty: Is There Good Evidence for God?,non_theist,con,Matt Dillahunty,con-hiddenness-evidential-expectation,reply,2,63,60,57,87,75,59,66,assertion/anecdote/authority/speculation carries substantial weight,v4-closed-findings-adapter
143,vela-dillahunty-transcendental-evidence-god-2020,Tyler Vela vs Matt Dillahunty: Is There Good Evidence for God?,non_theist,con,Matt Dillahunty,con-logic-independent-of-god,reply,3,76,71,95,87,75,83,81,material warrant or verification step compressed,v4-closed-findings-adapter
143,vela-dillahunty-transcendental-evidence-god-2020,Tyler Vela vs Matt Dillahunty: Is There Good Evidence for God?,theist,pro,Tyler Vela,pro-abstract-truths-grounded-in-mind,reply,3,59,53,94,87,75,59,71,assertion/anecdote/authority/speculation carries substantial weight,v4-closed-findings-adapter
143,vela-dillahunty-transcendental-evidence-god-2020,Tyler Vela vs Matt Dillahunty: Is There Good Evidence for God?,non_theist,con,Matt Dillahunty,con-logic-descriptive-no-further-ground,reply,3,81,76,96,87,95,78,85,material warrant or verification step compressed,v4-closed-findings-adapter
143,vela-dillahunty-transcendental-evidence-god-2020,Tyler Vela vs Matt Dillahunty: Is There Good Evidence for God?,non_theist,con,Matt Dillahunty,con-soundness-requires-supported-premises,reply,3,94,74,94,87,95,93,89,material warrant or verification step compressed,v4-closed-findings-adapter
143,vela-dillahunty-transcendental-evidence-god-2020,Tyler Vela vs Matt Dillahunty: Is There Good Evidence for God?,theist,pro,Tyler Vela,pro-philosophical-abduction-as-evidence,reply,3,79,72,98,87,75,61,80,material warrant or verification step compressed,v4-closed-findings-adapter
143,vela-dillahunty-transcendental-evidence-god-2020,Tyler Vela vs Matt Dillahunty: Is There Good Evidence for God?,non_theist,con,Matt Dillahunty,con-anomaly-does-not-identify-yahweh,reply,3,90,81,96,87,95,89,89,stronger support,v4-closed-findings-adapter
143,vela-dillahunty-transcendental-evidence-god-2020,Tyler Vela vs Matt Dillahunty: Is There Good Evidence for God?,theist,pro,Tyler Vela,pro-unattainable-skeptical-link-standard,reply,3,64,60,72,87,75,56,69,assertion/anecdote/authority/speculation carries substantial weight,v4-closed-findings-adapter
143,vela-dillahunty-transcendental-evidence-god-2020,Tyler Vela vs Matt Dillahunty: Is There Good Evidence for God?,theist,pro,Tyler Vela,pro-unspecified-alternative-not-defeater,reply,3,83,69,71,69,85,69,75,assertion/anecdote/authority/speculation carries substantial weight,v4-closed-findings-adapter
143,vela-dillahunty-transcendental-evidence-god-2020,Tyler Vela vs Matt Dillahunty: Is There Good Evidence for God?,theist,pro,Tyler Vela,pro-function-does-not-answer-grounding,reply,3,88,77,96,87,95,89,88,material warrant or verification step compressed,v4-closed-findings-adapter
143,vela-dillahunty-transcendental-evidence-god-2020,Tyler Vela vs Matt Dillahunty: Is There Good Evidence for God?,theist,pro,Tyler Vela,pro-cumulative-public-revelation,reply,2,74,55,94,87,75,60,75,assertion/anecdote/authority/speculation carries substantial weight,v4-closed-findings-adapter
143,vela-dillahunty-transcendental-evidence-god-2020,Tyler Vela vs Matt Dillahunty: Is There Good Evidence for God?,non_theist,con,Matt Dillahunty,con-unfulfilled-divine-disclosure-aim,reply,2,86,70,97,87,95,90,86,material warrant or verification step compressed,v4-closed-findings-adapter
143,vela-dillahunty-transcendental-evidence-god-2020,Tyler Vela vs Matt Dillahunty: Is There Good Evidence for God?,theist,pro,Tyler Vela,pro-revelation-obligation-not-compulsion,reply,2,90,80,98,87,95,87,89,stronger support,v4-closed-findings-adapter
144,plantinga-dennett-evolution-naturalism-2018,"Alvin Plantinga vs Daniel Dennett: Science, Religion, and Evolution",theist,pro,Alvin Plantinga,pro-guided-darwinian-creation,constructive,3,88,77,90,100,95,85,88,material warrant or verification step compressed,v4-closed-findings-adapter
144,plantinga-dennett-evolution-naturalism-2018,"Alvin Plantinga vs Daniel Dennett: Science, Religion, and Evolution",theist,pro,Alvin Plantinga,pro-biological-randomness-distinction,constructive,3,93,88,93,87,95,92,91,stronger support,v4-closed-findings-adapter
144,plantinga-dennett-evolution-naturalism-2018,"Alvin Plantinga vs Daniel Dennett: Science, Religion, and Evolution",theist,pro,Alvin Plantinga,pro-guidance-no-added-ontological-cost,constructive,2,82,74,82,86,75,88,81,material warrant or verification step compressed,v4-closed-findings-adapter
144,plantinga-dennett-evolution-naturalism-2018,"Alvin Plantinga vs Daniel Dennett: Science, Religion, and Evolution",theist,pro,Alvin Plantinga,pro-evidence-warrant-distinction,constructive,2,81,70,81,69,95,86,79,material warrant or verification step compressed,v4-closed-findings-adapter
144,plantinga-dennett-evolution-naturalism-2018,"Alvin Plantinga vs Daniel Dennett: Science, Religion, and Evolution",theist,pro,Alvin Plantinga,pro-basic-theistic-warrant,constructive,2,83,71,79,68,95,87,79,material warrant or verification step compressed,v4-closed-findings-adapter
144,plantinga-dennett-evolution-naturalism-2018,"Alvin Plantinga vs Daniel Dennett: Science, Religion, and Evolution",theist,pro,Alvin Plantinga,pro-naturalism-evolution-self-defeat,constructive,3,82,67,90,100,95,75,84,assertion/anecdote/authority/speculation carries substantial weight,v4-closed-findings-adapter
144,plantinga-dennett-evolution-naturalism-2018,"Alvin Plantinga vs Daniel Dennett: Science, Religion, and Evolution",theist,pro,Alvin Plantinga,pro-adaptation-truth-content-gap,constructive,3,75,69,90,87,95,71,80,assertion/anecdote/authority/speculation carries substantial weight,v4-closed-findings-adapter
144,plantinga-dennett-evolution-naturalism-2018,"Alvin Plantinga vs Daniel Dennett: Science, Religion, and Evolution",theist,pro,Alvin Plantinga,pro-undefeated-cognitive-defeater,constructive,3,78,65,86,87,95,79,80,assertion/anecdote/authority/speculation carries substantial weight,v4-closed-findings-adapter
144,plantinga-dennett-evolution-naturalism-2018,"Alvin Plantinga vs Daniel Dennett: Science, Religion, and Evolution",non_theist,con,Daniel Dennett,con-observational-underdetermination-of-intervention,reply,2,91,82,98,87,95,94,91,stronger support,v4-closed-findings-adapter
144,plantinga-dennett-evolution-naturalism-2018,"Alvin Plantinga vs Daniel Dennett: Science, Religion, and Evolution",non_theist,con,Daniel Dennett,con-consistency-does-not-supply-evidence,reply,3,92,77,99,87,95,80,89,material warrant or verification step compressed,v4-closed-findings-adapter
144,plantinga-dennett-evolution-naturalism-2018,"Alvin Plantinga vs Daniel Dennett: Science, Religion, and Evolution",non_theist,con,Daniel Dennett,con-evolution-compatible-with-determinism,reply,2,93,88,99,86,95,94,92,stronger support,v4-closed-findings-adapter
144,plantinga-dennett-evolution-naturalism-2018,"Alvin Plantinga vs Daniel Dennett: Science, Religion, and Evolution",non_theist,con,Daniel Dennett,con-possibility-is-not-actual-causation,reply,3,92,83,99,87,95,90,91,stronger support,v4-closed-findings-adapter
144,plantinga-dennett-evolution-naturalism-2018,"Alvin Plantinga vs Daniel Dennett: Science, Religion, and Evolution",non_theist,con,Daniel Dennett,con-naturalistic-standards-for-design-science,reply,2,64,53,57,69,75,59,62,assertion/anecdote/authority/speculation carries substantial weight,v4-closed-findings-adapter
144,plantinga-dennett-evolution-naturalism-2018,"Alvin Plantinga vs Daniel Dennett: Science, Religion, and Evolution",non_theist,con,Daniel Dennett,con-evolved-systems-systematically-track-truth,reply,3,79,72,98,87,75,84,83,material warrant or verification step compressed,v4-closed-findings-adapter
144,plantinga-dennett-evolution-naturalism-2018,"Alvin Plantinga vs Daniel Dennett: Science, Religion, and Evolution",non_theist,con,Daniel Dennett,con-reliability-through-cultural-bootstrapping,reply,3,77,71,97,87,75,82,82,material warrant or verification step compressed,v4-closed-findings-adapter
144,plantinga-dennett-evolution-naturalism-2018,"Alvin Plantinga vs Daniel Dennett: Science, Religion, and Evolution",theist,pro,Alvin Plantinga,pro-compatibility-possibility-clarification,reply,3,94,86,99,87,95,93,92,stronger support,v4-closed-findings-adapter
144,plantinga-dennett-evolution-naturalism-2018,"Alvin Plantinga vs Daniel Dennett: Science, Religion, and Evolution",theist,pro,Alvin Plantinga,pro-selection-behavior-belief-distinction,reply,3,77,65,72,87,75,73,74,assertion/anecdote/authority/speculation carries substantial weight,v4-closed-findings-adapter
144,plantinga-dennett-evolution-naturalism-2018,"Alvin Plantinga vs Daniel Dennett: Science, Religion, and Evolution",non_theist,con,Daniel Dennett,con-adaptation-requires-causal-truth-tracking,reply,3,84,72,98,87,95,80,86,material warrant or verification step compressed,v4-closed-findings-adapter
144,plantinga-dennett-evolution-naturalism-2018,"Alvin Plantinga vs Daniel Dennett: Science, Religion, and Evolution",non_theist,con,Daniel Dennett,con-natural-explanation-of-religious-belief,reply,2,68,55,58,69,75,76,65,assertion/anecdote/authority/speculation carries substantial weight,v4-closed-findings-adapter
145,dennett-dsouza-god-human-invention-2007,Daniel Dennett vs Dinesh D'Souza: Is God a Human Invention?,non_theist,pro,Daniel Dennett,pro-religions-cultural-evolution,constructive,3,82,77,86,100,85,80,85,material warrant or verification step compressed,v4-closed-findings-adapter
145,dennett-dsouza-god-human-invention-2007,Daniel Dennett vs Dinesh D'Souza: Is God a Human Invention?,non_theist,pro,Daniel Dennett,pro-god-concept-abstraction,constructive,3,73,65,84,99,75,64,77,assertion/anecdote/authority/speculation carries substantial weight,v4-closed-findings-adapter
145,dennett-dsouza-god-human-invention-2007,Daniel Dennett vs Dinesh D'Souza: Is God a Human Invention?,theist,con,Dinesh D'Souza,con-cosmic-big-bang-beginning,constructive,3,71,66,88,87,75,78,77,assertion/anecdote/authority/speculation carries substantial weight,v4-closed-findings-adapter
145,dennett-dsouza-god-human-invention-2007,Daniel Dennett vs Dinesh D'Souza: Is God a Human Invention?,theist,con,Dinesh D'Souza,con-cosmic-fine-tuning-design,constructive,3,78,60,89,87,85,70,78,assertion/anecdote/authority/speculation carries substantial weight,v4-closed-findings-adapter
145,dennett-dsouza-god-human-invention-2007,Daniel Dennett vs Dinesh D'Souza: Is God a Human Invention?,theist,con,Dinesh D'Souza,con-mind-consciousness-free-will,reply,3,55,52,54,87,60,54,59,assertion/anecdote/authority/speculation carries substantial weight,v4-closed-findings-adapter
145,dennett-dsouza-god-human-invention-2007,Daniel Dennett vs Dinesh D'Souza: Is God a Human Invention?,non_theist,pro,Daniel Dennett,pro-big-bang-not-creator,reply,3,84,76,99,87,95,87,87,material warrant or verification step compressed,v4-closed-findings-adapter
145,dennett-dsouza-god-human-invention-2007,Daniel Dennett vs Dinesh D'Souza: Is God a Human Invention?,non_theist,pro,Daniel Dennett,pro-anthropic-fine-tuning,reply,3,79,64,98,87,75,80,81,assertion/anecdote/authority/speculation carries substantial weight,v4-closed-findings-adapter
145,dennett-dsouza-god-human-invention-2007,Daniel Dennett vs Dinesh D'Souza: Is God a Human Invention?,non_theist,pro,Daniel Dennett,pro-darwinian-mind-explanations,reply,3,84,60,95,87,95,88,83,assertion/anecdote/authority/speculation carries substantial weight,v4-closed-findings-adapter
145,dennett-dsouza-god-human-invention-2007,Daniel Dennett vs Dinesh D'Souza: Is God a Human Invention?,non_theist,pro,Daniel Dennett,pro-shared-rational-morality,reply,3,80,69,55,87,85,74,74,assertion/anecdote/authority/speculation carries substantial weight,v4-closed-findings-adapter
145,dennett-dsouza-god-human-invention-2007,Daniel Dennett vs Dinesh D'Souza: Is God a Human Invention?,theist,con,Dinesh D'Souza,con-experience-inward-evidence,reply,2,64,58,53,69,75,69,63,assertion/anecdote/authority/speculation carries substantial weight,v4-closed-findings-adapter
145,dennett-dsouza-god-human-invention-2007,Daniel Dennett vs Dinesh D'Souza: Is God a Human Invention?,theist,con,Dinesh D'Souza,con-concepts-disagreement-truth,reply,2,89,74,73,69,95,90,81,material warrant or verification step compressed,v4-closed-findings-adapter
145,dennett-dsouza-god-human-invention-2007,Daniel Dennett vs Dinesh D'Souza: Is God a Human Invention?,theist,con,Dinesh D'Souza,con-epistemology-subjective-starting-point,reply,2,61,58,54,68,75,61,61,assertion/anecdote/authority/speculation carries substantial weight,v4-closed-findings-adapter
145,dennett-dsouza-god-human-invention-2007,Daniel Dennett vs Dinesh D'Souza: Is God a Human Invention?,non_theist,pro,Daniel Dennett,pro-consciousness-scientific-study,reply,3,86,74,99,87,85,80,86,material warrant or verification step compressed,v4-closed-findings-adapter
145,dennett-dsouza-god-human-invention-2007,Daniel Dennett vs Dinesh D'Souza: Is God a Human Invention?,theist,con,Dinesh D'Souza,con-concepts-origin-referent-distinction,reply,3,89,82,99,100,95,90,92,stronger support,v4-closed-findings-adapter
145,dennett-dsouza-god-human-invention-2007,Daniel Dennett vs Dinesh D'Souza: Is God a Human Invention?,theist,con,Dinesh D'Souza,con-morality-substantial-altruism,reply,3,74,64,73,87,75,72,74,assertion/anecdote/authority/speculation carries substantial weight,v4-closed-findings-adapter
145,dennett-dsouza-god-human-invention-2007,Daniel Dennett vs Dinesh D'Souza: Is God a Human Invention?,non_theist,pro,Daniel Dennett,pro-evolutionary-moral-genesis,reply,3,88,68,72,87,95,82,81,assertion/anecdote/authority/speculation carries substantial weight,v4-closed-findings-adapter
145,dennett-dsouza-god-human-invention-2007,Daniel Dennett vs Dinesh D'Souza: Is God a Human Invention?,theist,con,Dinesh D'Souza,con-morality-christian-roots,reply,3,66,56,98,87,75,59,74,assertion/anecdote/authority/speculation carries substantial weight,v4-closed-findings-adapter
145,dennett-dsouza-god-human-invention-2007,Daniel Dennett vs Dinesh D'Souza: Is God a Human Invention?,non_theist,pro,Daniel Dennett,pro-institutionalized-scientific-doubt,reply,2,78,61,55,69,75,69,67,assertion/anecdote/authority/speculation carries substantial weight,v4-closed-findings-adapter
145,dennett-dsouza-god-human-invention-2007,Daniel Dennett vs Dinesh D'Souza: Is God a Human Invention?,theist,con,Dinesh D'Souza,con-mind-placebo-bidirectional-causation,reply,2,67,72,95,87,75,69,78,material warrant or verification step compressed,v4-closed-findings-adapter
147,dennett-clayton-naturalism-ultimate-reality-2012,Daniel Dennett vs Philip Clayton: Naturalism and Ultimate Reality,theist,con,Philip Clayton,con-broad-explanatory-pluralism,constructive,2,88,79,82,68,95,85,82,material warrant or verification step compressed,v4-closed-findings-adapter
147,dennett-clayton-naturalism-ultimate-reality-2012,Daniel Dennett vs Philip Clayton: Naturalism and Ultimate Reality,non_theist,pro,Daniel Dennett,pro-physical-constraint-higher-level-explanation,reply,3,90,85,98,87,95,90,91,stronger support,v4-closed-findings-adapter
147,dennett-clayton-naturalism-ultimate-reality-2012,Daniel Dennett vs Philip Clayton: Naturalism and Ultimate Reality,theist,con,Philip Clayton,con-intentional-causal-realism,reply,3,86,79,98,87,95,90,88,material warrant or verification step compressed,v4-closed-findings-adapter
147,dennett-clayton-naturalism-ultimate-reality-2012,Daniel Dennett vs Philip Clayton: Naturalism and Ultimate Reality,non_theist,pro,Daniel Dennett,pro-intentional-causal-explanation,reply,3,88,83,99,87,95,79,89,stronger support,v4-closed-findings-adapter
147,dennett-clayton-naturalism-ultimate-reality-2012,Daniel Dennett vs Philip Clayton: Naturalism and Ultimate Reality,non_theist,pro,Daniel Dennett,pro-functional-organization-suffices-for-mind,reply,3,79,70,98,87,95,72,83,material warrant or verification step compressed,v4-closed-findings-adapter
147,dennett-clayton-naturalism-ultimate-reality-2012,Daniel Dennett vs Philip Clayton: Naturalism and Ultimate Reality,non_theist,pro,Daniel Dennett,pro-qualia-concept-unsettled,reply,2,84,78,98,87,75,74,84,material warrant or verification step compressed,v4-closed-findings-adapter
147,dennett-clayton-naturalism-ultimate-reality-2012,Daniel Dennett vs Philip Clayton: Naturalism and Ultimate Reality,theist,con,Philip Clayton,con-subjective-personhood,reply,3,78,74,97,87,95,77,84,material warrant or verification step compressed,v4-closed-findings-adapter
147,dennett-clayton-naturalism-ultimate-reality-2012,Daniel Dennett vs Philip Clayton: Naturalism and Ultimate Reality,non_theist,pro,Daniel Dennett,pro-benign-religion-cover-problem,reply,2,68,59,54,68,75,58,63,assertion/anecdote/authority/speculation carries substantial weight,v4-closed-findings-adapter
147,dennett-clayton-naturalism-ultimate-reality-2012,Daniel Dennett vs Philip Clayton: Naturalism and Ultimate Reality,theist,con,Philip Clayton,con-progressive-religion-reason,reply,2,88,78,98,69,95,78,85,material warrant or verification step compressed,v4-closed-findings-adapter
147,dennett-clayton-naturalism-ultimate-reality-2012,Daniel Dennett vs Philip Clayton: Naturalism and Ultimate Reality,theist,con,Philip Clayton,con-integrated-religious-worldview,constructive,3,76,70,86,87,75,85,79,material warrant or verification step compressed,v4-closed-findings-adapter
147,dennett-clayton-naturalism-ultimate-reality-2012,Daniel Dennett vs Philip Clayton: Naturalism and Ultimate Reality,non_theist,pro,Daniel Dennett,pro-mysterious-transcendence-indistinguishable,reply,3,87,78,99,87,95,81,88,material warrant or verification step compressed,v4-closed-findings-adapter
147,dennett-clayton-naturalism-ultimate-reality-2012,Daniel Dennett vs Philip Clayton: Naturalism and Ultimate Reality,non_theist,pro,Daniel Dennett,pro-secular-corrigible-moral-ground,constructive,3,79,73,87,87,95,74,82,material warrant or verification step compressed,v4-closed-findings-adapter
147,dennett-clayton-naturalism-ultimate-reality-2012,Daniel Dennett vs Philip Clayton: Naturalism and Ultimate Reality,theist,con,Philip Clayton,con-morality-within-ultimate-worldview,reply,3,85,68,76,87,75,88,79,assertion/anecdote/authority/speculation carries substantial weight,v4-closed-findings-adapter
147,dennett-clayton-naturalism-ultimate-reality-2012,Daniel Dennett vs Philip Clayton: Naturalism and Ultimate Reality,non_theist,pro,Daniel Dennett,pro-nature-as-ultimate-reality,reply,3,76,66,97,100,95,72,83,assertion/anecdote/authority/speculation carries substantial weight,v4-closed-findings-adapter
147,dennett-clayton-naturalism-ultimate-reality-2012,Daniel Dennett vs Philip Clayton: Naturalism and Ultimate Reality,theist,con,Philip Clayton,con-transcendent-ultimacy,reply,3,78,62,98,100,75,87,83,assertion/anecdote/authority/speculation carries substantial weight,v4-closed-findings-adapter
147,dennett-clayton-naturalism-ultimate-reality-2012,Daniel Dennett vs Philip Clayton: Naturalism and Ultimate Reality,non_theist,pro,Daniel Dennett,pro-ultimate-reality-falsifiability-challenge,reply,3,92,85,99,100,95,92,94,stronger support,v4-closed-findings-adapter
147,dennett-clayton-naturalism-ultimate-reality-2012,Daniel Dennett vs Philip Clayton: Naturalism and Ultimate Reality,theist,con,Philip Clayton,con-experience-sensitive-religious-belief,reply,3,79,71,97,69,75,84,80,material warrant or verification step compressed,v4-closed-findings-adapter
148,baggett-dillahunty-moral-argument-2018,David Baggett vs Matt Dillahunty: The Moral Argument for God,theist,pro,David Baggett,pro-abductive-comparative-framework,constructive,3,88,80,93,100,95,85,90,stronger support,v4-closed-findings-adapter
148,baggett-dillahunty-moral-argument-2018,David Baggett vs Matt Dillahunty: The Moral Argument for God,non_theist,con,Matt Dillahunty,con-abduction-explananda-candidacy,reply,3,87,77,98,100,95,81,89,material warrant or verification step compressed,v4-closed-findings-adapter
148,baggett-dillahunty-moral-argument-2018,David Baggett vs Matt Dillahunty: The Moral Argument for God,non_theist,con,Matt Dillahunty,con-secular-moral-transformation,reply,2,82,72,95,87,95,85,85,material warrant or verification step compressed,v4-closed-findings-adapter
148,baggett-dillahunty-moral-argument-2018,David Baggett vs Matt Dillahunty: The Moral Argument for God,theist,pro,David Baggett,pro-bounded-abductive-conclusion,reply,3,90,81,73,87,95,95,85,stronger support,v4-closed-findings-adapter
148,baggett-dillahunty-moral-argument-2018,David Baggett vs Matt Dillahunty: The Moral Argument for God,theist,pro,David Baggett,pro-complete-moral-transformation-horizon,constructive,2,82,69,84,69,75,93,78,assertion/anecdote/authority/speculation carries substantial weight,v4-closed-findings-adapter
148,baggett-dillahunty-moral-argument-2018,David Baggett vs Matt Dillahunty: The Moral Argument for God,theist,pro,David Baggett,pro-objective-value-duty-definition,constructive,3,92,84,90,87,95,85,89,stronger support,v4-closed-findings-adapter
148,baggett-dillahunty-moral-argument-2018,David Baggett vs Matt Dillahunty: The Moral Argument for God,non_theist,con,Matt Dillahunty,con-variable-guilt-objective-assessment,reply,3,81,75,95,87,75,89,84,material warrant or verification step compressed,v4-closed-findings-adapter
148,baggett-dillahunty-moral-argument-2018,David Baggett vs Matt Dillahunty: The Moral Argument for God,theist,pro,David Baggett,pro-guilt-as-moral-evidence,reply,2,82,69,95,69,95,91,82,assertion/anecdote/authority/speculation carries substantial weight,v4-closed-findings-adapter
148,baggett-dillahunty-moral-argument-2018,David Baggett vs Matt Dillahunty: The Moral Argument for God,non_theist,con,Matt Dillahunty,con-empathy-role-reversal-conscience,reply,2,82,76,73,87,95,91,82,material warrant or verification step compressed,v4-closed-findings-adapter
148,baggett-dillahunty-moral-argument-2018,David Baggett vs Matt Dillahunty: The Moral Argument for God,theist,pro,David Baggett,pro-properly-basic-moral-knowledge,reply,3,85,73,98,69,95,89,84,material warrant or verification step compressed,v4-closed-findings-adapter
148,baggett-dillahunty-moral-argument-2018,David Baggett vs Matt Dillahunty: The Moral Argument for God,non_theist,con,Matt Dillahunty,con-human-axioms-ethical-convergence,reply,2,78,68,97,87,75,85,82,assertion/anecdote/authority/speculation carries substantial weight,v4-closed-findings-adapter
148,baggett-dillahunty-moral-argument-2018,David Baggett vs Matt Dillahunty: The Moral Argument for God,theist,pro,David Baggett,pro-categorical-not-instrumental-duty,reply,3,90,79,98,87,95,93,90,material warrant or verification step compressed,v4-closed-findings-adapter
148,baggett-dillahunty-moral-argument-2018,David Baggett vs Matt Dillahunty: The Moral Argument for God,non_theist,con,Matt Dillahunty,con-wellbeing-means-end-assessment,reply,3,83,75,98,87,95,79,86,material warrant or verification step compressed,v4-closed-findings-adapter
148,baggett-dillahunty-moral-argument-2018,David Baggett vs Matt Dillahunty: The Moral Argument for God,theist,pro,David Baggett,pro-flourishing-scope-challenge,reply,2,87,75,97,87,95,90,88,material warrant or verification step compressed,v4-closed-findings-adapter
148,baggett-dillahunty-moral-argument-2018,David Baggett vs Matt Dillahunty: The Moral Argument for God,theist,pro,David Baggett,pro-loving-creator-authority-account,reply,3,82,69,97,87,85,84,84,assertion/anecdote/authority/speculation carries substantial weight,v4-closed-findings-adapter
148,baggett-dillahunty-moral-argument-2018,David Baggett vs Matt Dillahunty: The Moral Argument for God,non_theist,con,Matt Dillahunty,con-methodological-naturalism-demonstrability,reply,3,83,79,98,87,95,90,88,material warrant or verification step compressed,v4-closed-findings-adapter
148,baggett-dillahunty-moral-argument-2018,David Baggett vs Matt Dillahunty: The Moral Argument for God,non_theist,con,Matt Dillahunty,con-divine-identification-access,reply,3,90,84,98,87,95,93,91,stronger support,v4-closed-findings-adapter
148,baggett-dillahunty-moral-argument-2018,David Baggett vs Matt Dillahunty: The Moral Argument for God,theist,pro,David Baggett,pro-maximally-good-theistic-candidate,reply,3,83,70,95,87,75,80,82,material warrant or verification step compressed,v4-closed-findings-adapter
148,baggett-dillahunty-moral-argument-2018,David Baggett vs Matt Dillahunty: The Moral Argument for God,non_theist,con,Matt Dillahunty,con-bad-lot-confidence-constraint,reply,3,91,83,98,69,95,92,88,stronger support,v4-closed-findings-adapter
148,baggett-dillahunty-moral-argument-2018,David Baggett vs Matt Dillahunty: The Moral Argument for God,non_theist,con,Matt Dillahunty,con-moral-divine-hiddenness,reply,3,86,77,98,87,95,89,88,material warrant or verification step compressed,v4-closed-findings-adapter
148,baggett-dillahunty-moral-argument-2018,David Baggett vs Matt Dillahunty: The Moral Argument for God,theist,pro,David Baggett,pro-relational-hiddenness-account,reply,2,78,65,73,87,75,83,76,assertion/anecdote/authority/speculation carries substantial weight,v4-closed-findings-adapter
150,licona-dillahunty-resurrection-evidence-2017,Mike Licona vs Matt Dillahunty: Was Jesus Raised from the Dead?,theist,pro,Mike Licona,pro-background-cumulative-paranormal-evidence,constructive,2,77,63,76,68,75,68,72,assertion/anecdote/authority/speculation carries substantial weight,v4-closed-findings-adapter
150,licona-dillahunty-resurrection-evidence-2017,Mike Licona vs Matt Dillahunty: Was Jesus Raised from the Dead?,theist,pro,Mike Licona,pro-historical-pauline-apostolic-bedrock,constructive,3,83,76,87,87,75,75,81,material warrant or verification step compressed,v4-closed-findings-adapter
150,licona-dillahunty-resurrection-evidence-2017,Mike Licona vs Matt Dillahunty: Was Jesus Raised from the Dead?,theist,pro,Mike Licona,pro-comparative-ibt-explanatory-criteria,constructive,3,76,71,85,87,85,70,79,material warrant or verification step compressed,v4-closed-findings-adapter
150,licona-dillahunty-resurrection-evidence-2017,Mike Licona vs Matt Dillahunty: Was Jesus Raised from the Dead?,non_theist,con,Matt Dillahunty,con-evidential-default-and-burden,reply,3,76,74,71,100,75,77,78,material warrant or verification step compressed,v4-closed-findings-adapter
150,licona-dillahunty-resurrection-evidence-2017,Mike Licona vs Matt Dillahunty: Was Jesus Raised from the Dead?,non_theist,con,Matt Dillahunty,con-anomalies-do-not-establish-supernatural-realm,reply,2,87,76,98,69,95,90,85,material warrant or verification step compressed,v4-closed-findings-adapter
150,licona-dillahunty-resurrection-evidence-2017,Mike Licona vs Matt Dillahunty: Was Jesus Raised from the Dead?,non_theist,con,Matt Dillahunty,con-resurrection-lacks-explanatory-content,reply,3,84,80,99,87,95,78,87,stronger support,v4-closed-findings-adapter
150,licona-dillahunty-resurrection-evidence-2017,Mike Licona vs Matt Dillahunty: Was Jesus Raised from the Dead?,non_theist,con,Matt Dillahunty,con-divine-agent-requires-prior-support,reply,2,72,68,96,69,75,66,75,assertion/anecdote/authority/speculation carries substantial weight,v4-closed-findings-adapter
150,licona-dillahunty-resurrection-evidence-2017,Mike Licona vs Matt Dillahunty: Was Jesus Raised from the Dead?,non_theist,con,Matt Dillahunty,con-no-workable-supernatural-causal-method,reply,3,88,80,98,87,95,79,88,stronger support,v4-closed-findings-adapter
150,licona-dillahunty-resurrection-evidence-2017,Mike Licona vs Matt Dillahunty: Was Jesus Raised from the Dead?,theist,pro,Mike Licona,pro-methods-discipline-specific-investigation,reply,2,83,70,95,86,85,76,83,material warrant or verification step compressed,v4-closed-findings-adapter
150,licona-dillahunty-resurrection-evidence-2017,Mike Licona vs Matt Dillahunty: Was Jesus Raised from the Dead?,theist,pro,Mike Licona,pro-causation-against-methodological-exclusion,reply,3,74,68,95,87,85,68,79,assertion/anecdote/authority/speculation carries substantial weight,v4-closed-findings-adapter
150,licona-dillahunty-resurrection-evidence-2017,Mike Licona vs Matt Dillahunty: Was Jesus Raised from the Dead?,theist,pro,Mike Licona,pro-comparative-case-by-case-resurrection,reply,3,78,61,96,100,85,64,81,assertion/anecdote/authority/speculation carries substantial weight,v4-closed-findings-adapter
150,licona-dillahunty-resurrection-evidence-2017,Mike Licona vs Matt Dillahunty: Was Jesus Raised from the Dead?,non_theist,con,Matt Dillahunty,con-test-before-supernatural-attribution,reply,3,92,85,99,87,95,93,92,stronger support,v4-closed-findings-adapter
150,licona-dillahunty-resurrection-evidence-2017,Mike Licona vs Matt Dillahunty: Was Jesus Raised from the Dead?,non_theist,con,Matt Dillahunty,con-paul-and-reports-insufficient,reply,3,83,81,98,87,95,84,88,stronger support,v4-closed-findings-adapter
150,licona-dillahunty-resurrection-evidence-2017,Mike Licona vs Matt Dillahunty: Was Jesus Raised from the Dead?,non_theist,con,Matt Dillahunty,con-supernatural-label-does-not-identify-cause,reply,3,89,80,98,87,95,91,90,stronger support,v4-closed-findings-adapter
150,licona-dillahunty-resurrection-evidence-2017,Mike Licona vs Matt Dillahunty: Was Jesus Raised from the Dead?,non_theist,con,Matt Dillahunty,con-five-hundred-claim-uninvestigable,reply,2,90,85,99,87,95,91,91,stronger support,v4-closed-findings-adapter
150,licona-dillahunty-resurrection-evidence-2017,Mike Licona vs Matt Dillahunty: Was Jesus Raised from the Dead?,theist,pro,Mike Licona,pro-methods-good-ordinary-testimony,reply,2,82,69,71,68,75,82,74,assertion/anecdote/authority/speculation carries substantial weight,v4-closed-findings-adapter
150,licona-dillahunty-resurrection-evidence-2017,Mike Licona vs Matt Dillahunty: Was Jesus Raised from the Dead?,non_theist,con,Matt Dillahunty,con-event-acceptance-not-causal-verdict,reply,3,94,87,99,87,95,92,92,stronger support,v4-closed-findings-adapter
150,licona-dillahunty-resurrection-evidence-2017,Mike Licona vs Matt Dillahunty: Was Jesus Raised from the Dead?,theist,pro,Mike Licona,pro-causation-event-before-agent,reply,3,83,70,73,87,75,82,78,material warrant or verification step compressed,v4-closed-findings-adapter
150,licona-dillahunty-resurrection-evidence-2017,Mike Licona vs Matt Dillahunty: Was Jesus Raised from the Dead?,theist,pro,Mike Licona,pro-background-resurrection-supports-theism,reply,2,77,58,71,69,75,67,70,assertion/anecdote/authority/speculation carries substantial weight,v4-closed-findings-adapter
151,wood-dillahunty-god-secular-humanism-2020,David Wood vs Matt Dillahunty: God or Secular Humanism?,theist,pro,David Wood,pro-evolutionary-debunking-of-moral-cognition,constructive,3,68,60,88,87,75,64,74,assertion/anecdote/authority/speculation carries substantial weight,v4-closed-findings-adapter
151,wood-dillahunty-god-secular-humanism-2020,David Wood vs Matt Dillahunty: God or Secular Humanism?,theist,pro,David Wood,pro-divine-ground-of-values-and-obligations,constructive,3,73,62,84,100,75,68,77,assertion/anecdote/authority/speculation carries substantial weight,v4-closed-findings-adapter
151,wood-dillahunty-god-secular-humanism-2020,David Wood vs Matt Dillahunty: God or Secular Humanism?,non_theist,con,Matt Dillahunty,con-shared-goals-physical-consequences,reply,3,76,72,72,87,75,73,76,material warrant or verification step compressed,v4-closed-findings-adapter
151,wood-dillahunty-god-secular-humanism-2020,David Wood vs Matt Dillahunty: God or Secular Humanism?,theist,pro,David Wood,pro-image-of-god-rights-and-worth,reply,3,73,61,94,87,75,75,77,assertion/anecdote/authority/speculation carries substantial weight,v4-closed-findings-adapter
151,wood-dillahunty-god-secular-humanism-2020,David Wood vs Matt Dillahunty: God or Secular Humanism?,theist,pro,David Wood,pro-goal-conditionality-objection,reply,3,83,73,98,87,95,76,85,material warrant or verification step compressed,v4-closed-findings-adapter
151,wood-dillahunty-god-secular-humanism-2020,David Wood vs Matt Dillahunty: God or Secular Humanism?,non_theist,con,Matt Dillahunty,con-unavoidable-life-motivation-symmetry,reply,2,78,69,95,69,75,72,77,assertion/anecdote/authority/speculation carries substantial weight,v4-closed-findings-adapter
151,wood-dillahunty-god-secular-humanism-2020,David Wood vs Matt Dillahunty: God or Secular Humanism?,non_theist,con,Matt Dillahunty,con-creator-goodness-authority-gap,reply,3,87,79,98,87,95,90,89,material warrant or verification step compressed,v4-closed-findings-adapter
151,wood-dillahunty-god-secular-humanism-2020,David Wood vs Matt Dillahunty: God or Secular Humanism?,non_theist,con,Matt Dillahunty,con-evidence-corrects-harmful-means,reply,3,85,75,97,87,75,79,84,material warrant or verification step compressed,v4-closed-findings-adapter
151,wood-dillahunty-god-secular-humanism-2020,David Wood vs Matt Dillahunty: God or Secular Humanism?,non_theist,con,Matt Dillahunty,con-social-participation-reciprocal-obligation,reply,3,78,73,98,87,75,75,82,material warrant or verification step compressed,v4-closed-findings-adapter
151,wood-dillahunty-god-secular-humanism-2020,David Wood vs Matt Dillahunty: God or Secular Humanism?,theist,pro,David Wood,pro-obligation-for-welfare-dissenter,reply,3,88,79,98,87,95,89,89,material warrant or verification step compressed,v4-closed-findings-adapter
151,wood-dillahunty-god-secular-humanism-2020,David Wood vs Matt Dillahunty: God or Secular Humanism?,non_theist,con,Matt Dillahunty,con-mortal-life-relational-significance,reply,2,87,80,97,87,95,88,89,stronger support,v4-closed-findings-adapter
151,wood-dillahunty-god-secular-humanism-2020,David Wood vs Matt Dillahunty: God or Secular Humanism?,theist,pro,David Wood,pro-theistic-moral-transformation,reply,2,83,68,95,69,95,89,82,assertion/anecdote/authority/speculation carries substantial weight,v4-closed-findings-adapter
151,wood-dillahunty-god-secular-humanism-2020,David Wood vs Matt Dillahunty: God or Secular Humanism?,theist,pro,David Wood,pro-human-justice-fits-image-of-god,reply,2,62,55,93,86,75,58,71,assertion/anecdote/authority/speculation carries substantial weight,v4-closed-findings-adapter
151,wood-dillahunty-god-secular-humanism-2020,David Wood vs Matt Dillahunty: God or Secular Humanism?,theist,pro,David Wood,pro-divinely-truth-directed-intuitions,reply,3,77,63,72,87,95,83,77,assertion/anecdote/authority/speculation carries substantial weight,v4-closed-findings-adapter
151,wood-dillahunty-god-secular-humanism-2020,David Wood vs Matt Dillahunty: God or Secular Humanism?,theist,pro,David Wood,pro-covenant-limits-on-biblical-violence,constructive,2,77,64,78,69,95,72,75,assertion/anecdote/authority/speculation carries substantial weight,v4-closed-findings-adapter
151,wood-dillahunty-god-secular-humanism-2020,David Wood vs Matt Dillahunty: God or Secular Humanism?,theist,pro,David Wood,pro-transcendent-foundation-of-goodness,constructive,3,68,58,90,87,75,62,73,assertion/anecdote/authority/speculation carries substantial weight,v4-closed-findings-adapter
151,wood-dillahunty-god-secular-humanism-2020,David Wood vs Matt Dillahunty: God or Secular Humanism?,non_theist,con,Matt Dillahunty,con-divine-goodness-circularity,reply,3,84,81,99,87,95,78,87,stronger support,v4-closed-findings-adapter
151,wood-dillahunty-god-secular-humanism-2020,David Wood vs Matt Dillahunty: God or Secular Humanism?,non_theist,con,Matt Dillahunty,con-fallible-revisable-moral-inquiry,reply,3,87,77,73,87,95,88,83,material warrant or verification step compressed,v4-closed-findings-adapter
151,wood-dillahunty-god-secular-humanism-2020,David Wood vs Matt Dillahunty: God or Secular Humanism?,non_theist,con,Matt Dillahunty,con-due-process-proportionate-intervention,reply,2,85,76,96,69,95,85,84,material warrant or verification step compressed,v4-closed-findings-adapter
151,wood-dillahunty-god-secular-humanism-2020,David Wood vs Matt Dillahunty: God or Secular Humanism?,non_theist,con,Matt Dillahunty,con-relational-value-empathy-cooperation,constructive,3,84,78,89,87,95,88,86,material warrant or verification step compressed,v4-closed-findings-adapter
152,knechtle-aron-ra-god-existence-2023,Stuart Knechtle vs Aron Ra: Does God Exist?,theist,pro,Stuart Knechtle,pro-cosmic-intelligibility-laws,constructive,3,73,61,77,87,85,75,75,assertion/anecdote/authority/speculation carries substantial weight,v4-closed-findings-adapter
152,knechtle-aron-ra-god-existence-2023,Stuart Knechtle vs Aron Ra: Does God Exist?,theist,pro,Stuart Knechtle,pro-cellular-information-design,constructive,3,70,58,80,87,75,68,72,assertion/anecdote/authority/speculation carries substantial weight,v4-closed-findings-adapter
152,knechtle-aron-ra-god-existence-2023,Stuart Knechtle vs Aron Ra: Does God Exist?,theist,pro,Stuart Knechtle,pro-mathematics-creative-mind,constructive,3,69,56,80,87,75,61,71,assertion/anecdote/authority/speculation carries substantial weight,v4-closed-findings-adapter
152,knechtle-aron-ra-god-existence-2023,Stuart Knechtle vs Aron Ra: Does God Exist?,theist,pro,Stuart Knechtle,pro-logic-divine-ground,constructive,3,67,58,81,87,75,68,72,assertion/anecdote/authority/speculation carries substantial weight,v4-closed-findings-adapter
152,knechtle-aron-ra-god-existence-2023,Stuart Knechtle vs Aron Ra: Does God Exist?,theist,pro,Stuart Knechtle,pro-objective-value-obligation,constructive,3,70,56,79,87,85,68,73,assertion/anecdote/authority/speculation carries substantial weight,v4-closed-findings-adapter
152,knechtle-aron-ra-god-existence-2023,Stuart Knechtle vs Aron Ra: Does God Exist?,non_theist,con,Aron Ra,con-faith-unreliable-c006,reply,3,76,65,54,87,75,58,69,assertion/anecdote/authority/speculation carries substantial weight,v4-closed-findings-adapter
152,knechtle-aron-ra-god-existence-2023,Stuart Knechtle vs Aron Ra: Does God Exist?,non_theist,con,Aron Ra,con-method-naturalism-c007,reply,3,80,70,98,87,75,65,81,material warrant or verification step compressed,v4-closed-findings-adapter
152,knechtle-aron-ra-god-existence-2023,Stuart Knechtle vs Aron Ra: Does God Exist?,non_theist,con,Aron Ra,con-social-morality-c008,reply,3,73,66,72,87,75,60,72,assertion/anecdote/authority/speculation carries substantial weight,v4-closed-findings-adapter
152,knechtle-aron-ra-god-existence-2023,Stuart Knechtle vs Aron Ra: Does God Exist?,non_theist,con,Aron Ra,con-secular-altruism-c010,reply,2,83,72,95,86,95,80,85,material warrant or verification step compressed,v4-closed-findings-adapter
152,knechtle-aron-ra-god-existence-2023,Stuart Knechtle vs Aron Ra: Does God Exist?,theist,pro,Stuart Knechtle,pro-cell-machinery-teleology,reply,3,69,60,54,87,85,68,68,assertion/anecdote/authority/speculation carries substantial weight,v4-closed-findings-adapter
152,knechtle-aron-ra-god-existence-2023,Stuart Knechtle vs Aron Ra: Does God Exist?,non_theist,con,Aron Ra,con-evolved-complexity-02,reply,3,87,77,99,87,85,84,87,material warrant or verification step compressed,v4-closed-findings-adapter
152,knechtle-aron-ra-god-existence-2023,Stuart Knechtle vs Aron Ra: Does God Exist?,non_theist,con,Aron Ra,con-scripture-afterlife-03,constructive,3,58,41,74,87,75,39,62,effectively unsupported,v4-closed-findings-adapter
152,knechtle-aron-ra-god-existence-2023,Stuart Knechtle vs Aron Ra: Does God Exist?,theist,pro,Stuart Knechtle,pro-jesus-cross-identification,reply,3,74,58,72,87,75,66,72,assertion/anecdote/authority/speculation carries substantial weight,v4-closed-findings-adapter
152,knechtle-aron-ra-god-existence-2023,Stuart Knechtle vs Aron Ra: Does God Exist?,non_theist,con,Aron Ra,con-math-without-god-06,reply,3,89,80,99,87,95,72,88,stronger support,v4-closed-findings-adapter
152,knechtle-aron-ra-god-existence-2023,Stuart Knechtle vs Aron Ra: Does God Exist?,non_theist,con,Aron Ra,con-conflicting-experience-08,reply,3,86,72,55,87,85,85,77,material warrant or verification step compressed,v4-closed-findings-adapter
152,knechtle-aron-ra-god-existence-2023,Stuart Knechtle vs Aron Ra: Does God Exist?,non_theist,con,Aron Ra,con-constrained-cosmos-10,reply,2,85,70,97,86,95,87,86,material warrant or verification step compressed,v4-closed-findings-adapter
152,knechtle-aron-ra-god-existence-2023,Stuart Knechtle vs Aron Ra: Does God Exist?,theist,pro,Stuart Knechtle,pro-evidence-experience-epistemology,constructive,3,63,49,71,86,75,68,67,effectively unsupported,v4-closed-findings-adapter
152,knechtle-aron-ra-god-existence-2023,Stuart Knechtle vs Aron Ra: Does God Exist?,theist,pro,Stuart Knechtle,pro-cosmic-origin-cause,reply,3,73,60,98,87,75,77,78,assertion/anecdote/authority/speculation carries substantial weight,v4-closed-findings-adapter
152,knechtle-aron-ra-god-existence-2023,Stuart Knechtle vs Aron Ra: Does God Exist?,non_theist,con,Aron Ra,con-design-creationism-07,reply,3,67,58,73,87,75,56,69,assertion/anecdote/authority/speculation carries substantial weight,v4-closed-findings-adapter
152,knechtle-aron-ra-god-existence-2023,Stuart Knechtle vs Aron Ra: Does God Exist?,non_theist,con,Aron Ra,con-cosmogony-uncertainty-10,reply,3,87,71,98,87,75,90,85,material warrant or verification step compressed,v4-closed-findings-adapter
152,knechtle-aron-ra-god-existence-2023,Stuart Knechtle vs Aron Ra: Does God Exist?,theist,pro,Stuart Knechtle,pro-service-purpose-flourishing,reply,2,73,61,71,68,75,65,69,assertion/anecdote/authority/speculation carries substantial weight,v4-closed-findings-adapter
152,knechtle-aron-ra-god-existence-2023,Stuart Knechtle vs Aron Ra: Does God Exist?,theist,pro,Stuart Knechtle,pro-hiddenness-unknown-reasons,reply,2,78,53,53,68,95,87,69,assertion/anecdote/authority/speculation carries substantial weight,v4-closed-findings-adapter
152,knechtle-aron-ra-god-existence-2023,Stuart Knechtle vs Aron Ra: Does God Exist?,non_theist,con,Aron Ra,con-rediscovery-test-002,constructive,2,84,70,81,86,75,79,80,material warrant or verification step compressed,v4-closed-findings-adapter
155,turek-shermer-morality-god-science-2015,Frank Turek vs Michael Shermer: Is Morality Better Explained by God or Science?,theist,pro,Frank Turek,pro-standard-authority-purpose,constructive,3,71,61,91,87,75,68,76,assertion/anecdote/authority/speculation carries substantial weight,v4-closed-findings-adapter
155,turek-shermer-morality-god-science-2015,Frank Turek vs Michael Shermer: Is Morality Better Explained by God or Science?,theist,pro,Frank Turek,pro-divine-external-standard,constructive,3,74,63,89,87,85,68,77,assertion/anecdote/authority/speculation carries substantial weight,v4-closed-findings-adapter
155,turek-shermer-morality-god-science-2015,Frank Turek vs Michael Shermer: Is Morality Better Explained by God or Science?,theist,pro,Frank Turek,pro-description-lacks-authority,constructive,3,82,72,93,87,85,80,83,material warrant or verification step compressed,v4-closed-findings-adapter
155,turek-shermer-morality-god-science-2015,Frank Turek vs Michael Shermer: Is Morality Better Explained by God or Science?,theist,pro,Frank Turek,pro-materialism-undermines-agency,constructive,2,59,54,86,69,75,59,67,assertion/anecdote/authority/speculation carries substantial weight,v4-closed-findings-adapter
155,turek-shermer-morality-god-science-2015,Frank Turek vs Michael Shermer: Is Morality Better Explained by God or Science?,non_theist,con,Michael Shermer,con-divine-method-contingency,reply,3,71,58,72,87,75,61,70,assertion/anecdote/authority/speculation carries substantial weight,v4-closed-findings-adapter
155,turek-shermer-morality-god-science-2015,Frank Turek vs Michael Shermer: Is Morality Better Explained by God or Science?,non_theist,con,Michael Shermer,con-sentient-flourishing-ground,constructive,3,77,71,93,100,75,75,82,material warrant or verification step compressed,v4-closed-findings-adapter
155,turek-shermer-morality-god-science-2015,Frank Turek vs Michael Shermer: Is Morality Better Explained by God or Science?,non_theist,con,Michael Shermer,con-evolved-fairness-capacities,constructive,2,80,74,92,87,75,68,81,material warrant or verification step compressed,v4-closed-findings-adapter
155,turek-shermer-morality-god-science-2015,Frank Turek vs Michael Shermer: Is Morality Better Explained by God or Science?,non_theist,con,Michael Shermer,con-scientific-reason-moral-method,reply,2,68,60,55,68,75,60,64,assertion/anecdote/authority/speculation carries substantial weight,v4-closed-findings-adapter
155,turek-shermer-morality-god-science-2015,Frank Turek vs Michael Shermer: Is Morality Better Explained by God or Science?,non_theist,con,Michael Shermer,con-genocide-sentient-rights,reply,3,85,77,98,87,85,80,86,material warrant or verification step compressed,v4-closed-findings-adapter
155,turek-shermer-morality-god-science-2015,Frank Turek vs Michael Shermer: Is Morality Better Explained by God or Science?,non_theist,con,Michael Shermer,con-oppressed-groups-moral-progress,reply,2,65,43,72,69,60,37,59,effectively unsupported,v4-closed-findings-adapter
155,turek-shermer-morality-god-science-2015,Frank Turek vs Michael Shermer: Is Morality Better Explained by God or Science?,non_theist,con,Michael Shermer,con-rival-gods-evidence,reply,2,87,75,98,87,95,92,88,material warrant or verification step compressed,v4-closed-findings-adapter
155,turek-shermer-morality-god-science-2015,Frank Turek vs Michael Shermer: Is Morality Better Explained by God or Science?,theist,pro,Frank Turek,pro-biblical-slavery-distinction,reply,2,69,48,95,68,60,56,68,effectively unsupported,v4-closed-findings-adapter
155,turek-shermer-morality-god-science-2015,Frank Turek vs Michael Shermer: Is Morality Better Explained by God or Science?,theist,pro,Frank Turek,pro-ontology-epistemology-distinction,reply,3,89,74,97,69,95,75,84,material warrant or verification step compressed,v4-closed-findings-adapter
155,turek-shermer-morality-god-science-2015,Frank Turek vs Michael Shermer: Is Morality Better Explained by God or Science?,non_theist,con,Michael Shermer,con-autonomy-constrains-welfare,constructive,3,88,81,94,87,85,80,87,stronger support,v4-closed-findings-adapter
155,turek-shermer-morality-god-science-2015,Frank Turek vs Michael Shermer: Is Morality Better Explained by God or Science?,theist,pro,Frank Turek,pro-dilemmas-presuppose-value,reply,2,50,43,94,86,60,32,62,effectively unsupported,v4-closed-findings-adapter
155,turek-shermer-morality-god-science-2015,Frank Turek vs Michael Shermer: Is Morality Better Explained by God or Science?,theist,pro,Frank Turek,pro-survival-cannot-prescribe,reply,3,78,68,73,100,75,71,77,assertion/anecdote/authority/speculation carries substantial weight,v4-closed-findings-adapter
155,turek-shermer-morality-god-science-2015,Frank Turek vs Michael Shermer: Is Morality Better Explained by God or Science?,theist,pro,Frank Turek,pro-irreducible-mind-and-values,reply,2,54,52,69,68,60,57,60,assertion/anecdote/authority/speculation carries substantial weight,v4-closed-findings-adapter
155,turek-shermer-morality-god-science-2015,Frank Turek vs Michael Shermer: Is Morality Better Explained by God or Science?,theist,pro,Frank Turek,pro-euthyphro-divine-nature,reply,3,84,70,73,87,95,77,80,material warrant or verification step compressed,v4-closed-findings-adapter
155,turek-shermer-morality-god-science-2015,Frank Turek vs Michael Shermer: Is Morality Better Explained by God or Science?,non_theist,con,Michael Shermer,con-matter-embodies-moral-wisdom,reply,2,72,64,72,68,85,76,72,assertion/anecdote/authority/speculation carries substantial weight,v4-closed-findings-adapter
156,harris-prager-religion-morality-public-reason-2014,"Sam Harris vs Dennis Prager: Religion, Morality, and Public Reason",non_theist,con,Sam Harris,con-supernatural-scripture-unsupported,constructive,3,76,59,82,87,75,68,75,assertion/anecdote/authority/speculation carries substantial weight,v4-closed-findings-adapter
156,harris-prager-religion-morality-public-reason-2014,"Sam Harris vs Dennis Prager: Religion, Morality, and Public Reason",theist,pro,Dennis Prager,pro-religious-recognition-islamic-totalitarianism,reply,2,75,57,73,68,75,71,70,assertion/anecdote/authority/speculation carries substantial weight,v4-closed-findings-adapter
156,harris-prager-religion-morality-public-reason-2014,"Sam Harris vs Dennis Prager: Religion, Morality, and Public Reason",non_theist,con,Sam Harris,con-religious-premises-motivate-violence,reply,3,87,73,98,87,95,93,88,material warrant or verification step compressed,v4-closed-findings-adapter
156,harris-prager-religion-morality-public-reason-2014,"Sam Harris vs Dennis Prager: Religion, Morality, and Public Reason",theist,pro,Dennis Prager,pro-practical-worldview-moral-test,reply,3,79,57,96,87,75,70,78,assertion/anecdote/authority/speculation carries substantial weight,v4-closed-findings-adapter
156,harris-prager-religion-morality-public-reason-2014,"Sam Harris vs Dennis Prager: Religion, Morality, and Public Reason",non_theist,con,Sam Harris,con-totalitarian-dogma-not-atheism,reply,3,85,69,98,87,75,81,83,assertion/anecdote/authority/speculation carries substantial weight,v4-closed-findings-adapter
156,harris-prager-religion-morality-public-reason-2014,"Sam Harris vs Dennis Prager: Religion, Morality, and Public Reason",theist,pro,Dennis Prager,pro-persons-existence-design-inference,reply,3,60,52,72,87,75,59,66,assertion/anecdote/authority/speculation carries substantial weight,v4-closed-findings-adapter
156,harris-prager-religion-morality-public-reason-2014,"Sam Harris vs Dennis Prager: Religion, Morality, and Public Reason",theist,pro,Dennis Prager,pro-divine-authority-murder-prohibition,reply,3,63,50,73,87,75,58,67,assertion/anecdote/authority/speculation carries substantial weight,v4-closed-findings-adapter
156,harris-prager-religion-morality-public-reason-2014,"Sam Harris vs Dennis Prager: Religion, Morality, and Public Reason",non_theist,con,Sam Harris,con-conscious-capacity-grounds-moral-distinctions,reply,3,84,76,73,87,95,85,82,material warrant or verification step compressed,v4-closed-findings-adapter
156,harris-prager-religion-morality-public-reason-2014,"Sam Harris vs Dennis Prager: Religion, Morality, and Public Reason",non_theist,con,Sam Harris,con-conception-dogma-obstructs-abortion-inquiry,reply,2,73,57,54,68,75,63,64,assertion/anecdote/authority/speculation carries substantial weight,v4-closed-findings-adapter
156,harris-prager-religion-morality-public-reason-2014,"Sam Harris vs Dennis Prager: Religion, Morality, and Public Reason",non_theist,con,Sam Harris,con-realist-answers-about-conscious-wellbeing,reply,3,81,72,98,99,85,80,86,material warrant or verification step compressed,v4-closed-findings-adapter
156,harris-prager-religion-morality-public-reason-2014,"Sam Harris vs Dennis Prager: Religion, Morality, and Public Reason",theist,pro,Dennis Prager,pro-scripture-character-historical-progress,reply,3,69,56,73,87,75,62,70,assertion/anecdote/authority/speculation carries substantial weight,v4-closed-findings-adapter
156,harris-prager-religion-morality-public-reason-2014,"Sam Harris vs Dennis Prager: Religion, Morality, and Public Reason",non_theist,con,Sam Harris,con-cooperation-grounds-anti-murder-norm,reply,3,83,78,73,69,85,85,78,material warrant or verification step compressed,v4-closed-findings-adapter
156,harris-prager-religion-morality-public-reason-2014,"Sam Harris vs Dennis Prager: Religion, Morality, and Public Reason",non_theist,con,Sam Harris,con-biblical-theocracy-outgrown,reply,3,82,66,98,87,75,71,81,assertion/anecdote/authority/speculation carries substantial weight,v4-closed-findings-adapter
157,dillahunty-howitt-christianity-true-2023,Matt Dillahunty vs Lewis Howitt: Is Christianity True?,theist,pro,Lewis Howitt (PerspectivePhilosophy),pro-logic-indispensable-ground,constructive,3,71,60,77,87,75,68,72,assertion/anecdote/authority/speculation carries substantial weight,v4-closed-findings-adapter
157,dillahunty-howitt-christianity-true-2023,Matt Dillahunty vs Lewis Howitt: Is Christianity True?,theist,pro,Lewis Howitt (PerspectivePhilosophy),pro-contingency-necessary-cause,constructive,3,67,58,79,87,75,68,72,assertion/anecdote/authority/speculation carries substantial weight,v4-closed-findings-adapter
157,dillahunty-howitt-christianity-true-2023,Matt Dillahunty vs Lewis Howitt: Is Christianity True?,theist,pro,Lewis Howitt (PerspectivePhilosophy),pro-brute-cause-insufficient,constructive,3,65,56,75,87,75,61,69,assertion/anecdote/authority/speculation carries substantial weight,v4-closed-findings-adapter
157,dillahunty-howitt-christianity-true-2023,Matt Dillahunty vs Lewis Howitt: Is Christianity True?,theist,pro,Lewis Howitt (PerspectivePhilosophy),pro-logical-moments-trinity,constructive,3,61,56,81,99,75,55,71,assertion/anecdote/authority/speculation carries substantial weight,v4-closed-findings-adapter
157,dillahunty-howitt-christianity-true-2023,Matt Dillahunty vs Lewis Howitt: Is Christianity True?,non_theist,con,Matt Dillahunty,con-truth-correspondence-evidence,reply,3,84,75,73,87,95,89,82,material warrant or verification step compressed,v4-closed-findings-adapter
157,dillahunty-howitt-christianity-true-2023,Matt Dillahunty vs Lewis Howitt: Is Christianity True?,non_theist,con,Matt Dillahunty,con-hiddenness-disagreement,reply,2,78,71,55,69,75,76,70,material warrant or verification step compressed,v4-closed-findings-adapter
157,dillahunty-howitt-christianity-true-2023,Matt Dillahunty vs Lewis Howitt: Is Christianity True?,non_theist,con,Matt Dillahunty,con-generic-ground-specificity-gap,reply,3,90,81,99,100,95,91,92,stronger support,v4-closed-findings-adapter
157,dillahunty-howitt-christianity-true-2023,Matt Dillahunty vs Lewis Howitt: Is Christianity True?,theist,pro,Lewis Howitt (PerspectivePhilosophy),pro-objective-logic-logos,reply,3,63,59,95,87,75,59,73,assertion/anecdote/authority/speculation carries substantial weight,v4-closed-findings-adapter
157,dillahunty-howitt-christianity-true-2023,Matt Dillahunty vs Lewis Howitt: Is Christianity True?,non_theist,con,Matt Dillahunty,con-logic-trinity-mapping-gap,reply,3,88,79,99,87,95,90,89,material warrant or verification step compressed,v4-closed-findings-adapter
157,dillahunty-howitt-christianity-true-2023,Matt Dillahunty vs Lewis Howitt: Is Christianity True?,non_theist,con,Matt Dillahunty,con-noncontingent-terminus-underdetermined,reply,3,89,80,99,87,95,91,90,stronger support,v4-closed-findings-adapter
157,dillahunty-howitt-christianity-true-2023,Matt Dillahunty vs Lewis Howitt: Is Christianity True?,non_theist,con,Matt Dillahunty,con-necessary-mind-to-catholic-trinity-gap,reply,3,88,78,98,87,95,90,89,material warrant or verification step compressed,v4-closed-findings-adapter
157,dillahunty-howitt-christianity-true-2023,Matt Dillahunty vs Lewis Howitt: Is Christianity True?,theist,pro,Lewis Howitt (PerspectivePhilosophy),pro-trinity-natural-reason,reply,3,71,59,70,69,75,62,68,assertion/anecdote/authority/speculation carries substantial weight,v4-closed-findings-adapter
157,dillahunty-howitt-christianity-true-2023,Matt Dillahunty vs Lewis Howitt: Is Christianity True?,non_theist,con,Matt Dillahunty,con-reason-incarnation-access-gap,reply,3,91,84,98,69,95,93,88,stronger support,v4-closed-findings-adapter
157,dillahunty-howitt-christianity-true-2023,Matt Dillahunty vs Lewis Howitt: Is Christianity True?,non_theist,con,Matt Dillahunty,con-perfect-mind-cannot-doubt,reply,3,85,82,97,87,95,88,88,stronger support,v4-closed-findings-adapter
157,dillahunty-howitt-christianity-true-2023,Matt Dillahunty vs Lewis Howitt: Is Christianity True?,theist,pro,Lewis Howitt (PerspectivePhilosophy),pro-divine-doubt-self-knowledge,reply,3,58,51,94,86,75,60,70,assertion/anecdote/authority/speculation carries substantial weight,v4-closed-findings-adapter
157,dillahunty-howitt-christianity-true-2023,Matt Dillahunty vs Lewis Howitt: Is Christianity True?,non_theist,con,Matt Dillahunty,con-perfect-mind-no-self-testing,reply,3,94,87,99,87,95,93,93,stronger support,v4-closed-findings-adapter
157,dillahunty-howitt-christianity-true-2023,Matt Dillahunty vs Lewis Howitt: Is Christianity True?,theist,pro,Lewis Howitt (PerspectivePhilosophy),pro-infer-divine-self-knowledge,reply,3,67,59,93,86,75,69,74,assertion/anecdote/authority/speculation carries substantial weight,v4-closed-findings-adapter
157,dillahunty-howitt-christianity-true-2023,Matt Dillahunty vs Lewis Howitt: Is Christianity True?,theist,pro,Lewis Howitt (PerspectivePhilosophy),pro-timeless-creation,reply,2,74,60,55,86,95,68,71,assertion/anecdote/authority/speculation carries substantial weight,v4-closed-findings-adapter
157,dillahunty-howitt-christianity-true-2023,Matt Dillahunty vs Lewis Howitt: Is Christianity True?,non_theist,con,Matt Dillahunty,con-creator-relations-contingency,reply,2,87,80,98,87,95,92,89,stronger support,v4-closed-findings-adapter
157,dillahunty-howitt-christianity-true-2023,Matt Dillahunty vs Lewis Howitt: Is Christianity True?,non_theist,con,Matt Dillahunty,con-logic-god-explanatory-relocation,reply,3,85,75,98,87,95,77,86,material warrant or verification step compressed,v4-closed-findings-adapter
157,dillahunty-howitt-christianity-true-2023,Matt Dillahunty vs Lewis Howitt: Is Christianity True?,theist,pro,Lewis Howitt (PerspectivePhilosophy),pro-spacetime-contained-in-god,reply,2,65,53,56,86,75,68,65,assertion/anecdote/authority/speculation carries substantial weight,v4-closed-findings-adapter
157,dillahunty-howitt-christianity-true-2023,Matt Dillahunty vs Lewis Howitt: Is Christianity True?,non_theist,con,Matt Dillahunty,con-spatial-multiplicity-classical-logic,reply,2,95,90,99,87,95,92,93,stronger support,v4-closed-findings-adapter
157,dillahunty-howitt-christianity-true-2023,Matt Dillahunty vs Lewis Howitt: Is Christianity True?,theist,pro,Lewis Howitt (PerspectivePhilosophy),pro-hiddenness-human-knowledge,reply,2,69,56,71,69,75,79,68,assertion/anecdote/authority/speculation carries substantial weight,v4-closed-findings-adapter
158,dillahunty-mclatchie-resurrection-evidence-2020,Matt Dillahunty vs Jonathan McLatchie: Is There Strong Evidence for the Resurrection?,theist,pro,Dr Jonathan McLatchie,pro-early-apostolic-pauline-proclamation,constructive,3,83,78,86,87,85,75,83,material warrant or verification step compressed,v4-closed-findings-adapter
158,dillahunty-mclatchie-resurrection-evidence-2020,Matt Dillahunty vs Jonathan McLatchie: Is There Strong Evidence for the Resurrection?,theist,pro,Dr Jonathan McLatchie,pro-luke-acts-informed-apostolic-access,constructive,3,81,74,82,87,85,75,81,material warrant or verification step compressed,v4-closed-findings-adapter
158,dillahunty-mclatchie-resurrection-evidence-2020,Matt Dillahunty vs Jonathan McLatchie: Is There Strong Evidence for the Resurrection?,theist,pro,Dr Jonathan McLatchie,pro-prolonged-group-multisensory-encounters,constructive,3,71,62,86,87,75,64,74,assertion/anecdote/authority/speculation carries substantial weight,v4-closed-findings-adapter
158,dillahunty-mclatchie-resurrection-evidence-2020,Matt Dillahunty vs Jonathan McLatchie: Is There Strong Evidence for the Resurrection?,theist,pro,Dr Jonathan McLatchie,pro-costly-witness-conduct-against-fabrication,constructive,3,77,66,82,87,75,72,77,assertion/anecdote/authority/speculation carries substantial weight,v4-closed-findings-adapter
158,dillahunty-mclatchie-resurrection-evidence-2020,Matt Dillahunty vs Jonathan McLatchie: Is There Strong Evidence for the Resurrection?,non_theist,con,Matt Dillahunty,con-anonymous-unexamined-reports,reply,3,72,61,95,87,75,60,76,assertion/anecdote/authority/speculation carries substantial weight,v4-closed-findings-adapter
158,dillahunty-mclatchie-resurrection-evidence-2020,Matt Dillahunty vs Jonathan McLatchie: Is There Strong Evidence for the Resurrection?,non_theist,con,Matt Dillahunty,con-cross-claim-testimonial-standard,constructive,3,81,72,81,69,85,78,77,material warrant or verification step compressed,v4-closed-findings-adapter
158,dillahunty-mclatchie-resurrection-evidence-2020,Matt Dillahunty vs Jonathan McLatchie: Is There Strong Evidence for the Resurrection?,non_theist,con,Matt Dillahunty,con-legend-before-event-explanation,reply,3,88,76,98,87,95,91,88,material warrant or verification step compressed,v4-closed-findings-adapter
158,dillahunty-mclatchie-resurrection-evidence-2020,Matt Dillahunty vs Jonathan McLatchie: Is There Strong Evidence for the Resurrection?,theist,pro,Dr Jonathan McLatchie,pro-cumulative-evidence-overcomes-low-prior,reply,3,89,73,71,87,95,81,82,material warrant or verification step compressed,v4-closed-findings-adapter
158,dillahunty-mclatchie-resurrection-evidence-2020,Matt Dillahunty vs Jonathan McLatchie: Is There Strong Evidence for the Resurrection?,non_theist,con,Matt Dillahunty,con-legend-and-sincere-error-live,reply,3,86,74,95,87,95,90,87,material warrant or verification step compressed,v4-closed-findings-adapter
158,dillahunty-mclatchie-resurrection-evidence-2020,Matt Dillahunty vs Jonathan McLatchie: Is There Strong Evidence for the Resurrection?,non_theist,con,Matt Dillahunty,con-paul-luke-john-source-chain,reply,3,76,73,95,87,75,73,80,material warrant or verification step compressed,v4-closed-findings-adapter
158,dillahunty-mclatchie-resurrection-evidence-2020,Matt Dillahunty vs Jonathan McLatchie: Is There Strong Evidence for the Resurrection?,theist,pro,Dr Jonathan McLatchie,pro-cumulative-source-interconnections,reply,2,73,67,73,69,75,62,70,assertion/anecdote/authority/speculation carries substantial weight,v4-closed-findings-adapter
158,dillahunty-mclatchie-resurrection-evidence-2020,Matt Dillahunty vs Jonathan McLatchie: Is There Strong Evidence for the Resurrection?,non_theist,con,Matt Dillahunty,con-mundane-agreement-not-resurrection,reply,2,91,82,99,69,95,92,88,stronger support,v4-closed-findings-adapter
158,dillahunty-mclatchie-resurrection-evidence-2020,Matt Dillahunty vs Jonathan McLatchie: Is There Strong Evidence for the Resurrection?,theist,pro,Dr Jonathan McLatchie,pro-oral-tradition-does-not-defeat-interlocking,reply,2,67,59,95,68,75,59,71,assertion/anecdote/authority/speculation carries substantial weight,v4-closed-findings-adapter
158,dillahunty-mclatchie-resurrection-evidence-2020,Matt Dillahunty vs Jonathan McLatchie: Is There Strong Evidence for the Resurrection?,non_theist,con,Matt Dillahunty,con-no-principled-religious-distinction,reply,2,86,70,57,69,85,84,74,material warrant or verification step compressed,v4-closed-findings-adapter
158,dillahunty-mclatchie-resurrection-evidence-2020,Matt Dillahunty vs Jonathan McLatchie: Is There Strong Evidence for the Resurrection?,theist,pro,Dr Jonathan McLatchie,pro-case-specific-extraordinary-testimony-standard,reply,3,91,74,73,69,95,94,81,material warrant or verification step compressed,v4-closed-findings-adapter
158,dillahunty-mclatchie-resurrection-evidence-2020,Matt Dillahunty vs Jonathan McLatchie: Is There Strong Evidence for the Resurrection?,non_theist,con,Matt Dillahunty,con-unverified-resurrection-prior,reply,3,83,77,95,87,85,85,85,material warrant or verification step compressed,v4-closed-findings-adapter
158,dillahunty-mclatchie-resurrection-evidence-2020,Matt Dillahunty vs Jonathan McLatchie: Is There Strong Evidence for the Resurrection?,theist,pro,Dr Jonathan McLatchie,pro-probability-redistribution-among-alternatives,constructive,3,72,67,80,100,75,74,77,assertion/anecdote/authority/speculation carries substantial weight,v4-closed-findings-adapter
158,dillahunty-mclatchie-resurrection-evidence-2020,Matt Dillahunty vs Jonathan McLatchie: Is There Strong Evidence for the Resurrection?,theist,pro,Dr Jonathan McLatchie,pro-case-specific-cross-religious-discrimination,reply,2,85,71,72,69,95,85,78,material warrant or verification step compressed,v4-closed-findings-adapter
158,dillahunty-mclatchie-resurrection-evidence-2020,Matt Dillahunty vs Jonathan McLatchie: Is There Strong Evidence for the Resurrection?,non_theist,con,Matt Dillahunty,con-evidence-not-apriori-exclusion,reply,3,94,90,99,87,95,92,93,stronger support,v4-closed-findings-adapter
158,dillahunty-mclatchie-resurrection-evidence-2020,Matt Dillahunty vs Jonathan McLatchie: Is There Strong Evidence for the Resurrection?,non_theist,con,Matt Dillahunty,con-no-presented-extrabiblical-support,reply,2,88,72,72,68,75,80,77,material warrant or verification step compressed,v4-closed-findings-adapter
160,pinker-douthat-do-we-need-god-2026,Steven Pinker vs Ross Douthat: Do We Need God?,theist,pro,Ross Douthat,pro-purpose-reality-grounded-significance,constructive,3,72,58,88,100,75,68,77,assertion/anecdote/authority/speculation carries substantial weight,v4-closed-findings-adapter
160,pinker-douthat-do-we-need-god-2026,Steven Pinker vs Ross Douthat: Do We Need God?,non_theist,con,Steven Pinker,con-purpose-common-human-mission,reply,3,84,78,73,100,75,79,82,material warrant or verification step compressed,v4-closed-findings-adapter
160,pinker-douthat-do-we-need-god-2026,Steven Pinker vs Ross Douthat: Do We Need God?,non_theist,con,Steven Pinker,con-community-fellowship-not-faith,reply,3,85,76,99,87,75,79,85,material warrant or verification step compressed,v4-closed-findings-adapter
160,pinker-douthat-do-we-need-god-2026,Steven Pinker vs Ross Douthat: Do We Need God?,theist,pro,Ross Douthat,pro-community-durable-faith,reply,3,72,60,73,87,75,64,72,assertion/anecdote/authority/speculation carries substantial weight,v4-closed-findings-adapter
160,pinker-douthat-do-we-need-god-2026,Steven Pinker vs Ross Douthat: Do We Need God?,theist,pro,Ross Douthat,pro-knowledge-inherited-belief,reply,2,87,76,97,69,95,91,85,material warrant or verification step compressed,v4-closed-findings-adapter
160,pinker-douthat-do-we-need-god-2026,Steven Pinker vs Ross Douthat: Do We Need God?,non_theist,con,Steven Pinker,con-knowledge-empirical-correction,reply,3,89,84,98,87,95,90,90,stronger support,v4-closed-findings-adapter
160,pinker-douthat-do-we-need-god-2026,Steven Pinker vs Ross Douthat: Do We Need God?,non_theist,con,Steven Pinker,con-institutions-public-welfare-scale,reply,3,85,76,98,87,75,79,85,material warrant or verification step compressed,v4-closed-findings-adapter
160,pinker-douthat-do-we-need-god-2026,Steven Pinker vs Ross Douthat: Do We Need God?,theist,pro,Ross Douthat,pro-history-conflict-not-uniquely-religious,reply,2,73,62,94,68,75,72,74,assertion/anecdote/authority/speculation carries substantial weight,v4-closed-findings-adapter
160,pinker-douthat-do-we-need-god-2026,Steven Pinker vs Ross Douthat: Do We Need God?,non_theist,con,Steven Pinker,con-history-totalitarianism-irrational,reply,2,91,79,99,69,95,91,87,material warrant or verification step compressed,v4-closed-findings-adapter
160,pinker-douthat-do-we-need-god-2026,Steven Pinker vs Ross Douthat: Do We Need God?,theist,pro,Ross Douthat,pro-history-nazism-pagan-aims,reply,2,85,67,98,69,75,74,80,assertion/anecdote/authority/speculation carries substantial weight,v4-closed-findings-adapter
160,pinker-douthat-do-we-need-god-2026,Steven Pinker vs Ross Douthat: Do We Need God?,non_theist,con,Steven Pinker,con-history-universal-rights-progress,reply,3,84,78,98,87,75,90,86,material warrant or verification step compressed,v4-closed-findings-adapter
160,pinker-douthat-do-we-need-god-2026,Steven Pinker vs Ross Douthat: Do We Need God?,theist,pro,Ross Douthat,pro-community-failure-and-recovery,reply,2,75,61,69,87,75,69,72,assertion/anecdote/authority/speculation carries substantial weight,v4-closed-findings-adapter
160,pinker-douthat-do-we-need-god-2026,Steven Pinker vs Ross Douthat: Do We Need God?,non_theist,con,Steven Pinker,con-morality-impartial-reciprocity,reply,3,88,80,99,87,95,91,89,stronger support,v4-closed-findings-adapter
160,pinker-douthat-do-we-need-god-2026,Steven Pinker vs Ross Douthat: Do We Need God?,theist,pro,Ross Douthat,pro-morality-transcendent-standard,reply,3,87,74,99,87,95,78,87,material warrant or verification step compressed,v4-closed-findings-adapter
160,pinker-douthat-do-we-need-god-2026,Steven Pinker vs Ross Douthat: Do We Need God?,theist,pro,Ross Douthat,pro-truth-fundamental-religious-claims,reply,2,90,74,98,69,95,92,86,material warrant or verification step compressed,v4-closed-findings-adapter
160,pinker-douthat-do-we-need-god-2026,Steven Pinker vs Ross Douthat: Do We Need God?,non_theist,con,Steven Pinker,con-knowledge-information-processing,reply,3,81,77,98,69,75,78,81,material warrant or verification step compressed,v4-closed-findings-adapter
160,pinker-douthat-do-we-need-god-2026,Steven Pinker vs Ross Douthat: Do We Need God?,non_theist,con,Steven Pinker,con-morality-agency-equal-rights,reply,3,84,73,98,87,85,78,85,material warrant or verification step compressed,v4-closed-findings-adapter
161,craig-millican-does-god-exist-2011,William Lane Craig vs Peter Millican: Does God Exist?,theist,pro,William Lane Craig,pro-cosmic-beginning-personal-cause,constructive,3,76,73,90,87,75,64,79,material warrant or verification step compressed,v4-closed-findings-adapter
161,craig-millican-does-god-exist-2011,William Lane Craig vs Peter Millican: Does God Exist?,theist,pro,William Lane Craig,pro-fine-tuning-design-inference,constructive,3,75,72,88,87,75,64,78,material warrant or verification step compressed,v4-closed-findings-adapter
161,craig-millican-does-god-exist-2011,William Lane Craig vs Peter Millican: Does God Exist?,theist,pro,William Lane Craig,pro-objective-morality-divine-ground,constructive,3,71,62,87,87,75,61,74,assertion/anecdote/authority/speculation carries substantial weight,v4-closed-findings-adapter
161,craig-millican-does-god-exist-2011,William Lane Craig vs Peter Millican: Does God Exist?,theist,pro,William Lane Craig,pro-resurrection-historical-inference,constructive,3,72,68,89,87,75,63,76,assertion/anecdote/authority/speculation carries substantial weight,v4-closed-findings-adapter
161,craig-millican-does-god-exist-2011,William Lane Craig vs Peter Millican: Does God Exist?,theist,pro,William Lane Craig,pro-immediate-experience-of-god,constructive,2,74,58,78,68,75,75,71,assertion/anecdote/authority/speculation carries substantial weight,v4-closed-findings-adapter
161,craig-millican-does-god-exist-2011,William Lane Craig vs Peter Millican: Does God Exist?,non_theist,con,Peter Millican,con-religious-diversity-unreliability,constructive,2,80,76,83,86,75,79,80,material warrant or verification step compressed,v4-closed-findings-adapter
161,craig-millican-does-god-exist-2011,William Lane Craig vs Peter Millican: Does God Exist?,non_theist,con,Peter Millican,con-specific-christian-burden,reply,2,66,63,95,68,75,62,72,assertion/anecdote/authority/speculation carries substantial weight,v4-closed-findings-adapter
161,craig-millican-does-god-exist-2011,William Lane Craig vs Peter Millican: Does God Exist?,non_theist,con,Peter Millican,con-global-beginning-underdetermined,reply,3,88,81,98,87,95,92,90,stronger support,v4-closed-findings-adapter
161,craig-millican-does-god-exist-2011,William Lane Craig vs Peter Millican: Does God Exist?,non_theist,con,Peter Millican,con-immaterial-mind-inference-gap,reply,3,86,77,99,87,95,79,87,material warrant or verification step compressed,v4-closed-findings-adapter
161,craig-millican-does-god-exist-2011,William Lane Craig vs Peter Millican: Does God Exist?,non_theist,con,Peter Millican,con-moral-objectivity-burden,reply,3,91,82,98,87,95,93,91,stronger support,v4-closed-findings-adapter
161,craig-millican-does-god-exist-2011,William Lane Craig vs Peter Millican: Does God Exist?,theist,pro,William Lane Craig,pro-negative-answer-bears-burden,reply,2,76,76,72,68,75,72,74,material warrant or verification step compressed,v4-closed-findings-adapter
161,craig-millican-does-god-exist-2011,William Lane Craig vs Peter Millican: Does God Exist?,theist,pro,William Lane Craig,pro-efficient-cause-not-quantum-nothing,reply,3,86,77,98,86,75,74,84,material warrant or verification step compressed,v4-closed-findings-adapter
161,craig-millican-does-god-exist-2011,William Lane Craig vs Peter Millican: Does God Exist?,theist,pro,William Lane Craig,pro-moral-obligation-requires-lawgiver,reply,3,66,60,73,86,75,59,69,assertion/anecdote/authority/speculation carries substantial weight,v4-closed-findings-adapter
161,craig-millican-does-god-exist-2011,William Lane Craig vs Peter Millican: Does God Exist?,non_theist,con,Peter Millican,con-fine-tuning-underdetermination,reply,3,88,81,98,87,95,92,90,stronger support,v4-closed-findings-adapter
161,craig-millican-does-god-exist-2011,William Lane Craig vs Peter Millican: Does God Exist?,theist,pro,William Lane Craig,pro-hiddenness-saving-relationship,reply,2,77,57,72,68,75,82,71,assertion/anecdote/authority/speculation carries substantial weight,v4-closed-findings-adapter
161,craig-millican-does-god-exist-2011,William Lane Craig vs Peter Millican: Does God Exist?,theist,pro,William Lane Craig,pro-fine-tuning-objections-answered,reply,3,78,72,73,87,75,75,77,material warrant or verification step compressed,v4-closed-findings-adapter
161,craig-millican-does-god-exist-2011,William Lane Craig vs Peter Millican: Does God Exist?,non_theist,con,Peter Millican,con-atheistic-moral-realism,reply,3,83,68,98,87,95,86,85,assertion/anecdote/authority/speculation carries substantial weight,v4-closed-findings-adapter
161,craig-millican-does-god-exist-2011,William Lane Craig vs Peter Millican: Does God Exist?,non_theist,con,Peter Millican,con-gospel-evidence-limitations,reply,3,86,81,99,87,95,77,88,stronger support,v4-closed-findings-adapter
161,craig-millican-does-god-exist-2011,William Lane Craig vs Peter Millican: Does God Exist?,theist,pro,William Lane Craig,pro-resurrection-naturalism-objection,reply,3,68,67,95,87,75,60,76,assertion/anecdote/authority/speculation carries substantial weight,v4-closed-findings-adapter
161,craig-millican-does-god-exist-2011,William Lane Craig vs Peter Millican: Does God Exist?,non_theist,con,Peter Millican,con-natural-religious-psychology,reply,3,85,76,98,87,75,80,85,material warrant or verification step compressed,v4-closed-findings-adapter
161,craig-millican-does-god-exist-2011,William Lane Craig vs Peter Millican: Does God Exist?,non_theist,con,Peter Millican,con-evil-as-discriminating-evidence,reply,3,90,80,98,87,95,92,90,stronger support,v4-closed-findings-adapter
161,craig-millican-does-god-exist-2011,William Lane Craig vs Peter Millican: Does God Exist?,theist,pro,William Lane Craig,pro-natural-evil-salvific-purpose,reply,3,56,40,75,87,60,39,60,effectively unsupported,v4-closed-findings-adapter
161,craig-millican-does-god-exist-2011,William Lane Craig vs Peter Millican: Does God Exist?,non_theist,con,Peter Millican,con-suffering-and-sincere-nonbelief,reply,3,86,75,73,87,95,80,82,material warrant or verification step compressed,v4-closed-findings-adapter
162,craig-kagan-god-morality-2009,William Lane Craig vs Shelly Kagan: Is God Necessary for Morality?,non_theist,con,Shelly Kagan,con-harm-help-objective-value,constructive,3,80,74,86,87,75,80,81,material warrant or verification step compressed,v4-closed-findings-adapter
162,craig-kagan-god-morality-2009,William Lane Craig vs Shelly Kagan: Is God Necessary for Morality?,non_theist,con,Shelly Kagan,con-categorical-objective-reasons,constructive,3,84,74,92,87,95,75,84,material warrant or verification step compressed,v4-closed-findings-adapter
162,craig-kagan-god-morality-2009,William Lane Craig vs Shelly Kagan: Is God Necessary for Morality?,non_theist,con,Shelly Kagan,con-rational-contract-duty,constructive,3,80,72,87,87,75,85,81,material warrant or verification step compressed,v4-closed-findings-adapter
162,craig-kagan-god-morality-2009,William Lane Craig vs Shelly Kagan: Is God Necessary for Morality?,non_theist,con,Shelly Kagan,con-no-personal-lawgiver-required,constructive,3,81,78,90,87,95,89,85,material warrant or verification step compressed,v4-closed-findings-adapter
162,craig-kagan-god-morality-2009,William Lane Craig vs Shelly Kagan: Is God Necessary for Morality?,theist,pro,William Lane Craig,pro-objective-value-divine-nature,reply,3,72,65,95,87,75,61,77,assertion/anecdote/authority/speculation carries substantial weight,v4-closed-findings-adapter
162,craig-kagan-god-morality-2009,William Lane Craig vs Shelly Kagan: Is God Necessary for Morality?,theist,pro,William Lane Craig,pro-duty-divine-lawgiver,reply,3,69,63,95,87,85,60,76,assertion/anecdote/authority/speculation carries substantial weight,v4-closed-findings-adapter
162,craig-kagan-god-morality-2009,William Lane Craig vs Shelly Kagan: Is God Necessary for Morality?,non_theist,con,Shelly Kagan,con-reflective-agency-responsibility,reply,3,84,78,97,87,95,88,87,material warrant or verification step compressed,v4-closed-findings-adapter
162,craig-kagan-god-morality-2009,William Lane Craig vs Shelly Kagan: Is God Necessary for Morality?,non_theist,con,Shelly Kagan,con-rational-capacity-suffices,reply,3,76,71,96,87,75,77,81,material warrant or verification step compressed,v4-closed-findings-adapter
162,craig-kagan-god-morality-2009,William Lane Craig vs Shelly Kagan: Is God Necessary for Morality?,theist,pro,William Lane Craig,pro-capacities-need-value-ground,reply,3,87,81,98,87,95,91,89,stronger support,v4-closed-findings-adapter
162,craig-kagan-god-morality-2009,William Lane Craig vs Shelly Kagan: Is God Necessary for Morality?,theist,pro,William Lane Craig,pro-extinction-undermines-significance,reply,3,59,61,55,87,75,58,64,assertion/anecdote/authority/speculation carries substantial weight,v4-closed-findings-adapter
162,craig-kagan-god-morality-2009,William Lane Craig vs Shelly Kagan: Is God Necessary for Morality?,non_theist,con,Shelly Kagan,con-finite-suffering-objectively-matters,reply,3,91,87,99,87,95,93,92,stronger support,v4-closed-findings-adapter
162,craig-kagan-god-morality-2009,William Lane Craig vs Shelly Kagan: Is God Necessary for Morality?,theist,pro,William Lane Craig,pro-accountability-aligns-prudence,reply,2,62,59,55,69,75,58,62,assertion/anecdote/authority/speculation carries substantial weight,v4-closed-findings-adapter
162,craig-kagan-god-morality-2009,William Lane Craig vs Shelly Kagan: Is God Necessary for Morality?,non_theist,con,Shelly Kagan,con-morality-over-prudence,reply,2,92,83,98,69,95,93,88,stronger support,v4-closed-findings-adapter
162,craig-kagan-god-morality-2009,William Lane Craig vs Shelly Kagan: Is God Necessary for Morality?,non_theist,con,Shelly Kagan,con-contract-condemns-atrocity,reply,2,79,71,96,69,95,78,81,material warrant or verification step compressed,v4-closed-findings-adapter
162,craig-kagan-god-morality-2009,William Lane Craig vs Shelly Kagan: Is God Necessary for Morality?,theist,pro,William Lane Craig,pro-atrocities-transcendent-criticism,reply,2,65,61,56,68,95,59,65,assertion/anecdote/authority/speculation carries substantial weight,v4-closed-findings-adapter
162,craig-kagan-god-morality-2009,William Lane Craig vs Shelly Kagan: Is God Necessary for Morality?,non_theist,con,Shelly Kagan,con-salvation-accountability-tension,reply,2,88,79,98,87,95,91,89,material warrant or verification step compressed,v4-closed-findings-adapter
162,craig-kagan-god-morality-2009,William Lane Craig vs Shelly Kagan: Is God Necessary for Morality?,theist,pro,William Lane Craig,pro-salvation-preserves-justice,reply,2,79,71,98,87,95,88,85,material warrant or verification step compressed,v4-closed-findings-adapter
162,craig-kagan-god-morality-2009,William Lane Craig vs Shelly Kagan: Is God Necessary for Morality?,theist,pro,William Lane Craig,pro-disagreement-access-not-truth,constructive,2,88,78,88,69,95,90,84,material warrant or verification step compressed,v4-closed-findings-adapter
162,craig-kagan-god-morality-2009,William Lane Craig vs Shelly Kagan: Is God Necessary for Morality?,non_theist,con,Shelly Kagan,con-reflective-moral-progress,reply,2,81,72,97,69,75,83,80,material warrant or verification step compressed,v4-closed-findings-adapter
162,craig-kagan-god-morality-2009,William Lane Craig vs Shelly Kagan: Is God Necessary for Morality?,non_theist,con,Shelly Kagan,con-finite-love-genuine-value,reply,3,93,86,99,87,95,94,92,stronger support,v4-closed-findings-adapter
163,craig-draper-existence-of-god-1997,William Lane Craig vs Paul Draper: The Existence of God,theist,pro,William Lane Craig,pro-cosmic-beginning-personal-cause,constructive,3,75,72,84,87,75,71,78,material warrant or verification step compressed,v4-closed-findings-adapter
163,craig-draper-existence-of-god-1997,William Lane Craig vs Paul Draper: The Existence of God,theist,pro,William Lane Craig,pro-fine-tuning-design-inference,constructive,3,83,78,88,87,85,79,83,material warrant or verification step compressed,v4-closed-findings-adapter
163,craig-draper-existence-of-god-1997,William Lane Craig vs Paul Draper: The Existence of God,theist,pro,William Lane Craig,pro-objective-morality-requires-god,constructive,3,74,69,91,87,75,74,78,assertion/anecdote/authority/speculation carries substantial weight,v4-closed-findings-adapter
163,craig-draper-existence-of-god-1997,William Lane Craig vs Paul Draper: The Existence of God,theist,pro,William Lane Craig,pro-resurrection-historical-case,constructive,3,81,73,86,87,85,74,81,material warrant or verification step compressed,v4-closed-findings-adapter
163,craig-draper-existence-of-god-1997,William Lane Craig vs Paul Draper: The Existence of God,non_theist,con,Paul Draper,con-comparative-cumulative-likelihood,constructive,3,91,85,94,87,95,85,90,stronger support,v4-closed-findings-adapter
163,craig-draper-existence-of-god-1997,William Lane Craig vs Paul Draper: The Existence of God,non_theist,con,Paul Draper,con-absence-superior-theist-conduct,constructive,2,79,66,86,99,75,77,80,assertion/anecdote/authority/speculation carries substantial weight,v4-closed-findings-adapter
163,craig-draper-existence-of-god-1997,William Lane Craig vs Paul Draper: The Existence of God,non_theist,con,Paul Draper,con-mind-brain-dependence,constructive,3,77,75,91,87,75,75,81,material warrant or verification step compressed,v4-closed-findings-adapter
163,craig-draper-existence-of-god-1997,William Lane Craig vs Paul Draper: The Existence of God,non_theist,con,Paul Draper,con-evolution-comparative-expectation,constructive,3,86,80,93,87,95,89,88,stronger support,v4-closed-findings-adapter
163,craig-draper-existence-of-god-1997,William Lane Craig vs Paul Draper: The Existence of God,non_theist,con,Paul Draper,con-uncompensated-tragedy,constructive,3,89,80,92,87,95,83,88,stronger support,v4-closed-findings-adapter
163,craig-draper-existence-of-god-1997,William Lane Craig vs Paul Draper: The Existence of God,non_theist,con,Paul Draper,con-absent-divine-comfort,constructive,3,88,74,90,87,75,83,84,material warrant or verification step compressed,v4-closed-findings-adapter
163,craig-draper-existence-of-god-1997,William Lane Craig vs Paul Draper: The Existence of God,non_theist,con,Paul Draper,con-unclear-revelation-about-jesus,constructive,3,85,76,90,87,85,83,84,material warrant or verification step compressed,v4-closed-findings-adapter
163,craig-draper-existence-of-god-1997,William Lane Craig vs Paul Draper: The Existence of God,theist,pro,William Lane Craig,pro-evolution-intelligent-design,reply,3,70,56,98,87,75,59,75,assertion/anecdote/authority/speculation carries substantial weight,v4-closed-findings-adapter
163,craig-draper-existence-of-god-1997,William Lane Craig vs Paul Draper: The Existence of God,theist,pro,William Lane Craig,pro-suffering-theistic-reasons,reply,3,76,68,73,87,75,73,75,assertion/anecdote/authority/speculation carries substantial weight,v4-closed-findings-adapter
163,craig-draper-existence-of-god-1997,William Lane Craig vs Paul Draper: The Existence of God,theist,pro,William Lane Craig,pro-jesus-unique-revelation,reply,3,80,70,97,87,85,74,82,material warrant or verification step compressed,v4-closed-findings-adapter
163,craig-draper-existence-of-god-1997,William Lane Craig vs Paul Draper: The Existence of God,non_theist,con,Paul Draper,con-compatibility-insufficient,reply,3,93,85,99,87,95,91,92,stronger support,v4-closed-findings-adapter
163,craig-draper-existence-of-god-1997,William Lane Craig vs Paul Draper: The Existence of God,non_theist,con,Paul Draper,con-cosmic-beginning-limited-support,reply,3,79,74,98,87,95,86,85,material warrant or verification step compressed,v4-closed-findings-adapter
163,craig-draper-existence-of-god-1997,William Lane Craig vs Paul Draper: The Existence of God,non_theist,con,Paul Draper,con-necessary-objective-moral-truths,reply,3,76,68,97,87,75,73,80,assertion/anecdote/authority/speculation carries substantial weight,v4-closed-findings-adapter
163,craig-draper-existence-of-god-1997,William Lane Craig vs Paul Draper: The Existence of God,theist,pro,William Lane Craig,pro-experience-cumulative-confirmation,reply,2,82,67,71,68,95,86,76,assertion/anecdote/authority/speculation carries substantial weight,v4-closed-findings-adapter
163,craig-draper-existence-of-god-1997,William Lane Craig vs Paul Draper: The Existence of God,theist,pro,William Lane Craig,pro-moral-disagreement-compatible-objectivity,reply,2,86,74,54,68,95,90,76,material warrant or verification step compressed,v4-closed-findings-adapter
164,craig-wielenberg-god-morality-2018,William Lane Craig vs Erik Wielenberg: God and Morality,theist,pro,William Lane Craig,pro-divine-nature-ground,constructive,3,85,77,93,100,95,75,87,material warrant or verification step compressed,v4-closed-findings-adapter
164,craig-wielenberg-god-morality-2018,William Lane Craig vs Erik Wielenberg: God and Morality,theist,pro,William Lane Craig,pro-abstract-ontology-objection,constructive,2,79,69,84,87,85,71,79,assertion/anecdote/authority/speculation carries substantial weight,v4-closed-findings-adapter
164,craig-wielenberg-god-morality-2018,William Lane Craig vs Erik Wielenberg: God and Morality,theist,pro,William Lane Craig,pro-moral-supervenience-objection,constructive,3,65,63,86,87,75,58,72,assertion/anecdote/authority/speculation carries substantial weight,v4-closed-findings-adapter
164,craig-wielenberg-god-morality-2018,William Lane Craig vs Erik Wielenberg: God and Morality,theist,pro,William Lane Craig,pro-decisive-reasons-objection,constructive,3,73,72,90,87,95,68,80,material warrant or verification step compressed,v4-closed-findings-adapter
164,craig-wielenberg-god-morality-2018,William Lane Craig vs Erik Wielenberg: God and Morality,theist,pro,William Lane Craig,pro-enduring-agent-objection,constructive,3,60,59,88,87,75,56,71,assertion/anecdote/authority/speculation carries substantial weight,v4-closed-findings-adapter
164,craig-wielenberg-god-morality-2018,William Lane Craig vs Erik Wielenberg: God and Morality,theist,pro,William Lane Craig,pro-evolutionary-reliability-objection,constructive,3,68,62,88,87,75,59,73,assertion/anecdote/authority/speculation carries substantial weight,v4-closed-findings-adapter
164,craig-wielenberg-god-morality-2018,William Lane Craig vs Erik Wielenberg: God and Morality,non_theist,con,Erik Wielenberg,con-irreducible-intrinsic-value,constructive,3,84,77,93,100,95,74,87,material warrant or verification step compressed,v4-closed-findings-adapter
164,craig-wielenberg-god-morality-2018,William Lane Craig vs Erik Wielenberg: God and Morality,non_theist,con,Erik Wielenberg,con-explanatory-parity,reply,3,83,80,96,87,75,89,85,stronger support,v4-closed-findings-adapter
164,craig-wielenberg-god-morality-2018,William Lane Craig vs Erik Wielenberg: God and Morality,non_theist,con,Erik Wielenberg,con-mental-causation-under-closure,reply,3,94,86,99,87,95,92,92,stronger support,v4-closed-findings-adapter
164,craig-wielenberg-god-morality-2018,William Lane Craig vs Erik Wielenberg: God and Morality,non_theist,con,Erik Wielenberg,con-supererogation-permission,reply,3,85,79,73,87,95,89,83,material warrant or verification step compressed,v4-closed-findings-adapter
164,craig-wielenberg-god-morality-2018,William Lane Craig vs Erik Wielenberg: God and Morality,non_theist,con,Erik Wielenberg,con-plural-sources-of-duty,reply,3,80,74,98,87,95,73,84,material warrant or verification step compressed,v4-closed-findings-adapter
164,craig-wielenberg-god-morality-2018,William Lane Craig vs Erik Wielenberg: God and Morality,non_theist,con,Erik Wielenberg,con-unapprehended-command-scope,reply,3,80,74,98,69,95,73,82,material warrant or verification step compressed,v4-closed-findings-adapter
164,craig-wielenberg-god-morality-2018,William Lane Craig vs Erik Wielenberg: God and Morality,non_theist,con,Erik Wielenberg,con-foreknown-command-rationale,reply,2,67,67,98,69,95,58,75,assertion/anecdote/authority/speculation carries substantial weight,v4-closed-findings-adapter
164,craig-wielenberg-god-morality-2018,William Lane Craig vs Erik Wielenberg: God and Morality,theist,pro,William Lane Craig,pro-command-hierarchy-duty,reply,3,88,80,99,87,95,89,89,stronger support,v4-closed-findings-adapter
164,craig-wielenberg-god-morality-2018,William Lane Craig vs Erik Wielenberg: God and Morality,theist,pro,William Lane Craig,pro-nonbeliever-command-scope,reply,3,85,71,98,69,95,69,82,material warrant or verification step compressed,v4-closed-findings-adapter
164,craig-wielenberg-god-morality-2018,William Lane Craig vs Erik Wielenberg: God and Morality,theist,pro,William Lane Craig,pro-command-accountability-purpose,reply,2,79,73,99,69,95,73,81,material warrant or verification step compressed,v4-closed-findings-adapter
164,craig-wielenberg-god-morality-2018,William Lane Craig vs Erik Wielenberg: God and Morality,non_theist,con,Erik Wielenberg,con-evolved-faculty-reliability,reply,3,76,73,73,87,75,72,76,material warrant or verification step compressed,v4-closed-findings-adapter
164,craig-wielenberg-god-morality-2018,William Lane Craig vs Erik Wielenberg: God and Morality,non_theist,con,Erik Wielenberg,con-abductive-normative-realism,constructive,3,79,68,86,99,95,85,83,assertion/anecdote/authority/speculation carries substantial weight,v4-closed-findings-adapter
164,craig-wielenberg-god-morality-2018,William Lane Craig vs Erik Wielenberg: God and Morality,theist,pro,William Lane Craig,pro-god-goodness-paradigm,reply,3,79,72,73,87,85,72,78,material warrant or verification step compressed,v4-closed-findings-adapter
164,craig-wielenberg-god-morality-2018,William Lane Craig vs Erik Wielenberg: God and Morality,non_theist,con,Erik Wielenberg,con-worship-worthiness-normativity,reply,3,91,85,99,87,95,92,91,stronger support,v4-closed-findings-adapter
165,craig-rosenberg-faith-god-reasonable-2013,William Lane Craig vs Alex Rosenberg: Is Faith in God Reasonable?,theist,pro,William Lane Craig,pro-cosmic-cause,constructive,3,75,71,84,88,75,75,78,material warrant or verification step compressed,v4-closed-findings-adapter
165,craig-rosenberg-faith-god-reasonable-2013,William Lane Craig vs Alex Rosenberg: Is Faith in God Reasonable?,theist,pro,William Lane Craig,pro-fine-tuning-design,constructive,3,80,71,87,88,85,76,81,material warrant or verification step compressed,v4-closed-findings-adapter
165,craig-rosenberg-faith-god-reasonable-2013,William Lane Craig vs Alex Rosenberg: Is Faith in God Reasonable?,theist,pro,William Lane Craig,pro-intentional-minds,constructive,3,67,66,87,88,75,62,74,assertion/anecdote/authority/speculation carries substantial weight,v4-closed-findings-adapter
165,craig-rosenberg-faith-god-reasonable-2013,William Lane Craig vs Alex Rosenberg: Is Faith in God Reasonable?,theist,pro,William Lane Craig,pro-objective-moral-ground,constructive,3,72,61,82,88,85,60,74,assertion/anecdote/authority/speculation carries substantial weight,v4-closed-findings-adapter
165,craig-rosenberg-faith-god-reasonable-2013,William Lane Craig vs Alex Rosenberg: Is Faith in God Reasonable?,theist,pro,William Lane Craig,pro-resurrection-inference,constructive,2,75,66,83,71,85,75,75,assertion/anecdote/authority/speculation carries substantial weight,v4-closed-findings-adapter
165,craig-rosenberg-faith-god-reasonable-2013,William Lane Craig vs Alex Rosenberg: Is Faith in God Reasonable?,non_theist,con,Alex Rosenberg,con-quantum-indeterminacy,reply,3,71,69,72,88,75,60,73,assertion/anecdote/authority/speculation carries substantial weight,v4-closed-findings-adapter
165,craig-rosenberg-faith-god-reasonable-2013,William Lane Craig vs Alex Rosenberg: Is Faith in God Reasonable?,non_theist,con,Alex Rosenberg,con-euthyphro-alternatives,reply,2,82,75,98,71,95,79,83,material warrant or verification step compressed,v4-closed-findings-adapter
165,craig-rosenberg-faith-god-reasonable-2013,William Lane Craig vs Alex Rosenberg: Is Faith in God Reasonable?,non_theist,con,Alex Rosenberg,con-miracle-testimony,reply,2,77,67,72,71,75,70,72,assertion/anecdote/authority/speculation carries substantial weight,v4-closed-findings-adapter
165,craig-rosenberg-faith-god-reasonable-2013,William Lane Craig vs Alex Rosenberg: Is Faith in God Reasonable?,non_theist,con,Alex Rosenberg,con-logical-evil,constructive,3,59,59,79,88,75,56,69,assertion/anecdote/authority/speculation carries substantial weight,v4-closed-findings-adapter
165,craig-rosenberg-faith-god-reasonable-2013,William Lane Craig vs Alex Rosenberg: Is Faith in God Reasonable?,theist,pro,William Lane Craig,pro-morally-sufficient-reasons,reply,3,91,83,99,88,95,90,91,stronger support,v4-closed-findings-adapter
165,craig-rosenberg-faith-god-reasonable-2013,William Lane Craig vs Alex Rosenberg: Is Faith in God Reasonable?,theist,pro,William Lane Craig,pro-naturalism-reductio,reply,3,67,65,57,86,60,59,66,assertion/anecdote/authority/speculation carries substantial weight,v4-closed-findings-adapter
165,craig-rosenberg-faith-god-reasonable-2013,William Lane Craig vs Alex Rosenberg: Is Faith in God Reasonable?,theist,pro,William Lane Craig,pro-quantum-vacuum-distinction,reply,3,89,80,99,88,95,90,90,stronger support,v4-closed-findings-adapter
165,craig-rosenberg-faith-god-reasonable-2013,William Lane Craig vs Alex Rosenberg: Is Faith in God Reasonable?,non_theist,con,Alex Rosenberg,con-parallel-scientific-implications,reply,3,88,78,98,88,95,91,89,material warrant or verification step compressed,v4-closed-findings-adapter
165,craig-rosenberg-faith-god-reasonable-2013,William Lane Craig vs Alex Rosenberg: Is Faith in God Reasonable?,theist,pro,William Lane Craig,pro-free-worlds-defense,reply,3,87,77,98,88,95,93,89,material warrant or verification step compressed,v4-closed-findings-adapter
165,craig-rosenberg-faith-god-reasonable-2013,William Lane Craig vs Alex Rosenberg: Is Faith in God Reasonable?,non_theist,con,Alex Rosenberg,con-quantum-cosmic-extension,reply,3,69,66,97,87,75,60,76,assertion/anecdote/authority/speculation carries substantial weight,v4-closed-findings-adapter
165,craig-rosenberg-faith-god-reasonable-2013,William Lane Craig vs Alex Rosenberg: Is Faith in God Reasonable?,non_theist,con,Alex Rosenberg,con-free-right-action,reply,3,69,64,98,88,75,68,77,assertion/anecdote/authority/speculation carries substantial weight,v4-closed-findings-adapter
165,craig-rosenberg-faith-god-reasonable-2013,William Lane Craig vs Alex Rosenberg: Is Faith in God Reasonable?,non_theist,con,Alex Rosenberg,con-predictive-indispensability,reply,3,64,63,97,88,60,59,73,assertion/anecdote/authority/speculation carries substantial weight,v4-closed-findings-adapter
165,craig-rosenberg-faith-god-reasonable-2013,William Lane Craig vs Alex Rosenberg: Is Faith in God Reasonable?,non_theist,con,Alex Rosenberg,con-evolved-cooperation,reply,3,80,73,71,87,75,77,77,material warrant or verification step compressed,v4-closed-findings-adapter
165,craig-rosenberg-faith-god-reasonable-2013,William Lane Craig vs Alex Rosenberg: Is Faith in God Reasonable?,theist,pro,William Lane Craig,pro-divine-nature-ground,reply,2,82,74,98,71,95,94,84,material warrant or verification step compressed,v4-closed-findings-adapter
165,craig-rosenberg-faith-god-reasonable-2013,William Lane Craig vs Alex Rosenberg: Is Faith in God Reasonable?,theist,pro,William Lane Craig,pro-theoretical-virtues,reply,2,89,81,99,72,95,93,88,stronger support,v4-closed-findings-adapter
165,craig-rosenberg-faith-god-reasonable-2013,William Lane Craig vs Alex Rosenberg: Is Faith in God Reasonable?,non_theist,con,Alex Rosenberg,con-causal-information-transfer,reply,3,73,69,97,88,75,74,80,assertion/anecdote/authority/speculation carries substantial weight,v4-closed-findings-adapter
166,craig-atkins-does-god-exist-2011,William Lane Craig vs Peter Atkins: Does God Exist?,theist,pro,William Lane Craig,pro-cosmic-finite-past-personal-cause,constructive,3,78,74,93,87,75,75,81,material warrant or verification step compressed,v4-closed-findings-adapter
166,craig-atkins-does-god-exist-2011,William Lane Craig vs Peter Atkins: Does God Exist?,theist,pro,William Lane Craig,pro-morality-objective-values-divine-ground,constructive,3,79,69,90,87,85,75,81,assertion/anecdote/authority/speculation carries substantial weight,v4-closed-findings-adapter
166,craig-atkins-does-god-exist-2011,William Lane Craig vs Peter Atkins: Does God Exist?,theist,pro,William Lane Craig,pro-resurrection-historical-facts-inference,constructive,3,80,71,89,87,85,75,81,material warrant or verification step compressed,v4-closed-findings-adapter
166,craig-atkins-does-god-exist-2011,William Lane Craig vs Peter Atkins: Does God Exist?,non_theist,con,Peter Atkins,con-method-c004-simpler-natural-explanations,constructive,3,64,54,78,99,60,68,70,assertion/anecdote/authority/speculation carries substantial weight,v4-closed-findings-adapter
166,craig-atkins-does-god-exist-2011,William Lane Craig vs Peter Atkins: Does God Exist?,non_theist,con,Peter Atkins,con-cosmos-c005-causality-arises-with-universe,reply,3,73,68,98,87,75,71,79,assertion/anecdote/authority/speculation carries substantial weight,v4-closed-findings-adapter
166,craig-atkins-does-god-exist-2011,William Lane Craig vs Peter Atkins: Does God Exist?,non_theist,con,Peter Atkins,con-resurrection-c008-no-reliable-miracle,reply,3,67,55,73,87,75,59,69,assertion/anecdote/authority/speculation carries substantial weight,v4-closed-findings-adapter
166,craig-atkins-does-god-exist-2011,William Lane Craig vs Peter Atkins: Does God Exist?,non_theist,con,Peter Atkins,con-suffering-c009-evil-evidence-against-god,reply,3,77,72,56,87,85,71,74,material warrant or verification step compressed,v4-closed-findings-adapter
166,craig-atkins-does-god-exist-2011,William Lane Craig vs Peter Atkins: Does God Exist?,non_theist,con,Peter Atkins,con-morality-c010-evolutionary-social-origin,reply,3,69,65,70,87,75,67,72,assertion/anecdote/authority/speculation carries substantial weight,v4-closed-findings-adapter
166,craig-atkins-does-god-exist-2011,William Lane Craig vs Peter Atkins: Does God Exist?,theist,pro,William Lane Craig,pro-evil-logical-compatibility,reply,2,89,71,71,69,95,78,78,material warrant or verification step compressed,v4-closed-findings-adapter
166,craig-atkins-does-god-exist-2011,William Lane Craig vs Peter Atkins: Does God Exist?,theist,pro,William Lane Craig,pro-cosmic-nothing-zero-energy-cause,reply,3,79,71,97,87,85,75,82,material warrant or verification step compressed,v4-closed-findings-adapter
166,craig-atkins-does-god-exist-2011,William Lane Craig vs Peter Atkins: Does God Exist?,non_theist,con,Peter Atkins,con-cosmos-c03-infinite-universe-sequence,reply,3,73,65,72,87,95,80,76,assertion/anecdote/authority/speculation carries substantial weight,v4-closed-findings-adapter
166,craig-atkins-does-god-exist-2011,William Lane Craig vs Peter Atkins: Does God Exist?,non_theist,con,Peter Atkins,con-resurrection-c06-extraordinary-evidence-absent,reply,3,67,53,98,87,75,57,73,assertion/anecdote/authority/speculation carries substantial weight,v4-closed-findings-adapter
166,craig-atkins-does-god-exist-2011,William Lane Craig vs Peter Atkins: Does God Exist?,theist,pro,William Lane Craig,pro-morality-evolution-validity-distinction,reply,3,85,77,99,87,95,81,87,material warrant or verification step compressed,v4-closed-findings-adapter
166,craig-atkins-does-god-exist-2011,William Lane Craig vs Peter Atkins: Does God Exist?,theist,pro,William Lane Craig,pro-resurrection-probability-explanation,reply,3,83,74,73,87,85,79,80,material warrant or verification step compressed,v4-closed-findings-adapter
166,craig-atkins-does-god-exist-2011,William Lane Craig vs Peter Atkins: Does God Exist?,non_theist,con,Peter Atkins,con-method-c10-evidence-over-faith,reply,2,60,53,69,68,75,54,63,assertion/anecdote/authority/speculation carries substantial weight,v4-closed-findings-adapter
166,craig-atkins-does-god-exist-2011,William Lane Craig vs Peter Atkins: Does God Exist?,theist,pro,William Lane Craig,pro-method-science-neutral-premise,reply,2,90,82,98,69,95,93,88,stronger support,v4-closed-findings-adapter
167,craig-shook-existence-god-2008,William Lane Craig vs John Shook: The Existence of God,theist,pro,William Lane Craig,pro-cosmic-beginning-transcendent-personal-cause,constructive,3,76,75,90,87,75,77,80,material warrant or verification step compressed,v4-closed-findings-adapter
167,craig-shook-existence-god-2008,William Lane Craig vs John Shook: The Existence of God,theist,pro,William Lane Craig,pro-fine-tuning-design-inference,constructive,3,79,73,88,87,75,73,80,material warrant or verification step compressed,v4-closed-findings-adapter
167,craig-shook-existence-god-2008,William Lane Craig vs John Shook: The Existence of God,theist,pro,William Lane Craig,pro-objective-morality-divine-ground,constructive,3,68,64,86,87,75,62,74,assertion/anecdote/authority/speculation carries substantial weight,v4-closed-findings-adapter
167,craig-shook-existence-god-2008,William Lane Craig vs John Shook: The Existence of God,theist,pro,William Lane Craig,pro-resurrection-best-explanation,constructive,3,76,61,88,87,85,64,77,assertion/anecdote/authority/speculation carries substantial weight,v4-closed-findings-adapter
167,craig-shook-existence-god-2008,William Lane Craig vs John Shook: The Existence of God,theist,pro,William Lane Craig,pro-immediate-experience-of-god,constructive,1,71,58,83,68,75,70,71,assertion/anecdote/authority/speculation carries substantial weight,v4-closed-findings-adapter
167,craig-shook-existence-god-2008,William Lane Craig vs John Shook: The Existence of God,non_theist,con,John Shook,con-naturalism-evidential-restraint,constructive,3,83,79,91,87,95,89,86,material warrant or verification step compressed,v4-closed-findings-adapter
167,craig-shook-existence-god-2008,William Lane Craig vs John Shook: The Existence of God,non_theist,con,John Shook,con-timeless-personhood-and-natural-alternatives,reply,3,81,74,98,87,95,90,86,material warrant or verification step compressed,v4-closed-findings-adapter
167,craig-shook-existence-god-2008,William Lane Craig vs John Shook: The Existence of God,non_theist,con,John Shook,con-hostile-universe-theological-flexibility,reply,2,75,68,98,68,75,72,77,assertion/anecdote/authority/speculation carries substantial weight,v4-closed-findings-adapter
167,craig-shook-existence-god-2008,William Lane Craig vs John Shook: The Existence of God,non_theist,con,John Shook,con-objective-not-absolute-morality,reply,3,86,79,98,87,95,90,88,material warrant or verification step compressed,v4-closed-findings-adapter
167,craig-shook-existence-god-2008,William Lane Craig vs John Shook: The Existence of God,theist,pro,William Lane Craig,pro-naturalism-burden-challenge,reply,2,58,62,72,68,75,58,65,assertion/anecdote/authority/speculation carries substantial weight,v4-closed-findings-adapter
167,craig-shook-existence-god-2008,William Lane Craig vs John Shook: The Existence of God,non_theist,con,John Shook,con-nature-without-supernatural-bridge,constructive,3,78,70,90,100,75,74,81,material warrant or verification step compressed,v4-closed-findings-adapter
167,craig-shook-existence-god-2008,William Lane Craig vs John Shook: The Existence of God,non_theist,con,John Shook,con-unknown-life-probability-space,reply,3,84,77,98,87,95,90,88,material warrant or verification step compressed,v4-closed-findings-adapter
167,craig-shook-existence-god-2008,William Lane Craig vs John Shook: The Existence of God,non_theist,con,John Shook,con-collective-human-moral-objectivity,reply,3,72,73,98,87,75,73,80,material warrant or verification step compressed,v4-closed-findings-adapter
167,craig-shook-existence-god-2008,William Lane Craig vs John Shook: The Existence of God,non_theist,con,John Shook,con-resurrection-corroboration-and-alternatives,reply,3,73,70,98,87,85,72,81,material warrant or verification step compressed,v4-closed-findings-adapter
167,craig-shook-existence-god-2008,William Lane Craig vs John Shook: The Existence of God,theist,pro,William Lane Craig,pro-moral-ontology-not-knowledge,reply,3,84,68,99,87,95,79,85,assertion/anecdote/authority/speculation carries substantial weight,v4-closed-findings-adapter
167,craig-shook-existence-god-2008,William Lane Craig vs John Shook: The Existence of God,theist,pro,William Lane Craig,pro-new-testament-historical-criteria,reply,3,82,70,95,87,85,67,82,material warrant or verification step compressed,v4-closed-findings-adapter
167,craig-shook-existence-god-2008,William Lane Craig vs John Shook: The Existence of God,theist,pro,William Lane Craig,pro-beginning-falsifies-naturalism,reply,3,65,66,72,87,60,63,69,assertion/anecdote/authority/speculation carries substantial weight,v4-closed-findings-adapter
167,craig-shook-existence-god-2008,William Lane Craig vs John Shook: The Existence of God,theist,pro,William Lane Craig,pro-fine-tuning-excludes-alternative-life,reply,3,71,69,72,87,75,61,73,assertion/anecdote/authority/speculation carries substantial weight,v4-closed-findings-adapter
167,craig-shook-existence-god-2008,William Lane Craig vs John Shook: The Existence of God,non_theist,con,John Shook,con-miracle-testimony-corroboration,reply,2,78,68,73,87,75,74,76,assertion/anecdote/authority/speculation carries substantial weight,v4-closed-findings-adapter
167,craig-shook-existence-god-2008,William Lane Craig vs John Shook: The Existence of God,theist,pro,William Lane Craig,pro-deductive-inference-form,reply,2,87,72,95,69,75,76,81,material warrant or verification step compressed,v4-closed-findings-adapter
167,craig-shook-existence-god-2008,William Lane Craig vs John Shook: The Existence of God,non_theist,con,John Shook,con-conflicting-religious-experiences,reply,2,84,78,76,69,85,79,79,material warrant or verification step compressed,v4-closed-findings-adapter
168,craig-krauss-evidence-god-2012,William Lane Craig vs Lawrence Krauss: Is There Evidence for God?,theist,pro,William Lane Craig,pro-cumulative-probability-standard,constructive,3,86,77,90,100,95,75,87,material warrant or verification step compressed,v4-closed-findings-adapter
168,craig-krauss-evidence-god-2012,William Lane Craig vs Lawrence Krauss: Is There Evidence for God?,theist,pro,William Lane Craig,pro-contingency-necessary-cause,constructive,3,78,72,89,87,85,75,81,material warrant or verification step compressed,v4-closed-findings-adapter
168,craig-krauss-evidence-god-2012,William Lane Craig vs Lawrence Krauss: Is There Evidence for God?,theist,pro,William Lane Craig,pro-cosmic-beginning-cause,constructive,3,82,77,93,87,85,75,84,material warrant or verification step compressed,v4-closed-findings-adapter
168,craig-krauss-evidence-god-2012,William Lane Craig vs Lawrence Krauss: Is There Evidence for God?,theist,pro,William Lane Craig,pro-fine-tuning-design,constructive,3,82,78,93,87,85,79,84,material warrant or verification step compressed,v4-closed-findings-adapter
168,craig-krauss-evidence-god-2012,William Lane Craig vs Lawrence Krauss: Is There Evidence for God?,theist,pro,William Lane Craig,pro-objective-morality-ground,constructive,3,70,68,91,87,75,49,75,assertion/anecdote/authority/speculation carries substantial weight,v4-closed-findings-adapter
168,craig-krauss-evidence-god-2012,William Lane Craig vs Lawrence Krauss: Is There Evidence for God?,theist,pro,William Lane Craig,pro-resurrection-core-facts,constructive,3,77,71,92,87,85,68,80,material warrant or verification step compressed,v4-closed-findings-adapter
168,craig-krauss-evidence-god-2012,William Lane Craig vs Lawrence Krauss: Is There Evidence for God?,non_theist,con,Lawrence Krauss,con-affirmative-empirical-burden,reply,3,83,70,97,100,75,70,84,material warrant or verification step compressed,v4-closed-findings-adapter
168,craig-krauss-evidence-god-2012,William Lane Craig vs Lawrence Krauss: Is There Evidence for God?,non_theist,con,Lawrence Krauss,con-extraordinary-divine-evidence-standard,reply,3,78,70,97,69,85,73,79,material warrant or verification step compressed,v4-closed-findings-adapter
168,craig-krauss-evidence-god-2012,William Lane Craig vs Lawrence Krauss: Is There Evidence for God?,non_theist,con,Lawrence Krauss,con-infinity-intuition-challenge,reply,2,66,73,95,86,75,59,76,material warrant or verification step compressed,v4-closed-findings-adapter
168,craig-krauss-evidence-god-2012,William Lane Craig vs Lawrence Krauss: Is There Evidence for God?,non_theist,con,Lawrence Krauss,con-contingency-gap-objection,reply,3,78,68,97,86,75,81,81,assertion/anecdote/authority/speculation carries substantial weight,v4-closed-findings-adapter
168,craig-krauss-evidence-god-2012,William Lane Craig vs Lawrence Krauss: Is There Evidence for God?,non_theist,con,Lawrence Krauss,con-eternal-multiverse-first-cause-alternative,reply,3,80,74,96,87,95,87,85,material warrant or verification step compressed,v4-closed-findings-adapter
168,craig-krauss-evidence-god-2012,William Lane Craig vs Lawrence Krauss: Is There Evidence for God?,non_theist,con,Lawrence Krauss,con-moral-independence-dilemma,reply,3,85,78,98,87,95,83,87,material warrant or verification step compressed,v4-closed-findings-adapter
168,craig-krauss-evidence-god-2012,William Lane Craig vs Lawrence Krauss: Is There Evidence for God?,theist,pro,William Lane Craig,pro-beginning-infinity-quantum-defense,reply,3,78,78,98,87,85,63,83,material warrant or verification step compressed,v4-closed-findings-adapter
168,craig-krauss-evidence-god-2012,William Lane Craig vs Lawrence Krauss: Is There Evidence for God?,non_theist,con,Lawrence Krauss,con-physical-fine-tuning-alternatives,reply,3,78,75,97,87,75,79,82,material warrant or verification step compressed,v4-closed-findings-adapter
168,craig-krauss-evidence-god-2012,William Lane Craig vs Lawrence Krauss: Is There Evidence for God?,theist,pro,William Lane Craig,pro-multiverse-fine-tuning-defense,reply,3,84,75,98,87,85,80,85,material warrant or verification step compressed,v4-closed-findings-adapter
168,craig-krauss-evidence-god-2012,William Lane Craig vs Lawrence Krauss: Is There Evidence for God?,theist,pro,William Lane Craig,pro-necessary-divine-character,reply,3,82,71,98,87,95,73,84,material warrant or verification step compressed,v4-closed-findings-adapter
168,craig-krauss-evidence-god-2012,William Lane Craig vs Lawrence Krauss: Is There Evidence for God?,non_theist,con,Lawrence Krauss,con-natural-moral-understanding,reply,2,75,71,71,86,75,80,76,material warrant or verification step compressed,v4-closed-findings-adapter
168,craig-krauss-evidence-god-2012,William Lane Craig vs Lawrence Krauss: Is There Evidence for God?,non_theist,con,Lawrence Krauss,con-dynamical-fine-tuning-and-purpose,reply,3,76,77,97,87,75,66,81,material warrant or verification step compressed,v4-closed-findings-adapter
168,craig-krauss-evidence-god-2012,William Lane Craig vs Lawrence Krauss: Is There Evidence for God?,non_theist,con,Lawrence Krauss,con-resurrection-testimony-error,reply,3,76,68,94,87,85,72,80,assertion/anecdote/authority/speculation carries substantial weight,v4-closed-findings-adapter
168,craig-krauss-evidence-god-2012,William Lane Craig vs Lawrence Krauss: Is There Evidence for God?,non_theist,con,Lawrence Krauss,con-ordinary-resurrection-explanations,reply,3,80,71,73,87,95,85,80,material warrant or verification step compressed,v4-closed-findings-adapter
168,craig-krauss-evidence-god-2012,William Lane Craig vs Lawrence Krauss: Is There Evidence for God?,theist,pro,William Lane Craig,pro-resurrection-comparative-explanation,reply,3,82,74,98,87,85,67,83,material warrant or verification step compressed,v4-closed-findings-adapter
168,craig-krauss-evidence-god-2012,William Lane Craig vs Lawrence Krauss: Is There Evidence for God?,theist,pro,William Lane Craig,pro-necessary-terminus,reply,3,82,68,98,87,85,71,82,assertion/anecdote/authority/speculation carries substantial weight,v4-closed-findings-adapter
168,craig-krauss-evidence-god-2012,William Lane Craig vs Lawrence Krauss: Is There Evidence for God?,non_theist,con,Lawrence Krauss,con-natural-necessary-terminus,reply,3,67,69,97,87,75,71,78,assertion/anecdote/authority/speculation carries substantial weight,v4-closed-findings-adapter
168,craig-krauss-evidence-god-2012,William Lane Craig vs Lawrence Krauss: Is There Evidence for God?,theist,pro,William Lane Craig,pro-broad-evidence-scope,reply,3,84,73,98,100,95,70,87,material warrant or verification step compressed,v4-closed-findings-adapter
169,lennox-krauss-universe-god-question-2013,"John Lennox vs Lawrence Krauss: Science, the Universe, and the God Question",theist,pro,John Lennox,pro-explanatory-levels-how-and-why,constructive,3,80,69,85,87,85,79,80,assertion/anecdote/authority/speculation carries substantial weight,v4-closed-findings-adapter
169,lennox-krauss-universe-god-question-2013,"John Lennox vs Lawrence Krauss: Science, the Universe, and the God Question",non_theist,con,Lawrence Krauss,con-purpose-presupposition,reply,3,84,76,98,87,75,80,84,material warrant or verification step compressed,v4-closed-findings-adapter
169,lennox-krauss-universe-god-question-2013,"John Lennox vs Lawrence Krauss: Science, the Universe, and the God Question",theist,pro,John Lennox,pro-intelligibility-and-reliable-reason,reply,3,64,55,57,87,75,60,65,assertion/anecdote/authority/speculation carries substantial weight,v4-closed-findings-adapter
169,lennox-krauss-universe-god-question-2013,"John Lennox vs Lawrence Krauss: Science, the Universe, and the God Question",non_theist,con,Lawrence Krauss,con-evolved-minds-tested-reasoning,reply,3,88,83,73,69,85,87,81,stronger support,v4-closed-findings-adapter
169,lennox-krauss-universe-god-question-2013,"John Lennox vs Lawrence Krauss: Science, the Universe, and the God Question",non_theist,con,Lawrence Krauss,con-hostile-cosmos-against-human-centered-design,reply,2,84,74,72,69,95,81,78,material warrant or verification step compressed,v4-closed-findings-adapter
169,lennox-krauss-universe-god-question-2013,"John Lennox vs Lawrence Krauss: Science, the Universe, and the God Question",theist,pro,John Lennox,pro-value-not-measured-by-scale,reply,2,76,64,71,68,85,70,72,assertion/anecdote/authority/speculation carries substantial weight,v4-closed-findings-adapter
169,lennox-krauss-universe-god-question-2013,"John Lennox vs Lawrence Krauss: Science, the Universe, and the God Question",theist,pro,John Lennox,pro-miracles-and-regular-nature,reply,2,68,54,9,68,75,58,53,assertion/anecdote/authority/speculation carries substantial weight,v4-closed-findings-adapter
169,lennox-krauss-universe-god-question-2013,"John Lennox vs Lawrence Krauss: Science, the Universe, and the God Question",non_theist,con,Lawrence Krauss,con-miracles-require-testable-evidence,reply,2,83,71,99,87,75,76,83,material warrant or verification step compressed,v4-closed-findings-adapter
169,lennox-krauss-universe-god-question-2013,"John Lennox vs Lawrence Krauss: Science, the Universe, and the God Question",non_theist,con,Lawrence Krauss,con-fine-tuning-selection-and-nonoptimization,reply,3,83,77,69,87,95,89,81,material warrant or verification step compressed,v4-closed-findings-adapter
169,lennox-krauss-universe-god-question-2013,"John Lennox vs Lawrence Krauss: Science, the Universe, and the God Question",theist,pro,John Lennox,pro-anthropic-condition-not-explanation,reply,3,82,69,73,87,85,79,78,assertion/anecdote/authority/speculation carries substantial weight,v4-closed-findings-adapter
169,lennox-krauss-universe-god-question-2013,"John Lennox vs Lawrence Krauss: Science, the Universe, and the God Question",non_theist,con,Lawrence Krauss,con-life-not-guiding-purpose,reply,3,86,80,72,87,95,91,84,stronger support,v4-closed-findings-adapter
169,lennox-krauss-universe-god-question-2013,"John Lennox vs Lawrence Krauss: Science, the Universe, and the God Question",theist,pro,John Lennox,pro-comprehensibility-points-to-creator,reply,3,76,67,71,87,95,79,77,assertion/anecdote/authority/speculation carries substantial weight,v4-closed-findings-adapter
169,lennox-krauss-universe-god-question-2013,"John Lennox vs Lawrence Krauss: Science, the Universe, and the God Question",non_theist,con,Lawrence Krauss,con-local-genetic-code-not-cosmic-principle,reply,2,85,76,71,86,95,91,82,material warrant or verification step compressed,v4-closed-findings-adapter
169,lennox-krauss-universe-god-question-2013,"John Lennox vs Lawrence Krauss: Science, the Universe, and the God Question",non_theist,con,Lawrence Krauss,con-physically-plausible-cosmic-emergence,constructive,3,82,75,88,87,75,90,83,material warrant or verification step compressed,v4-closed-findings-adapter
169,lennox-krauss-universe-god-question-2013,"John Lennox vs Lawrence Krauss: Science, the Universe, and the God Question",theist,pro,John Lennox,pro-physical-nothing-not-absolute-nothing,reply,3,88,84,99,87,95,77,89,stronger support,v4-closed-findings-adapter
169,lennox-krauss-universe-god-question-2013,"John Lennox vs Lawrence Krauss: Science, the Universe, and the God Question",non_theist,con,Lawrence Krauss,con-physical-falsifiable-evidence-standard,constructive,3,88,81,92,87,85,81,86,stronger support,v4-closed-findings-adapter
169,lennox-krauss-universe-god-question-2013,"John Lennox vs Lawrence Krauss: Science, the Universe, and the God Question",non_theist,con,Lawrence Krauss,con-no-evidential-need-for-divine-cause,reply,3,88,72,97,100,95,92,90,material warrant or verification step compressed,v4-closed-findings-adapter
169,lennox-krauss-universe-god-question-2013,"John Lennox vs Lawrence Krauss: Science, the Universe, and the God Question",theist,pro,John Lennox,pro-cumulative-christian-evidence,reply,2,79,58,97,69,85,71,77,assertion/anecdote/authority/speculation carries substantial weight,v4-closed-findings-adapter
170,singer-lennox-is-there-god-2011,Peter Singer vs John Lennox: Is There a God?,theist,pro,John Lennox,pro-science-fine-tuning-creation,constructive,3,75,69,82,87,75,75,77,assertion/anecdote/authority/speculation carries substantial weight,v4-closed-findings-adapter
170,singer-lennox-is-there-god-2011,Peter Singer vs John Lennox: Is There a God?,theist,pro,John Lennox,pro-reliable-reason-theistic-ground,constructive,3,67,60,84,87,75,59,72,assertion/anecdote/authority/speculation carries substantial weight,v4-closed-findings-adapter
170,singer-lennox-is-there-god-2011,Peter Singer vs John Lennox: Is There a God?,theist,pro,John Lennox,pro-divine-ground-morality-equality,constructive,3,64,57,81,87,75,58,70,assertion/anecdote/authority/speculation carries substantial weight,v4-closed-findings-adapter
170,singer-lennox-is-there-god-2011,Peter Singer vs John Lennox: Is There a God?,theist,pro,John Lennox,pro-resurrection-biblical-god-bridge,constructive,3,82,57,88,100,95,68,81,assertion/anecdote/authority/speculation carries substantial weight,v4-closed-findings-adapter
170,singer-lennox-is-there-god-2011,Peter Singer vs John Lennox: Is There a God?,non_theist,con,Peter Singer,con-first-cause-parity,reply,2,84,77,98,86,95,88,87,material warrant or verification step compressed,v4-closed-findings-adapter
170,singer-lennox-is-there-god-2011,Peter Singer vs John Lennox: Is There a God?,non_theist,con,Peter Singer,con-evolution-explains-design,reply,3,89,87,98,87,95,92,91,stronger support,v4-closed-findings-adapter
170,singer-lennox-is-there-god-2011,Peter Singer vs John Lennox: Is There a God?,non_theist,con,Peter Singer,con-faith-needs-evidence,reply,2,72,69,58,68,60,54,65,assertion/anecdote/authority/speculation carries substantial weight,v4-closed-findings-adapter
170,singer-lennox-is-there-god-2011,Peter Singer vs John Lennox: Is There a God?,non_theist,con,Peter Singer,con-cultural-contingency-of-belief,reply,2,86,75,59,69,95,94,78,material warrant or verification step compressed,v4-closed-findings-adapter
170,singer-lennox-is-there-god-2011,Peter Singer vs John Lennox: Is There a God?,non_theist,con,Peter Singer,con-natural-suffering-against-god,reply,3,91,84,57,87,95,93,83,stronger support,v4-closed-findings-adapter
170,singer-lennox-is-there-god-2011,Peter Singer vs John Lennox: Is There a God?,theist,pro,John Lennox,pro-christian-faith-evidence-commitment,reply,2,85,71,99,69,95,80,83,material warrant or verification step compressed,v4-closed-findings-adapter
170,singer-lennox-is-there-god-2011,Peter Singer vs John Lennox: Is There a God?,non_theist,con,Peter Singer,con-resurrection-evidence-insufficient,reply,3,89,82,99,100,95,91,92,stronger support,v4-closed-findings-adapter
170,singer-lennox-is-there-god-2011,Peter Singer vs John Lennox: Is There a God?,theist,pro,John Lennox,pro-miracle-natural-law-coherence,reply,2,89,74,73,69,95,89,80,material warrant or verification step compressed,v4-closed-findings-adapter
170,singer-lennox-is-there-god-2011,Peter Singer vs John Lennox: Is There a God?,theist,pro,John Lennox,pro-primary-mind-worldview-explanation,reply,3,75,61,59,86,85,73,71,assertion/anecdote/authority/speculation carries substantial weight,v4-closed-findings-adapter
170,singer-lennox-is-there-god-2011,Peter Singer vs John Lennox: Is There a God?,theist,pro,John Lennox,pro-suffering-christian-hope-response,reply,3,63,55,71,87,75,75,69,assertion/anecdote/authority/speculation carries substantial weight,v4-closed-findings-adapter
170,singer-lennox-is-there-god-2011,Peter Singer vs John Lennox: Is There a God?,non_theist,con,Peter Singer,con-secular-response-to-suffering,reply,3,89,80,99,87,95,91,90,stronger support,v4-closed-findings-adapter
170,singer-lennox-is-there-god-2011,Peter Singer vs John Lennox: Is There a God?,theist,pro,John Lennox,pro-divine-solidarity-eternal-compensation,reply,3,77,64,73,87,75,68,74,assertion/anecdote/authority/speculation carries substantial weight,v4-closed-findings-adapter
170,singer-lennox-is-there-god-2011,Peter Singer vs John Lennox: Is There a God?,non_theist,con,Peter Singer,con-objective-secular-morality,reply,3,88,82,98,87,95,91,90,stronger support,v4-closed-findings-adapter
170,singer-lennox-is-there-god-2011,Peter Singer vs John Lennox: Is There a God?,non_theist,con,Peter Singer,con-self-authored-human-purpose,constructive,2,87,78,84,69,95,91,83,material warrant or verification step compressed,v4-closed-findings-adapter
170,singer-lennox-is-there-god-2011,Peter Singer vs John Lennox: Is There a God?,theist,pro,John Lennox,pro-created-human-worth-purpose,reply,3,79,61,72,87,75,64,73,assertion/anecdote/authority/speculation carries substantial weight,v4-closed-findings-adapter
170,singer-lennox-is-there-god-2011,Peter Singer vs John Lennox: Is There a God?,non_theist,con,Peter Singer,con-new-testament-authority-undermined,reply,3,79,73,98,100,75,75,84,material warrant or verification step compressed,v4-closed-findings-adapter
171,hitchens-blair-religion-force-good-2010,Christopher Hitchens vs Tony Blair: Is Religion a Force for Good in the World?,non_theist,con,Christopher Hitchens,con-punitive-supernatural-authority,constructive,3,82,69,87,87,75,79,80,assertion/anecdote/authority/speculation carries substantial weight,v4-closed-findings-adapter
171,hitchens-blair-religion-force-good-2010,Christopher Hitchens vs Tony Blair: Is Religion a Force for Good in the World?,non_theist,con,Christopher Hitchens,con-credulity-doctrinal-harm,constructive,3,82,71,87,87,75,77,80,material warrant or verification step compressed,v4-closed-findings-adapter
171,hitchens-blair-religion-force-good-2010,Christopher Hitchens vs Tony Blair: Is Religion a Force for Good in the World?,non_theist,con,Christopher Hitchens,con-religious-commitments-material-harms,constructive,3,84,73,90,99,75,80,84,material warrant or verification step compressed,v4-closed-findings-adapter
171,hitchens-blair-religion-force-good-2010,Christopher Hitchens vs Tony Blair: Is Religion a Force for Good in the World?,theist,pro,Tony Blair,pro-service-faith-health-relief,reply,3,84,78,57,87,85,75,77,material warrant or verification step compressed,v4-closed-findings-adapter
171,hitchens-blair-religion-force-good-2010,Christopher Hitchens vs Tony Blair: Is Religion a Force for Good in the World?,theist,pro,Tony Blair,pro-net-faith-perversion-counterfactual,reply,3,67,59,95,99,75,62,76,assertion/anecdote/authority/speculation carries substantial weight,v4-closed-findings-adapter
171,hitchens-blair-religion-force-good-2010,Christopher Hitchens vs Tony Blair: Is Religion a Force for Good in the World?,non_theist,con,Christopher Hitchens,con-secular-womens-empowerment,reply,2,83,73,71,86,75,75,77,material warrant or verification step compressed,v4-closed-findings-adapter
171,hitchens-blair-religion-force-good-2010,Christopher Hitchens vs Tony Blair: Is Religion a Force for Good in the World?,non_theist,con,Christopher Hitchens,con-charity-does-not-offset-doctrinal-harm,reply,3,87,65,98,87,95,74,84,assertion/anecdote/authority/speculation carries substantial weight,v4-closed-findings-adapter
171,hitchens-blair-religion-force-good-2010,Christopher Hitchens vs Tony Blair: Is Religion a Force for Good in the World?,theist,pro,Tony Blair,pro-net-wrongdoing-not-unique,reply,3,81,74,95,99,95,90,87,material warrant or verification step compressed,v4-closed-findings-adapter
171,hitchens-blair-religion-force-good-2010,Christopher Hitchens vs Tony Blair: Is Religion a Force for Good in the World?,non_theist,con,Christopher Hitchens,con-benefits-reducible-to-humanism,reply,3,90,76,99,87,95,83,88,material warrant or verification step compressed,v4-closed-findings-adapter
171,hitchens-blair-religion-force-good-2010,Christopher Hitchens vs Tony Blair: Is Religion a Force for Good in the World?,theist,pro,Tony Blair,pro-service-faith-motivates-aid,reply,3,86,78,95,87,95,92,88,material warrant or verification step compressed,v4-closed-findings-adapter
171,hitchens-blair-religion-force-good-2010,Christopher Hitchens vs Tony Blair: Is Religion a Force for Good in the World?,theist,pro,Tony Blair,pro-conflict-authentic-faith-bridges-divides,reply,3,83,71,96,87,75,91,84,material warrant or verification step compressed,v4-closed-findings-adapter
171,hitchens-blair-religion-force-good-2010,Christopher Hitchens vs Tony Blair: Is Religion a Force for Good in the World?,non_theist,con,Christopher Hitchens,con-northern-ireland-sectarian-burden,reply,3,90,77,99,87,95,84,89,material warrant or verification step compressed,v4-closed-findings-adapter
171,hitchens-blair-religion-force-good-2010,Christopher Hitchens vs Tony Blair: Is Religion a Force for Good in the World?,non_theist,con,Christopher Hitchens,con-separation-enables-pluralism,reply,2,88,83,70,69,85,75,79,stronger support,v4-closed-findings-adapter
171,hitchens-blair-religion-force-good-2010,Christopher Hitchens vs Tony Blair: Is Religion a Force for Good in the World?,theist,pro,Tony Blair,pro-authority-democratic-religious-participation,reply,2,90,74,97,69,95,95,86,material warrant or verification step compressed,v4-closed-findings-adapter
171,hitchens-blair-religion-force-good-2010,Christopher Hitchens vs Tony Blair: Is Religion a Force for Good in the World?,non_theist,con,Christopher Hitchens,con-revelation-breaches-private-boundary,reply,3,75,69,98,87,75,70,80,assertion/anecdote/authority/speculation carries substantial weight,v4-closed-findings-adapter
171,hitchens-blair-religion-force-good-2010,Christopher Hitchens vs Tony Blair: Is Religion a Force for Good in the World?,theist,pro,Tony Blair,pro-conflict-interfaith-sacred-disputes,constructive,3,87,72,87,87,95,85,85,material warrant or verification step compressed,v4-closed-findings-adapter
171,hitchens-blair-religion-force-good-2010,Christopher Hitchens vs Tony Blair: Is Religion a Force for Good in the World?,theist,pro,Tony Blair,pro-scripture-historical-interpretation,reply,3,76,65,96,87,75,85,80,assertion/anecdote/authority/speculation carries substantial weight,v4-closed-findings-adapter
171,hitchens-blair-religion-force-good-2010,Christopher Hitchens vs Tony Blair: Is Religion a Force for Good in the World?,non_theist,con,Christopher Hitchens,con-transcendence-without-supernaturalism,reply,2,90,80,98,69,95,94,87,stronger support,v4-closed-findings-adapter
171,hitchens-blair-religion-force-good-2010,Christopher Hitchens vs Tony Blair: Is Religion a Force for Good in the World?,theist,pro,Tony Blair,pro-meaning-humility-obligation-forgiveness,reply,2,84,70,96,69,95,82,82,material warrant or verification step compressed,v4-closed-findings-adapter
171,hitchens-blair-religion-force-good-2010,Christopher Hitchens vs Tony Blair: Is Religion a Force for Good in the World?,non_theist,con,Christopher Hitchens,con-good-adherents-do-not-vindicate-doctrine,reply,3,88,78,99,100,95,95,91,material warrant or verification step compressed,v4-closed-findings-adapter
171,hitchens-blair-religion-force-good-2010,Christopher Hitchens vs Tony Blair: Is Religion a Force for Good in the World?,theist,pro,Tony Blair,pro-authority-repression-not-unique,reply,2,83,80,95,87,95,91,87,stronger support,v4-closed-findings-adapter
171,hitchens-blair-religion-force-good-2010,Christopher Hitchens vs Tony Blair: Is Religion a Force for Good in the World?,theist,pro,Tony Blair,pro-meaning-purpose-beyond-process,reply,2,76,62,72,69,95,89,75,assertion/anecdote/authority/speculation carries substantial weight,v4-closed-findings-adapter
172,hitchens-mcgrath-religious-belief-2007,Christopher Hitchens vs Alister McGrath: Poison or Cure? Religious Belief in the Modern World,non_theist,con,Christopher Hitchens,con-scripture-sacrifice-01,constructive,3,80,70,85,87,85,70,80,material warrant or verification step compressed,v4-closed-findings-adapter
172,hitchens-mcgrath-religious-belief-2007,Christopher Hitchens vs Alister McGrath: Poison or Cure? Religious Belief in the Modern World,non_theist,con,Christopher Hitchens,con-coercive-authority-01,constructive,3,81,74,87,87,75,64,79,material warrant or verification step compressed,v4-closed-findings-adapter
172,hitchens-mcgrath-religious-belief-2007,Christopher Hitchens vs Alister McGrath: Poison or Cure? Religious Belief in the Modern World,non_theist,con,Christopher Hitchens,con-consolation-moral-agency-01,constructive,2,79,68,80,86,75,69,77,assertion/anecdote/authority/speculation carries substantial weight,v4-closed-findings-adapter
172,hitchens-mcgrath-religious-belief-2007,Christopher Hitchens vs Alister McGrath: Poison or Cure? Religious Belief in the Modern World,non_theist,con,Christopher Hitchens,con-natural-history-revelation-01,constructive,3,84,80,90,87,85,74,84,stronger support,v4-closed-findings-adapter
172,hitchens-mcgrath-religious-belief-2007,Christopher Hitchens vs Alister McGrath: Poison or Cure? Religious Belief in the Modern World,non_theist,con,Christopher Hitchens,con-religious-abasement-anthropocentrism-01,constructive,2,74,64,78,86,60,60,72,assertion/anecdote/authority/speculation carries substantial weight,v4-closed-findings-adapter
172,hitchens-mcgrath-religious-belief-2007,Christopher Hitchens vs Alister McGrath: Poison or Cure? Religious Belief in the Modern World,theist,pro,Alister McGrath,pro-intellectual-conversion-not-wish-fulfillment,reply,1,80,65,72,67,95,85,75,assertion/anecdote/authority/speculation carries substantial weight,v4-closed-findings-adapter
172,hitchens-mcgrath-religious-belief-2007,Christopher Hitchens vs Alister McGrath: Poison or Cure? Religious Belief in the Modern World,theist,pro,Alister McGrath,pro-nonviolent-christian-norm,reply,3,86,77,55,87,95,85,79,material warrant or verification step compressed,v4-closed-findings-adapter
172,hitchens-mcgrath-religious-belief-2007,Christopher Hitchens vs Alister McGrath: Poison or Cure? Religious Belief in the Modern World,theist,pro,Alister McGrath,pro-science-allows-worldview-interpretation,reply,3,82,71,56,87,95,76,76,material warrant or verification step compressed,v4-closed-findings-adapter
172,hitchens-mcgrath-religious-belief-2007,Christopher Hitchens vs Alister McGrath: Poison or Cure? Religious Belief in the Modern World,theist,pro,Alister McGrath,pro-transcendent-basis-for-morality,reply,3,75,67,94,87,75,89,80,assertion/anecdote/authority/speculation carries substantial weight,v4-closed-findings-adapter
172,hitchens-mcgrath-religious-belief-2007,Christopher Hitchens vs Alister McGrath: Poison or Cure? Religious Belief in the Modern World,non_theist,con,Christopher Hitchens,con-utility-truth-distinction-01,reply,2,93,84,55,69,95,85,79,stronger support,v4-closed-findings-adapter
172,hitchens-mcgrath-religious-belief-2007,Christopher Hitchens vs Alister McGrath: Poison or Cure? Religious Belief in the Modern World,non_theist,con,Christopher Hitchens,con-no-unique-religious-morality-01,reply,3,75,68,57,87,85,77,73,assertion/anecdote/authority/speculation carries substantial weight,v4-closed-findings-adapter
172,hitchens-mcgrath-religious-belief-2007,Christopher Hitchens vs Alister McGrath: Poison or Cure? Religious Belief in the Modern World,non_theist,con,Christopher Hitchens,con-secular-atrocity-comparison-01,reply,2,70,63,54,69,75,61,65,assertion/anecdote/authority/speculation carries substantial weight,v4-closed-findings-adapter
172,hitchens-mcgrath-religious-belief-2007,Christopher Hitchens vs Alister McGrath: Poison or Cure? Religious Belief in the Modern World,theist,pro,Alister McGrath,pro-wishful-thinking-motive-symmetry,reply,2,91,78,98,69,95,93,87,material warrant or verification step compressed,v4-closed-findings-adapter
172,hitchens-mcgrath-religious-belief-2007,Christopher Hitchens vs Alister McGrath: Poison or Cure? Religious Belief in the Modern World,theist,pro,Alister McGrath,pro-voluntary-transformative-sacrifice,reply,3,85,76,98,87,95,92,88,material warrant or verification step compressed,v4-closed-findings-adapter
172,hitchens-mcgrath-religious-belief-2007,Christopher Hitchens vs Alister McGrath: Poison or Cure? Religious Belief in the Modern World,non_theist,con,Christopher Hitchens,con-secular-moral-grounding-01,reply,3,79,75,97,87,95,77,84,material warrant or verification step compressed,v4-closed-findings-adapter
172,hitchens-mcgrath-religious-belief-2007,Christopher Hitchens vs Alister McGrath: Poison or Cure? Religious Belief in the Modern World,theist,pro,Alister McGrath,pro-science-and-transcendent-meaning,reply,3,86,74,55,87,95,90,79,material warrant or verification step compressed,v4-closed-findings-adapter
172,hitchens-mcgrath-religious-belief-2007,Christopher Hitchens vs Alister McGrath: Poison or Cure? Religious Belief in the Modern World,theist,pro,Alister McGrath,pro-christ-centered-progressive-revelation,reply,3,79,70,55,87,75,87,74,material warrant or verification step compressed,v4-closed-findings-adapter
172,hitchens-mcgrath-religious-belief-2007,Christopher Hitchens vs Alister McGrath: Poison or Cure? Religious Belief in the Modern World,theist,pro,Alister McGrath,pro-enemy-love-resists-dehumanization,reply,2,89,75,53,87,95,90,79,material warrant or verification step compressed,v4-closed-findings-adapter
172,hitchens-mcgrath-religious-belief-2007,Christopher Hitchens vs Alister McGrath: Poison or Cure? Religious Belief in the Modern World,non_theist,con,Christopher Hitchens,con-cosmology-revelation-gap-01,reply,3,91,83,99,88,95,92,91,stronger support,v4-closed-findings-adapter
175,oppy-pearce-is-there-a-god-2022,Graham Oppy vs Kenny Pearce: Is There a God?,non_theist,con,Graham Oppy,con-comparative-naturalistic-worldview,constructive,3,80,70,83,99,75,80,81,material warrant or verification step compressed,v4-closed-findings-adapter
175,oppy-pearce-is-there-a-god-2022,Graham Oppy vs Kenny Pearce: Is There a God?,non_theist,con,Graham Oppy,con-comparative-reasonable-judgment,constructive,2,90,78,87,68,95,93,85,material warrant or verification step compressed,v4-closed-findings-adapter
175,oppy-pearce-is-there-a-god-2022,Graham Oppy vs Kenny Pearce: Is There a God?,theist,pro,Kenny Pearce,pro-comparative-arguments-identify-advantages,reply,2,92,83,98,68,95,94,88,stronger support,v4-closed-findings-adapter
175,oppy-pearce-is-there-a-god-2022,Graham Oppy vs Kenny Pearce: Is There a God?,theist,pro,Kenny Pearce,pro-contingent-history-needs-free-ground,reply,3,79,69,98,87,95,80,84,assertion/anecdote/authority/speculation carries substantial weight,v4-closed-findings-adapter
175,oppy-pearce-is-there-a-god-2022,Graham Oppy vs Kenny Pearce: Is There a God?,theist,pro,Kenny Pearce,pro-creation-as-grounding,constructive,2,85,77,88,69,95,80,82,material warrant or verification step compressed,v4-closed-findings-adapter
175,oppy-pearce-is-there-a-god-2022,Graham Oppy vs Kenny Pearce: Is There a God?,non_theist,con,Graham Oppy,con-contingency-indeterministic-history,reply,3,87,78,99,87,95,89,89,material warrant or verification step compressed,v4-closed-findings-adapter
175,oppy-pearce-is-there-a-god-2022,Graham Oppy vs Kenny Pearce: Is There a God?,non_theist,con,Graham Oppy,con-ultimate-symmetric-necessity,reply,3,90,83,98,87,95,92,90,stronger support,v4-closed-findings-adapter
175,oppy-pearce-is-there-a-god-2022,Graham Oppy vs Kenny Pearce: Is There a God?,theist,pro,Kenny Pearce,pro-autonomous-definitional-terminus,reply,3,79,72,98,87,95,88,85,material warrant or verification step compressed,v4-closed-findings-adapter
175,oppy-pearce-is-there-a-god-2022,Graham Oppy vs Kenny Pearce: Is There a God?,theist,pro,Kenny Pearce,pro-essence-entails-existence,constructive,3,82,70,88,87,95,92,84,material warrant or verification step compressed,v4-closed-findings-adapter
175,oppy-pearce-is-there-a-god-2022,Graham Oppy vs Kenny Pearce: Is There a God?,non_theist,con,Graham Oppy,con-ultimate-natural-essence-candidate,reply,3,90,78,99,87,95,92,90,material warrant or verification step compressed,v4-closed-findings-adapter
175,oppy-pearce-is-there-a-god-2022,Graham Oppy vs Kenny Pearce: Is There a God?,theist,pro,Kenny Pearce,pro-default-trust-religious-experience,constructive,3,77,68,86,87,75,76,78,assertion/anecdote/authority/speculation carries substantial weight,v4-closed-findings-adapter
175,oppy-pearce-is-there-a-god-2022,Graham Oppy vs Kenny Pearce: Is There a God?,non_theist,con,Graham Oppy,con-experience-breadth-frequency-dilemma,reply,3,88,79,98,87,95,92,89,material warrant or verification step compressed,v4-closed-findings-adapter
175,oppy-pearce-is-there-a-god-2022,Graham Oppy vs Kenny Pearce: Is There a God?,theist,pro,Kenny Pearce,pro-quality-weighted-first-person-experience,reply,3,84,73,98,87,75,92,85,material warrant or verification step compressed,v4-closed-findings-adapter
175,oppy-pearce-is-there-a-god-2022,Graham Oppy vs Kenny Pearce: Is There a God?,non_theist,con,Graham Oppy,con-experience-faculty-calibration,reply,2,86,78,98,87,95,89,88,material warrant or verification step compressed,v4-closed-findings-adapter
175,oppy-pearce-is-there-a-god-2022,Graham Oppy vs Kenny Pearce: Is There a God?,non_theist,con,Graham Oppy,con-diversity-communicative-disorder,reply,3,83,76,98,87,85,83,85,material warrant or verification step compressed,v4-closed-findings-adapter
175,oppy-pearce-is-there-a-god-2022,Graham Oppy vs Kenny Pearce: Is There a God?,theist,pro,Kenny Pearce,pro-diversity-holistic-divine-purpose,reply,3,81,71,97,87,75,91,84,material warrant or verification step compressed,v4-closed-findings-adapter
175,oppy-pearce-is-there-a-god-2022,Graham Oppy vs Kenny Pearce: Is There a God?,non_theist,con,Graham Oppy,con-diversity-naturalistic-fit,reply,3,85,78,98,87,95,90,88,material warrant or verification step compressed,v4-closed-findings-adapter
175,oppy-pearce-is-there-a-god-2022,Graham Oppy vs Kenny Pearce: Is There a God?,theist,pro,Kenny Pearce,pro-isolated-tradition-genuine-interpretation,reply,2,78,62,96,86,75,90,81,assertion/anecdote/authority/speculation carries substantial weight,v4-closed-findings-adapter
176,ehrman-peter-williams-gospels-historically-reliable-2018,Bart Ehrman vs Peter J. Williams: Are the Gospels Historically Reliable?,non_theist,con,Bart Ehrman,con-transmission-oral-language-gap,constructive,3,87,80,84,87,95,85,86,stronger support,v4-closed-findings-adapter
176,ehrman-peter-williams-gospels-historically-reliable-2018,Bart Ehrman vs Peter J. Williams: Are the Gospels Historically Reliable?,non_theist,con,Bart Ehrman,con-provenance-decades-after-jesus,constructive,3,89,79,86,87,95,85,86,material warrant or verification step compressed,v4-closed-findings-adapter
176,ehrman-peter-williams-gospels-historically-reliable-2018,Bart Ehrman vs Peter J. Williams: Are the Gospels Historically Reliable?,theist,pro,Peter J. Williams,pro-authorship-local-provenance,reply,3,78,74,95,87,75,79,82,material warrant or verification step compressed,v4-closed-findings-adapter
176,ehrman-peter-williams-gospels-historically-reliable-2018,Bart Ehrman vs Peter J. Williams: Are the Gospels Historically Reliable?,theist,pro,Peter J. Williams,pro-prediction-dating,reply,2,84,73,94,69,95,89,83,material warrant or verification step compressed,v4-closed-findings-adapter
176,ehrman-peter-williams-gospels-historically-reliable-2018,Bart Ehrman vs Peter J. Williams: Are the Gospels Historically Reliable?,non_theist,con,Bart Ehrman,con-provenance-luke-source-access,constructive,3,91,81,84,87,95,92,88,stronger support,v4-closed-findings-adapter
176,ehrman-peter-williams-gospels-historically-reliable-2018,Bart Ehrman vs Peter J. Williams: Are the Gospels Historically Reliable?,theist,pro,Peter J. Williams,pro-four-gospels-palestinian-knowledge,reply,3,78,78,69,87,75,72,77,material warrant or verification step compressed,v4-closed-findings-adapter
176,ehrman-peter-williams-gospels-historically-reliable-2018,Bart Ehrman vs Peter J. Williams: Are the Gospels Historically Reliable?,non_theist,con,Bart Ehrman,con-context-setting-event-distinction,reply,3,94,86,99,69,95,81,88,stronger support,v4-closed-findings-adapter
176,ehrman-peter-williams-gospels-historically-reliable-2018,Bart Ehrman vs Peter J. Williams: Are the Gospels Historically Reliable?,non_theist,con,Bart Ehrman,con-context-details-can-survive-alteration,reply,3,83,70,99,87,75,69,82,material warrant or verification step compressed,v4-closed-findings-adapter
176,ehrman-peter-williams-gospels-historically-reliable-2018,Bart Ehrman vs Peter J. Williams: Are the Gospels Historically Reliable?,theist,pro,Peter J. Williams,pro-palestinian-name-patterns,reply,3,81,79,95,87,95,79,86,material warrant or verification step compressed,v4-closed-findings-adapter
176,ehrman-peter-williams-gospels-historically-reliable-2018,Bart Ehrman vs Peter J. Williams: Are the Gospels Historically Reliable?,non_theist,con,Bart Ehrman,con-discrepancy-judas-death-field,constructive,3,89,86,90,87,95,90,89,stronger support,v4-closed-findings-adapter
176,ehrman-peter-williams-gospels-historically-reliable-2018,Bart Ehrman vs Peter J. Williams: Are the Gospels Historically Reliable?,theist,pro,Peter J. Williams,pro-judas-compatible-sequence,reply,3,85,68,72,87,95,90,81,assertion/anecdote/authority/speculation carries substantial weight,v4-closed-findings-adapter
176,ehrman-peter-williams-gospels-historically-reliable-2018,Bart Ehrman vs Peter J. Williams: Are the Gospels Historically Reliable?,non_theist,con,Bart Ehrman,con-method-evidence-before-theology,reply,2,93,83,57,69,95,94,81,stronger support,v4-closed-findings-adapter
176,ehrman-peter-williams-gospels-historically-reliable-2018,Bart Ehrman vs Peter J. Williams: Are the Gospels Historically Reliable?,non_theist,con,Bart Ehrman,con-portrait-kingdom-to-divine-identity,reply,3,84,82,57,87,95,82,80,stronger support,v4-closed-findings-adapter
176,ehrman-peter-williams-gospels-historically-reliable-2018,Bart Ehrman vs Peter J. Williams: Are the Gospels Historically Reliable?,theist,pro,Peter J. Williams,pro-mark-exalted-portrait,reply,3,87,85,95,87,85,92,89,stronger support,v4-closed-findings-adapter
176,ehrman-peter-williams-gospels-historically-reliable-2018,Bart Ehrman vs Peter J. Williams: Are the Gospels Historically Reliable?,non_theist,con,Bart Ehrman,con-portrait-narrator-versus-self-claims,reply,3,95,89,99,87,95,95,93,stronger support,v4-closed-findings-adapter
176,ehrman-peter-williams-gospels-historically-reliable-2018,Bart Ehrman vs Peter J. Williams: Are the Gospels Historically Reliable?,theist,pro,Peter J. Williams,pro-johannine-synoptic-continuity,reply,3,82,78,97,87,95,81,86,material warrant or verification step compressed,v4-closed-findings-adapter
176,ehrman-peter-williams-gospels-historically-reliable-2018,Bart Ehrman vs Peter J. Williams: Are the Gospels Historically Reliable?,theist,pro,Peter J. Williams,pro-tradition-literary-integrity,reply,2,74,67,97,86,75,62,78,assertion/anecdote/authority/speculation carries substantial weight,v4-closed-findings-adapter
176,ehrman-peter-williams-gospels-historically-reliable-2018,Bart Ehrman vs Peter J. Williams: Are the Gospels Historically Reliable?,theist,pro,Peter J. Williams,pro-naturalism-method-bias,reply,2,84,58,98,68,75,77,78,assertion/anecdote/authority/speculation carries substantial weight,v4-closed-findings-adapter
176,ehrman-peter-williams-gospels-historically-reliable-2018,Bart Ehrman vs Peter J. Williams: Are the Gospels Historically Reliable?,non_theist,con,Bart Ehrman,con-method-revisable-historical-beliefs,reply,2,91,76,56,69,95,91,78,material warrant or verification step compressed,v4-closed-findings-adapter
176,ehrman-peter-williams-gospels-historically-reliable-2018,Bart Ehrman vs Peter J. Williams: Are the Gospels Historically Reliable?,theist,pro,Peter J. Williams,pro-cumulative-historical-trust,constructive,3,78,70,84,100,75,79,81,material warrant or verification step compressed,v4-closed-findings-adapter
177,ehrman-wallace-trust-text-new-testament-2011,Bart Ehrman vs Daniel B. Wallace: Can We Trust the Text of the New Testament?,non_theist,con,Bart Ehrman,con-early-gap-lost-copying,constructive,3,88,84,92,87,95,85,88,stronger support,v4-closed-findings-adapter
177,ehrman-wallace-trust-text-new-testament-2011,Bart Ehrman vs Daniel B. Wallace: Can We Trust the Text of the New Testament?,non_theist,con,Bart Ehrman,con-abundance-late-witnesses,constructive,2,86,81,86,69,95,85,83,stronger support,v4-closed-findings-adapter
177,ehrman-wallace-trust-text-new-testament-2011,Bart Ehrman vs Daniel B. Wallace: Can We Trust the Text of the New Testament?,non_theist,con,Bart Ehrman,con-variant-scale-uncounted,constructive,1,77,76,76,86,75,75,78,material warrant or verification step compressed,v4-closed-findings-adapter
177,ehrman-wallace-trust-text-new-testament-2011,Bart Ehrman vs Daniel B. Wallace: Can We Trust the Text of the New Testament?,non_theist,con,Bart Ehrman,con-variant-scale-most-accidental,constructive,2,91,84,86,87,95,85,88,stronger support,v4-closed-findings-adapter
177,ehrman-wallace-trust-text-new-testament-2011,Bart Ehrman vs Daniel B. Wallace: Can We Trust the Text of the New Testament?,non_theist,con,Bart Ehrman,con-intentional-important-changes,constructive,3,79,69,83,87,75,85,79,assertion/anecdote/authority/speculation carries substantial weight,v4-closed-findings-adapter
177,ehrman-wallace-trust-text-new-testament-2011,Bart Ehrman vs Daniel B. Wallace: Can We Trust the Text of the New Testament?,non_theist,con,Bart Ehrman,con-substantial-later-additions,constructive,3,88,84,89,87,95,85,88,stronger support,v4-closed-findings-adapter
177,ehrman-wallace-trust-text-new-testament-2011,Bart Ehrman vs Daniel B. Wallace: Can We Trust the Text of the New Testament?,theist,pro,Daniel B. Wallace,pro-standard-relative-confidence,reply,3,85,73,98,100,75,92,87,material warrant or verification step compressed,v4-closed-findings-adapter
177,ehrman-wallace-trust-text-new-testament-2011,Bart Ehrman vs Daniel B. Wallace: Can We Trust the Text of the New Testament?,theist,pro,Daniel B. Wallace,pro-variants-from-abundance,reply,2,83,83,98,87,95,87,88,stronger support,v4-closed-findings-adapter
177,ehrman-wallace-trust-text-new-testament-2011,Bart Ehrman vs Daniel B. Wallace: Can We Trust the Text of the New Testament?,theist,pro,Daniel B. Wallace,pro-early-witness-coverage,reply,3,83,78,73,87,95,80,82,material warrant or verification step compressed,v4-closed-findings-adapter
177,ehrman-wallace-trust-text-new-testament-2011,Bart Ehrman vs Daniel B. Wallace: Can We Trust the Text of the New Testament?,theist,pro,Daniel B. Wallace,pro-late-witness-limited-growth,reply,2,78,71,73,68,75,72,73,material warrant or verification step compressed,v4-closed-findings-adapter
177,ehrman-wallace-trust-text-new-testament-2011,Bart Ehrman vs Daniel B. Wallace: Can We Trust the Text of the New Testament?,theist,pro,Daniel B. Wallace,pro-most-variants-insignificant,reply,3,89,79,99,87,75,82,87,material warrant or verification step compressed,v4-closed-findings-adapter
177,ehrman-wallace-trust-text-new-testament-2011,Bart Ehrman vs Daniel B. Wallace: Can We Trust the Text of the New Testament?,theist,pro,Daniel B. Wallace,pro-meaningful-viable-minority,reply,3,93,83,99,87,95,95,92,stronger support,v4-closed-findings-adapter
177,ehrman-wallace-trust-text-new-testament-2011,Bart Ehrman vs Daniel B. Wallace: Can We Trust the Text of the New Testament?,theist,pro,Daniel B. Wallace,pro-core-beliefs-unaffected,reply,2,74,67,71,86,75,80,75,assertion/anecdote/authority/speculation carries substantial weight,v4-closed-findings-adapter
177,ehrman-wallace-trust-text-new-testament-2011,Bart Ehrman vs Daniel B. Wallace: Can We Trust the Text of the New Testament?,theist,pro,Daniel B. Wallace,pro-written-branching-checks,reply,3,88,80,99,87,85,85,88,stronger support,v4-closed-findings-adapter
177,ehrman-wallace-trust-text-new-testament-2011,Bart Ehrman vs Daniel B. Wallace: Can We Trust the Text of the New Testament?,theist,pro,Daniel B. Wallace,pro-p75-vaticanus-ancestor,constructive,3,83,81,90,69,95,75,82,stronger support,v4-closed-findings-adapter
177,ehrman-wallace-trust-text-new-testament-2011,Bart Ehrman vs Daniel B. Wallace: Can We Trust the Text of the New Testament?,theist,pro,Daniel B. Wallace,pro-original-among-readings,constructive,3,80,74,84,87,95,75,82,material warrant or verification step compressed,v4-closed-findings-adapter
177,ehrman-wallace-trust-text-new-testament-2011,Bart Ehrman vs Daniel B. Wallace: Can We Trust the Text of the New Testament?,theist,pro,Daniel B. Wallace,pro-descendant-comparison-reconstruction,reply,3,82,73,73,87,75,77,78,material warrant or verification step compressed,v4-closed-findings-adapter
177,ehrman-wallace-trust-text-new-testament-2011,Bart Ehrman vs Daniel B. Wallace: Can We Trust the Text of the New Testament?,non_theist,con,Bart Ehrman,con-ancestral-not-autographic,reply,3,96,83,99,87,95,95,92,stronger support,v4-closed-findings-adapter
177,ehrman-wallace-trust-text-new-testament-2011,Bart Ehrman vs Daniel B. Wallace: Can We Trust the Text of the New Testament?,non_theist,con,Bart Ehrman,con-comparative-abundance-limit,reply,3,96,86,99,87,95,96,93,stronger support,v4-closed-findings-adapter
177,ehrman-wallace-trust-text-new-testament-2011,Bart Ehrman vs Daniel B. Wallace: Can We Trust the Text of the New Testament?,non_theist,con,Bart Ehrman,con-probability-broad-continuity,reply,3,94,76,99,100,95,95,93,material warrant or verification step compressed,v4-closed-findings-adapter
177,ehrman-wallace-trust-text-new-testament-2011,Bart Ehrman vs Daniel B. Wallace: Can We Trust the Text of the New Testament?,non_theist,con,Bart Ehrman,con-trust-burden-early-copying,reply,3,88,72,99,69,95,81,84,material warrant or verification step compressed,v4-closed-findings-adapter
177,ehrman-wallace-trust-text-new-testament-2011,Bart Ehrman vs Daniel B. Wallace: Can We Trust the Text of the New Testament?,theist,pro,Daniel B. Wallace,pro-historical-probability-standard,reply,3,76,68,98,100,75,74,82,assertion/anecdote/authority/speculation carries substantial weight,v4-closed-findings-adapter
178,ehrman-licona-who-wrote-gospels-2025,Bart Ehrman vs Michael Licona: Who Wrote the Gospels?,theist,pro,Michael Licona,pro-external-diverse-early-testimony,constructive,3,81,75,94,87,85,75,83,material warrant or verification step compressed,v4-closed-findings-adapter
178,ehrman-licona-who-wrote-gospels-2025,Bart Ehrman vs Michael Licona: Who Wrote the Gospels?,theist,pro,Michael Licona,pro-internal-luke-acts-we-passages,constructive,3,79,74,87,87,95,76,82,material warrant or verification step compressed,v4-closed-findings-adapter
178,ehrman-licona-who-wrote-gospels-2025,Bart Ehrman vs Michael Licona: Who Wrote the Gospels?,theist,pro,Michael Licona,pro-internal-john-beloved-disciple,constructive,3,78,75,88,87,95,76,82,material warrant or verification step compressed,v4-closed-findings-adapter
178,ehrman-licona-who-wrote-gospels-2025,Bart Ehrman vs Michael Licona: Who Wrote the Gospels?,theist,pro,Michael Licona,pro-mediated-matthean-composition,constructive,3,74,68,91,87,75,75,78,assertion/anecdote/authority/speculation carries substantial weight,v4-closed-findings-adapter
178,ehrman-licona-who-wrote-gospels-2025,Bart Ehrman vs Michael Licona: Who Wrote the Gospels?,non_theist,con,Bart Ehrman,con-external-late-secure-attribution,constructive,3,87,83,93,87,85,84,87,stronger support,v4-closed-findings-adapter
178,ehrman-licona-who-wrote-gospels-2025,Bart Ehrman vs Michael Licona: Who Wrote the Gospels?,non_theist,con,Bart Ehrman,con-literacy-greek-composition-mismatch,constructive,3,79,78,94,87,75,72,82,material warrant or verification step compressed,v4-closed-findings-adapter
178,ehrman-licona-who-wrote-gospels-2025,Bart Ehrman vs Michael Licona: Who Wrote the Gospels?,non_theist,con,Bart Ehrman,con-naming-authority-mechanism,constructive,3,81,64,85,69,95,67,77,assertion/anecdote/authority/speculation carries substantial weight,v4-closed-findings-adapter
178,ehrman-licona-who-wrote-gospels-2025,Bart Ehrman vs Michael Licona: Who Wrote the Gospels?,theist,pro,Michael Licona,pro-literate-collaborators,reply,3,74,61,73,87,85,70,74,assertion/anecdote/authority/speculation carries substantial weight,v4-closed-findings-adapter
178,ehrman-licona-who-wrote-gospels-2025,Bart Ehrman vs Michael Licona: Who Wrote the Gospels?,non_theist,con,Bart Ehrman,con-internal-matthew-luke-underdetermination,reply,3,89,82,98,87,95,89,90,stronger support,v4-closed-findings-adapter
178,ehrman-licona-who-wrote-gospels-2025,Bart Ehrman vs Michael Licona: Who Wrote the Gospels?,theist,pro,Michael Licona,pro-obscure-names-against-invention,reply,2,82,74,99,69,95,71,82,material warrant or verification step compressed,v4-closed-findings-adapter
178,ehrman-licona-who-wrote-gospels-2025,Bart Ehrman vs Michael Licona: Who Wrote the Gospels?,non_theist,con,Bart Ehrman,con-mark-luke-natural-authority-names,reply,2,88,80,99,69,95,92,87,stronger support,v4-closed-findings-adapter
178,ehrman-licona-who-wrote-gospels-2025,Bart Ehrman vs Michael Licona: Who Wrote the Gospels?,non_theist,con,Bart Ehrman,con-unanimity-not-authenticity,reply,3,87,82,98,87,95,87,89,stronger support,v4-closed-findings-adapter
178,ehrman-licona-who-wrote-gospels-2025,Bart Ehrman vs Michael Licona: Who Wrote the Gospels?,theist,pro,Michael Licona,pro-biographical-anonymity-and-early-names,reply,3,83,77,72,69,95,88,79,material warrant or verification step compressed,v4-closed-findings-adapter
178,ehrman-licona-who-wrote-gospels-2025,Bart Ehrman vs Michael Licona: Who Wrote the Gospels?,non_theist,con,Bart Ehrman,con-internal-details-do-not-identify,reply,3,89,82,98,87,95,91,90,stronger support,v4-closed-findings-adapter
178,ehrman-licona-who-wrote-gospels-2025,Bart Ehrman vs Michael Licona: Who Wrote the Gospels?,theist,pro,Michael Licona,pro-convergent-attribution-synthesis,reply,3,81,76,98,100,95,75,87,material warrant or verification step compressed,v4-closed-findings-adapter
178,ehrman-licona-who-wrote-gospels-2025,Bart Ehrman vs Michael Licona: Who Wrote the Gospels?,non_theist,con,Bart Ehrman,con-secretarial-practice-limited,reply,3,92,85,98,69,95,92,89,stronger support,v4-closed-findings-adapter
178,ehrman-licona-who-wrote-gospels-2025,Bart Ehrman vs Michael Licona: Who Wrote the Gospels?,theist,pro,Michael Licona,pro-selective-petrine-biography,reply,1,86,75,98,68,95,91,85,material warrant or verification step compressed,v4-closed-findings-adapter
178,ehrman-licona-who-wrote-gospels-2025,Bart Ehrman vs Michael Licona: Who Wrote the Gospels?,theist,pro,Michael Licona,pro-synoptic-sources-and-assistance,reply,3,80,72,73,69,75,88,76,material warrant or verification step compressed,v4-closed-findings-adapter
178,ehrman-licona-who-wrote-gospels-2025,Bart Ehrman vs Michael Licona: Who Wrote the Gospels?,non_theist,con,Bart Ehrman,con-reliability-not-author-identification,reply,3,94,85,99,100,95,93,94,stronger support,v4-closed-findings-adapter
179,craig-ehrman-historical-evidence-resurrection-2006,William Lane Craig vs Bart Ehrman: Is There Historical Evidence for the Resurrection?,theist,pro,William Lane Craig,pro-evidence-explanation-framework,constructive,3,90,78,89,100,95,75,88,material warrant or verification step compressed,v4-closed-findings-adapter
179,craig-ehrman-historical-evidence-resurrection-2006,William Lane Craig vs Bart Ehrman: Is There Historical Evidence for the Resurrection?,theist,pro,William Lane Craig,pro-joseph-burial-evidence,constructive,3,85,79,88,87,85,78,84,material warrant or verification step compressed,v4-closed-findings-adapter
179,craig-ehrman-historical-evidence-resurrection-2006,William Lane Craig vs Bart Ehrman: Is There Historical Evidence for the Resurrection?,theist,pro,William Lane Craig,pro-women-empty-tomb-evidence,constructive,3,85,78,88,87,85,77,84,material warrant or verification step compressed,v4-closed-findings-adapter
179,craig-ehrman-historical-evidence-resurrection-2006,William Lane Craig vs Bart Ehrman: Is There Historical Evidence for the Resurrection?,theist,pro,William Lane Craig,pro-postmortem-appearance-evidence,constructive,3,86,83,90,87,75,79,85,stronger support,v4-closed-findings-adapter
179,craig-ehrman-historical-evidence-resurrection-2006,William Lane Craig vs Bart Ehrman: Is There Historical Evidence for the Resurrection?,theist,pro,William Lane Craig,pro-origin-resurrection-belief,constructive,3,82,76,87,87,75,76,81,material warrant or verification step compressed,v4-closed-findings-adapter
179,craig-ehrman-historical-evidence-resurrection-2006,William Lane Craig vs Bart Ehrman: Is There Historical Evidence for the Resurrection?,theist,pro,William Lane Craig,pro-resurrection-comparative-explanation,constructive,3,76,65,83,100,75,63,77,assertion/anecdote/authority/speculation carries substantial weight,v4-closed-findings-adapter
179,craig-ehrman-historical-evidence-resurrection-2006,William Lane Craig vs Bart Ehrman: Is There Historical Evidence for the Resurrection?,non_theist,con,Bart Ehrman,con-source-criteria,constructive,3,90,83,89,87,85,80,86,stronger support,v4-closed-findings-adapter
179,craig-ehrman-historical-evidence-resurrection-2006,William Lane Craig vs Bart Ehrman: Is There Historical Evidence for the Resurrection?,non_theist,con,Bart Ehrman,con-gospel-reliability-challenge,reply,3,83,83,95,87,75,72,84,stronger support,v4-closed-findings-adapter
179,craig-ehrman-historical-evidence-resurrection-2006,William Lane Craig vs Bart Ehrman: Is There Historical Evidence for the Resurrection?,non_theist,con,Bart Ehrman,con-miracle-probability-boundary,reply,3,63,58,98,87,75,56,73,assertion/anecdote/authority/speculation carries substantial weight,v4-closed-findings-adapter
179,craig-ehrman-historical-evidence-resurrection-2006,William Lane Craig vs Bart Ehrman: Is There Historical Evidence for the Resurrection?,theist,pro,William Lane Craig,pro-conditional-probability-analysis,reply,3,93,79,99,87,95,90,90,material warrant or verification step compressed,v4-closed-findings-adapter
179,craig-ehrman-historical-evidence-resurrection-2006,William Lane Craig vs Bart Ehrman: Is There Historical Evidence for the Resurrection?,theist,pro,William Lane Craig,pro-gospel-adequacy-central-agreement,reply,3,82,73,96,87,75,74,82,material warrant or verification step compressed,v4-closed-findings-adapter
179,craig-ehrman-historical-evidence-resurrection-2006,William Lane Craig vs Bart Ehrman: Is There Historical Evidence for the Resurrection?,non_theist,con,Bart Ehrman,con-joseph-burial-attestation,reply,2,89,83,98,87,95,92,90,stronger support,v4-closed-findings-adapter
179,craig-ehrman-historical-evidence-resurrection-2006,William Lane Craig vs Bart Ehrman: Is There Historical Evidence for the Resurrection?,non_theist,con,Bart Ehrman,con-joseph-women-literary-function,reply,2,89,80,98,69,95,91,87,stronger support,v4-closed-findings-adapter
179,craig-ehrman-historical-evidence-resurrection-2006,William Lane Craig vs Bart Ehrman: Is There Historical Evidence for the Resurrection?,non_theist,con,Bart Ehrman,con-appearances-not-reanimation,reply,3,85,77,98,87,95,80,87,material warrant or verification step compressed,v4-closed-findings-adapter
179,craig-ehrman-historical-evidence-resurrection-2006,William Lane Craig vs Bart Ehrman: Is There Historical Evidence for the Resurrection?,theist,pro,William Lane Craig,pro-inference-to-inaccessible-causes,reply,3,78,74,97,87,85,75,83,material warrant or verification step compressed,v4-closed-findings-adapter
179,craig-ehrman-historical-evidence-resurrection-2006,William Lane Craig vs Bart Ehrman: Is There Historical Evidence for the Resurrection?,non_theist,con,Bart Ehrman,con-shared-historical-standards,reply,3,69,66,95,87,75,60,76,assertion/anecdote/authority/speculation carries substantial weight,v4-closed-findings-adapter
179,craig-ehrman-historical-evidence-resurrection-2006,William Lane Craig vs Bart Ehrman: Is There Historical Evidence for the Resurrection?,non_theist,con,Bart Ehrman,con-removal-and-visions-alternative,reply,3,78,68,95,87,95,88,83,assertion/anecdote/authority/speculation carries substantial weight,v4-closed-findings-adapter
179,craig-ehrman-historical-evidence-resurrection-2006,William Lane Craig vs Bart Ehrman: Is There Historical Evidence for the Resurrection?,non_theist,con,Bart Ehrman,con-development-of-resurrection-belief,reply,3,79,65,96,87,95,86,83,assertion/anecdote/authority/speculation carries substantial weight,v4-closed-findings-adapter
179,craig-ehrman-historical-evidence-resurrection-2006,William Lane Craig vs Bart Ehrman: Is There Historical Evidence for the Resurrection?,non_theist,con,Bart Ehrman,con-rival-theological-underdetermination,reply,3,82,70,97,87,95,74,84,material warrant or verification step compressed,v4-closed-findings-adapter
179,craig-ehrman-historical-evidence-resurrection-2006,William Lane Craig vs Bart Ehrman: Is There Historical Evidence for the Resurrection?,theist,pro,William Lane Craig,pro-contextual-comparison-theological-rivals,reply,3,76,65,96,87,85,65,79,assertion/anecdote/authority/speculation carries substantial weight,v4-closed-findings-adapter
181,habermas-flew-did-jesus-rise-dead-2000,Gary Habermas vs Antony Flew: Did Jesus Rise from the Dead?,theist,pro,Gary Habermas,pro-historical-core-appearances,constructive,3,87,78,85,87,95,85,85,material warrant or verification step compressed,v4-closed-findings-adapter
181,habermas-flew-did-jesus-rise-dead-2000,Gary Habermas vs Antony Flew: Did Jesus Rise from the Dead?,non_theist,con,Antony Flew,con-source-record-limitations,reply,3,85,77,98,87,75,79,85,material warrant or verification step compressed,v4-closed-findings-adapter
181,habermas-flew-did-jesus-rise-dead-2000,Gary Habermas vs Antony Flew: Did Jesus Rise from the Dead?,theist,pro,Gary Habermas,pro-early-pauline-creed,reply,3,89,85,99,69,95,90,88,stronger support,v4-closed-findings-adapter
181,habermas-flew-did-jesus-rise-dead-2000,Gary Habermas vs Antony Flew: Did Jesus Rise from the Dead?,non_theist,con,Antony Flew,con-grief-vision-alternative,reply,3,78,68,98,87,75,80,81,assertion/anecdote/authority/speculation carries substantial weight,v4-closed-findings-adapter
181,habermas-flew-did-jesus-rise-dead-2000,Gary Habermas vs Antony Flew: Did Jesus Rise from the Dead?,theist,pro,Gary Habermas,pro-psychological-alternatives,reply,3,87,82,99,87,75,80,87,stronger support,v4-closed-findings-adapter
181,habermas-flew-did-jesus-rise-dead-2000,Gary Habermas vs Antony Flew: Did Jesus Rise from the Dead?,non_theist,con,Antony Flew,con-tentative-natural-interpretation,reply,3,88,75,98,100,95,90,90,material warrant or verification step compressed,v4-closed-findings-adapter
181,habermas-flew-did-jesus-rise-dead-2000,Gary Habermas vs Antony Flew: Did Jesus Rise from the Dead?,non_theist,con,Antony Flew,con-thomas-contact-ambiguity,reply,2,91,85,96,86,95,92,91,stronger support,v4-closed-findings-adapter
181,habermas-flew-did-jesus-rise-dead-2000,Gary Habermas vs Antony Flew: Did Jesus Rise from the Dead?,theist,pro,Gary Habermas,pro-sensory-physical-body,reply,3,89,82,98,87,85,92,89,stronger support,v4-closed-findings-adapter
181,habermas-flew-did-jesus-rise-dead-2000,Gary Habermas vs Antony Flew: Did Jesus Rise from the Dead?,non_theist,con,Antony Flew,con-spiritual-body-coherence,reply,2,68,63,98,87,75,68,77,assertion/anecdote/authority/speculation carries substantial weight,v4-closed-findings-adapter
181,habermas-flew-did-jesus-rise-dead-2000,Gary Habermas vs Antony Flew: Did Jesus Rise from the Dead?,theist,pro,Gary Habermas,pro-transformed-spiritual-body,reply,3,92,85,99,87,95,93,92,stronger support,v4-closed-findings-adapter
181,habermas-flew-did-jesus-rise-dead-2000,Gary Habermas vs Antony Flew: Did Jesus Rise from the Dead?,non_theist,con,Antony Flew,con-rationality-depends-on-priors,reply,3,92,79,97,87,95,93,90,material warrant or verification step compressed,v4-closed-findings-adapter
181,habermas-flew-did-jesus-rise-dead-2000,Gary Habermas vs Antony Flew: Did Jesus Rise from the Dead?,theist,pro,Gary Habermas,pro-crucifixion-death,constructive,3,93,86,91,87,95,85,90,stronger support,v4-closed-findings-adapter
181,habermas-flew-did-jesus-rise-dead-2000,Gary Habermas vs Antony Flew: Did Jesus Rise from the Dead?,theist,pro,Gary Habermas,pro-empty-tomb-cumulative-case,constructive,3,86,80,90,87,95,75,86,stronger support,v4-closed-findings-adapter
181,habermas-flew-did-jesus-rise-dead-2000,Gary Habermas vs Antony Flew: Did Jesus Rise from the Dead?,non_theist,con,Antony Flew,con-body-removal-underdetermination,reply,3,87,73,98,87,95,89,87,material warrant or verification step compressed,v4-closed-findings-adapter
181,habermas-flew-did-jesus-rise-dead-2000,Gary Habermas vs Antony Flew: Did Jesus Rise from the Dead?,theist,pro,Gary Habermas,pro-rival-theory-multiplication,reply,3,82,78,98,87,85,72,84,material warrant or verification step compressed,v4-closed-findings-adapter
181,habermas-flew-did-jesus-rise-dead-2000,Gary Habermas vs Antony Flew: Did Jesus Rise from the Dead?,non_theist,con,Antony Flew,con-no-complete-rival-required,reply,3,94,79,99,100,95,94,93,material warrant or verification step compressed,v4-closed-findings-adapter
181,habermas-flew-did-jesus-rise-dead-2000,Gary Habermas vs Antony Flew: Did Jesus Rise from the Dead?,theist,pro,Gary Habermas,pro-background-prior-evidence,reply,3,85,69,98,87,75,88,84,assertion/anecdote/authority/speculation carries substantial weight,v4-closed-findings-adapter
181,habermas-flew-did-jesus-rise-dead-2000,Gary Habermas vs Antony Flew: Did Jesus Rise from the Dead?,theist,pro,Gary Habermas,pro-convergent-evidence-overrides-presumption,reply,3,86,70,98,99,75,92,87,material warrant or verification step compressed,v4-closed-findings-adapter
181,habermas-flew-did-jesus-rise-dead-2000,Gary Habermas vs Antony Flew: Did Jesus Rise from the Dead?,non_theist,con,Antony Flew,con-justified-prior-theology,reply,3,93,82,98,87,95,92,91,stronger support,v4-closed-findings-adapter
181,habermas-flew-did-jesus-rise-dead-2000,Gary Habermas vs Antony Flew: Did Jesus Rise from the Dead?,theist,pro,Gary Habermas,pro-mosaic-theism-authentication,reply,3,80,70,98,87,95,77,84,material warrant or verification step compressed,v4-closed-findings-adapter
191,ruse-rana-origin-life-evolution-design-2013,Michael Ruse vs Fuz Rana: Evolution or Design at Life's Origin?,non_theist,pro,Michael Ruse,pro-lawful-design-compatibility,constructive,1,87,75,78,68,95,85,81,material warrant or verification step compressed,v4-closed-findings-adapter
191,ruse-rana-origin-life-evolution-design-2013,Michael Ruse vs Fuz Rana: Evolution or Design at Life's Origin?,non_theist,pro,Michael Ruse,pro-contextual-inference-from-complexity,constructive,2,80,69,79,69,85,75,76,assertion/anecdote/authority/speculation carries substantial weight,v4-closed-findings-adapter
191,ruse-rana-origin-life-evolution-design-2013,Michael Ruse vs Fuz Rana: Evolution or Design at Life's Origin?,non_theist,pro,Michael Ruse,pro-prebiotic-sequence-to-cells,constructive,3,78,68,84,87,85,80,79,assertion/anecdote/authority/speculation carries substantial weight,v4-closed-findings-adapter
191,ruse-rana-origin-life-evolution-design-2013,Michael Ruse vs Fuz Rana: Evolution or Design at Life's Origin?,non_theist,pro,Michael Ruse,pro-endosymbiotic-cell-complexity,constructive,3,89,85,89,87,95,85,88,stronger support,v4-closed-findings-adapter
191,ruse-rana-origin-life-evolution-design-2013,Michael Ruse vs Fuz Rana: Evolution or Design at Life's Origin?,non_theist,pro,Michael Ruse,pro-flagellar-exaptation,constructive,2,80,73,84,87,75,75,79,material warrant or verification step compressed,v4-closed-findings-adapter
191,ruse-rana-origin-life-evolution-design-2013,Michael Ruse vs Fuz Rana: Evolution or Design at Life's Origin?,non_theist,pro,Michael Ruse,pro-dysfunction-under-unbroken-law,constructive,1,73,66,75,67,75,69,71,assertion/anecdote/authority/speculation carries substantial weight,v4-closed-findings-adapter
191,ruse-rana-origin-life-evolution-design-2013,Michael Ruse vs Fuz Rana: Evolution or Design at Life's Origin?,theist,con,Fuz Rana,con-cellular-complexity-agency-thesis,constructive,3,77,63,81,100,85,75,79,assertion/anecdote/authority/speculation carries substantial weight,v4-closed-findings-adapter
191,ruse-rana-origin-life-evolution-design-2013,Michael Ruse vs Fuz Rana: Evolution or Design at Life's Origin?,theist,con,Fuz Rana,con-three-origin-scenarios-constraints,reply,3,76,76,99,87,85,64,82,material warrant or verification step compressed,v4-closed-findings-adapter
191,ruse-rana-origin-life-evolution-design-2013,Michael Ruse vs Fuz Rana: Evolution or Design at Life's Origin?,theist,con,Fuz Rana,con-synthetic-biology-agency-dependence,constructive,2,64,68,83,86,75,59,73,assertion/anecdote/authority/speculation carries substantial weight,v4-closed-findings-adapter
191,ruse-rana-origin-life-evolution-design-2013,Michael Ruse vs Fuz Rana: Evolution or Design at Life's Origin?,theist,con,Fuz Rana,con-biochemical-engineering-resemblance,constructive,3,68,73,81,87,75,59,74,material warrant or verification step compressed,v4-closed-findings-adapter
191,ruse-rana-origin-life-evolution-design-2013,Michael Ruse vs Fuz Rana: Evolution or Design at Life's Origin?,theist,con,Fuz Rana,con-methodological-naturalism-exclusion,reply,2,84,70,98,70,95,87,83,material warrant or verification step compressed,v4-closed-findings-adapter
191,ruse-rana-origin-life-evolution-design-2013,Michael Ruse vs Fuz Rana: Evolution or Design at Life's Origin?,non_theist,pro,Michael Ruse,pro-pragmatic-methodological-naturalism,reply,2,87,79,98,69,95,89,86,material warrant or verification step compressed,v4-closed-findings-adapter
191,ruse-rana-origin-life-evolution-design-2013,Michael Ruse vs Fuz Rana: Evolution or Design at Life's Origin?,non_theist,pro,Michael Ruse,pro-cumulative-prebiotic-progress,reply,3,83,80,98,87,95,89,88,stronger support,v4-closed-findings-adapter
191,ruse-rana-origin-life-evolution-design-2013,Michael Ruse vs Fuz Rana: Evolution or Design at Life's Origin?,theist,con,Fuz Rana,con-testable-creation-model,reply,3,86,73,98,87,95,87,87,material warrant or verification step compressed,v4-closed-findings-adapter
191,ruse-rana-origin-life-evolution-design-2013,Michael Ruse vs Fuz Rana: Evolution or Design at Life's Origin?,theist,con,Fuz Rana,con-degradation-and-system-tradeoffs,reply,2,86,72,99,69,95,88,84,material warrant or verification step compressed,v4-closed-findings-adapter
191,ruse-rana-origin-life-evolution-design-2013,Michael Ruse vs Fuz Rana: Evolution or Design at Life's Origin?,theist,con,Fuz Rana,con-process-and-intervention-model,reply,2,88,63,98,69,95,89,83,assertion/anecdote/authority/speculation carries substantial weight,v4-closed-findings-adapter
191,ruse-rana-origin-life-evolution-design-2013,Michael Ruse vs Fuz Rana: Evolution or Design at Life's Origin?,non_theist,pro,Michael Ruse,pro-information-by-selection,reply,3,80,71,98,86,75,73,82,material warrant or verification step compressed,v4-closed-findings-adapter
191,ruse-rana-origin-life-evolution-design-2013,Michael Ruse vs Fuz Rana: Evolution or Design at Life's Origin?,theist,con,Fuz Rana,con-minimum-gene-product-requirement,constructive,3,67,71,81,87,75,58,74,material warrant or verification step compressed,v4-closed-findings-adapter
191,ruse-rana-origin-life-evolution-design-2013,Michael Ruse vs Fuz Rana: Evolution or Design at Life's Origin?,non_theist,pro,Michael Ruse,pro-cellular-coordination-by-selection,reply,3,77,64,98,86,85,81,81,assertion/anecdote/authority/speculation carries substantial weight,v4-closed-findings-adapter
191,ruse-rana-origin-life-evolution-design-2013,Michael Ruse vs Fuz Rana: Evolution or Design at Life's Origin?,theist,con,Fuz Rana,con-hypothetical-catalyst-limits,reply,2,88,78,98,69,95,91,86,material warrant or verification step compressed,v4-closed-findings-adapter
194,swinburne-millican-does-god-exist-2022,Richard Swinburne vs Peter Millican: Does God Exist?,theist,pro,Richard Swinburne,pro-personal-explanation-as-genuine-mode,constructive,3,88,82,88,87,95,85,87,stronger support,v4-closed-findings-adapter
194,swinburne-millican-does-god-exist-2022,Richard Swinburne vs Peter Millican: Does God Exist?,theist,pro,Richard Swinburne,pro-simplicity-fewer-postulates,constructive,3,80,77,86,87,75,75,81,material warrant or verification step compressed,v4-closed-findings-adapter
194,swinburne-millican-does-god-exist-2022,Richard Swinburne vs Peter Millican: Does God Exist?,theist,pro,Richard Swinburne,pro-good-god-creates-free-rational-agents,constructive,3,80,72,85,87,75,75,79,material warrant or verification step compressed,v4-closed-findings-adapter
194,swinburne-millican-does-god-exist-2022,Richard Swinburne vs Peter Millican: Does God Exist?,theist,pro,Richard Swinburne,pro-theism-predicts-order-life-consciousness,constructive,3,74,65,88,100,75,64,78,assertion/anecdote/authority/speculation carries substantial weight,v4-closed-findings-adapter
194,swinburne-millican-does-god-exist-2022,Richard Swinburne vs Peter Millican: Does God Exist?,non_theist,con,Peter Millican,con-purposive-systems-beyond-persons,reply,2,76,80,98,87,75,90,84,stronger support,v4-closed-findings-adapter
194,swinburne-millican-does-god-exist-2022,Richard Swinburne vs Peter Millican: Does God Exist?,non_theist,con,Peter Millican,con-multiple-simplicity-criteria,reply,3,89,84,98,87,95,91,90,stronger support,v4-closed-findings-adapter
194,swinburne-millican-does-god-exist-2022,Richard Swinburne vs Peter Millican: Does God Exist?,non_theist,con,Peter Millican,con-background-fit-personal-causation,reply,2,84,79,98,69,95,90,85,material warrant or verification step compressed,v4-closed-findings-adapter
194,swinburne-millican-does-god-exist-2022,Richard Swinburne vs Peter Millican: Does God Exist?,non_theist,con,Peter Millican,con-simple-creator-nonspecific,reply,3,88,82,99,87,95,90,90,stronger support,v4-closed-findings-adapter
194,swinburne-millican-does-god-exist-2022,Richard Swinburne vs Peter Millican: Does God Exist?,non_theist,con,Peter Millican,con-qualified-infinity-complexity,reply,3,82,76,98,87,75,90,85,material warrant or verification step compressed,v4-closed-findings-adapter
194,swinburne-millican-does-god-exist-2022,Richard Swinburne vs Peter Millican: Does God Exist?,non_theist,con,Peter Millican,con-divine-time-relativity,reply,2,84,80,97,68,95,89,85,stronger support,v4-closed-findings-adapter
194,swinburne-millican-does-god-exist-2022,Richard Swinburne vs Peter Millican: Does God Exist?,non_theist,con,Peter Millican,con-suffering-prevents-agency,reply,3,91,86,99,87,95,92,92,stronger support,v4-closed-findings-adapter
194,swinburne-millican-does-god-exist-2022,Richard Swinburne vs Peter Millican: Does God Exist?,theist,pro,Richard Swinburne,pro-defense-of-personal-causal-category,reply,3,82,79,97,87,75,79,84,material warrant or verification step compressed,v4-closed-findings-adapter
194,swinburne-millican-does-god-exist-2022,Richard Swinburne vs Peter Millican: Does God Exist?,theist,pro,Richard Swinburne,pro-simplicity-raises-probability-subject-to-data,reply,3,87,84,98,87,95,86,89,stronger support,v4-closed-findings-adapter
194,swinburne-millican-does-god-exist-2022,Richard Swinburne vs Peter Millican: Does God Exist?,non_theist,con,Peter Millican,con-generality-lacks-precision,reply,3,90,83,98,87,95,91,90,stronger support,v4-closed-findings-adapter
194,swinburne-millican-does-god-exist-2022,Richard Swinburne vs Peter Millican: Does God Exist?,non_theist,con,Peter Millican,con-soul-evolution-brain-fit,reply,2,87,82,97,69,95,90,86,stronger support,v4-closed-findings-adapter
194,swinburne-millican-does-god-exist-2022,Richard Swinburne vs Peter Millican: Does God Exist?,theist,pro,Richard Swinburne,pro-posthumous-compensation-for-sufferers,reply,3,76,62,97,87,75,66,78,assertion/anecdote/authority/speculation carries substantial weight,v4-closed-findings-adapter
194,swinburne-millican-does-god-exist-2022,Richard Swinburne vs Peter Millican: Does God Exist?,non_theist,con,Peter Millican,con-compensation-cannot-restore-development,reply,3,89,83,99,87,95,82,89,stronger support,v4-closed-findings-adapter
195,russell-copleston-existence-of-god-1948,Bertrand Russell vs Frederick Copleston: Does God Exist?,theist,pro,Frederick Copleston,pro-totality-external-sufficient-reason,constructive,3,70,60,92,87,75,68,75,assertion/anecdote/authority/speculation carries substantial weight,v4-closed-findings-adapter
195,russell-copleston-existence-of-god-1948,Bertrand Russell vs Frederick Copleston: Does God Exist?,non_theist,con,Bertrand Russell,con-necessary-existence-analytic,reply,3,77,69,72,87,95,71,77,assertion/anecdote/authority/speculation carries substantial weight,v4-closed-findings-adapter
195,russell-copleston-existence-of-god-1948,Bertrand Russell vs Frederick Copleston: Does God Exist?,theist,pro,Frederick Copleston,pro-necessary-conditional-from-contingency,reply,3,73,65,98,69,95,72,78,assertion/anecdote/authority/speculation carries substantial weight,v4-closed-findings-adapter
195,russell-copleston-existence-of-god-1948,Bertrand Russell vs Frederick Copleston: Does God Exist?,non_theist,con,Bertrand Russell,con-existence-not-predicate,reply,2,85,76,98,69,95,77,84,material warrant or verification step compressed,v4-closed-findings-adapter
195,russell-copleston-existence-of-god-1948,Bertrand Russell vs Frederick Copleston: Does God Exist?,theist,pro,Frederick Copleston,pro-experiential-inference-essence-existence,reply,2,78,70,98,69,75,72,78,material warrant or verification step compressed,v4-closed-findings-adapter
195,russell-copleston-existence-of-god-1948,Bertrand Russell vs Frederick Copleston: Does God Exist?,non_theist,con,Bertrand Russell,con-no-cause-of-totality,reply,3,85,79,99,87,75,86,86,material warrant or verification step compressed,v4-closed-findings-adapter
195,russell-copleston-existence-of-god-1948,Bertrand Russell vs Frederick Copleston: Does God Exist?,theist,pro,Frederick Copleston,pro-mystical-experience-objective-cause,constructive,3,71,62,90,87,75,64,75,assertion/anecdote/authority/speculation carries substantial weight,v4-closed-findings-adapter
195,russell-copleston-existence-of-god-1948,Bertrand Russell vs Frederick Copleston: Does God Exist?,non_theist,con,Bertrand Russell,con-private-reports-parity,reply,3,90,83,99,87,95,91,91,stronger support,v4-closed-findings-adapter
195,russell-copleston-existence-of-god-1948,Bertrand Russell vs Frederick Copleston: Does God Exist?,non_theist,con,Bertrand Russell,con-transformation-not-verification,reply,2,90,81,98,87,95,91,90,stronger support,v4-closed-findings-adapter
195,russell-copleston-existence-of-god-1948,Bertrand Russell vs Frederick Copleston: Does God Exist?,non_theist,con,Bertrand Russell,con-beneficial-fiction-counterexample,reply,2,88,82,98,87,95,89,89,stronger support,v4-closed-findings-adapter
195,russell-copleston-existence-of-god-1948,Bertrand Russell vs Frederick Copleston: Does God Exist?,non_theist,con,Bertrand Russell,con-goodness-definition-circularity,reply,2,89,82,56,23,95,91,72,stronger support,v4-closed-findings-adapter
195,russell-copleston-existence-of-god-1948,Bertrand Russell vs Frederick Copleston: Does God Exist?,theist,pro,Frederick Copleston,pro-goodness-reflects-divine-source,reply,2,92,74,99,23,95,94,80,material warrant or verification step compressed,v4-closed-findings-adapter
195,russell-copleston-existence-of-god-1948,Bertrand Russell vs Frederick Copleston: Does God Exist?,non_theist,con,Bertrand Russell,con-moral-feeling-account,reply,3,71,65,57,87,75,72,70,assertion/anecdote/authority/speculation carries substantial weight,v4-closed-findings-adapter
195,russell-copleston-existence-of-god-1948,Bertrand Russell vs Frederick Copleston: Does God Exist?,theist,pro,Frederick Copleston,pro-objective-criterion-beyond-feeling,reply,3,87,79,99,87,95,79,88,material warrant or verification step compressed,v4-closed-findings-adapter
195,russell-copleston-existence-of-god-1948,Bertrand Russell vs Frederick Copleston: Does God Exist?,theist,pro,Frederick Copleston,pro-transcendent-ground-of-moral-law,constructive,3,72,61,92,87,95,62,77,assertion/anecdote/authority/speculation carries substantial weight,v4-closed-findings-adapter
195,russell-copleston-existence-of-god-1948,Bertrand Russell vs Frederick Copleston: Does God Exist?,non_theist,con,Bertrand Russell,con-historical-moral-variation,reply,2,62,60,98,69,75,58,71,assertion/anecdote/authority/speculation carries substantial weight,v4-closed-findings-adapter
195,russell-copleston-existence-of-god-1948,Bertrand Russell vs Frederick Copleston: Does God Exist?,theist,pro,Frederick Copleston,pro-objective-ideal-moral-order,reply,3,74,66,98,69,85,64,77,assertion/anecdote/authority/speculation carries substantial weight,v4-closed-findings-adapter
195,russell-copleston-existence-of-god-1948,Bertrand Russell vs Frederick Copleston: Does God Exist?,non_theist,con,Bertrand Russell,con-naturalistic-obligation-account,reply,3,69,63,73,87,75,71,72,assertion/anecdote/authority/speculation carries substantial weight,v4-closed-findings-adapter
196,huemer-rasmussen-god-existence-2026,Michael Huemer vs Joshua Rasmussen: Does God Exist?,theist,pro,Joshua Rasmussen,m01,constructive,3,78,68,84,85,78,76,78,assertion/anecdote/authority/speculation carries substantial weight,standalone-final-ledger
196,huemer-rasmussen-god-existence-2026,Michael Huemer vs Joshua Rasmussen: Does God Exist?,theist,pro,Joshua Rasmussen,m02,constructive,3,77,66,83,83,77,73,77,assertion/anecdote/authority/speculation carries substantial weight,standalone-final-ledger
196,huemer-rasmussen-god-existence-2026,Michael Huemer vs Joshua Rasmussen: Does God Exist?,theist,pro,Joshua Rasmussen,m03,constructive,3,80,73,84,85,84,80,81,material warrant or verification step compressed,standalone-final-ledger
196,huemer-rasmussen-god-existence-2026,Michael Huemer vs Joshua Rasmussen: Does God Exist?,theist,pro,Joshua Rasmussen,m04,constructive,3,70,63,82,81,74,69,73,assertion/anecdote/authority/speculation carries substantial weight,standalone-final-ledger
196,huemer-rasmussen-god-existence-2026,Michael Huemer vs Joshua Rasmussen: Does God Exist?,theist,pro,Joshua Rasmussen,m05,constructive,2,65,54,76,72,69,63,66,assertion/anecdote/authority/speculation carries substantial weight,standalone-final-ledger
196,huemer-rasmussen-god-existence-2026,Michael Huemer vs Joshua Rasmussen: Does God Exist?,non_theist,con,Michael Huemer,m06,constructive,3,73,60,84,83,79,82,76,assertion/anecdote/authority/speculation carries substantial weight,standalone-final-ledger
196,huemer-rasmussen-god-existence-2026,Michael Huemer vs Joshua Rasmussen: Does God Exist?,non_theist,con,Michael Huemer,m07,constructive,3,73,71,82,81,80,71,76,material warrant or verification step compressed,standalone-final-ledger
196,huemer-rasmussen-god-existence-2026,Michael Huemer vs Joshua Rasmussen: Does God Exist?,non_theist,con,Michael Huemer,m08,constructive,3,68,67,80,77,79,66,72,assertion/anecdote/authority/speculation carries substantial weight,standalone-final-ledger
196,huemer-rasmussen-god-existence-2026,Michael Huemer vs Joshua Rasmussen: Does God Exist?,non_theist,con,Michael Huemer,m09,constructive,3,85,78,87,85,84,83,84,material warrant or verification step compressed,standalone-final-ledger
196,huemer-rasmussen-god-existence-2026,Michael Huemer vs Joshua Rasmussen: Does God Exist?,non_theist,con,Michael Huemer,m10,constructive,2,78,67,81,79,82,80,77,assertion/anecdote/authority/speculation carries substantial weight,standalone-final-ledger
196,huemer-rasmussen-god-existence-2026,Michael Huemer vs Joshua Rasmussen: Does God Exist?,non_theist,con,Michael Huemer,m11,constructive,3,80,73,82,81,84,80,80,material warrant or verification step compressed,standalone-final-ledger
196,huemer-rasmussen-god-existence-2026,Michael Huemer vs Joshua Rasmussen: Does God Exist?,non_theist,con,Michael Huemer,m12,reply,3,78,70,85,83,82,77,79,material warrant or verification step compressed,standalone-final-ledger
196,huemer-rasmussen-god-existence-2026,Michael Huemer vs Joshua Rasmussen: Does God Exist?,theist,pro,Joshua Rasmussen,m13,reply,3,74,65,86,80,77,84,77,assertion/anecdote/authority/speculation carries substantial weight,standalone-final-ledger
196,huemer-rasmussen-god-existence-2026,Michael Huemer vs Joshua Rasmussen: Does God Exist?,non_theist,con,Michael Huemer,m14,reply,3,80,71,87,84,84,82,81,material warrant or verification step compressed,standalone-final-ledger
196,huemer-rasmussen-god-existence-2026,Michael Huemer vs Joshua Rasmussen: Does God Exist?,non_theist,con,Michael Huemer,m15,reply,3,75,64,81,80,75,80,75,assertion/anecdote/authority/speculation carries substantial weight,standalone-final-ledger
196,huemer-rasmussen-god-existence-2026,Michael Huemer vs Joshua Rasmussen: Does God Exist?,non_theist,con,Michael Huemer,m16,reply,3,85,81,89,88,88,87,86,stronger support,standalone-final-ledger
196,huemer-rasmussen-god-existence-2026,Michael Huemer vs Joshua Rasmussen: Does God Exist?,non_theist,con,Michael Huemer,m17,reply,3,75,64,85,78,71,76,75,assertion/anecdote/authority/speculation carries substantial weight,standalone-final-ledger
196,huemer-rasmussen-god-existence-2026,Michael Huemer vs Joshua Rasmussen: Does God Exist?,theist,pro,Joshua Rasmussen,m18,reply,3,80,70,88,83,79,68,79,material warrant or verification step compressed,standalone-final-ledger
196,huemer-rasmussen-god-existence-2026,Michael Huemer vs Joshua Rasmussen: Does God Exist?,non_theist,con,Michael Huemer,m19,reply,3,84,76,90,85,82,80,83,material warrant or verification step compressed,standalone-final-ledger
196,huemer-rasmussen-god-existence-2026,Michael Huemer vs Joshua Rasmussen: Does God Exist?,theist,pro,Joshua Rasmussen,m20,reply,2,74,62,84,75,76,89,75,assertion/anecdote/authority/speculation carries substantial weight,standalone-final-ledger
197,mcgilchrist-seth-consciousness-god-2026,Iain McGilchrist vs Anil Seth: Does Consciousness Point to God?,theist,pro,Iain McGilchrist,phases-same-entity,constructive,3,75,61,78,80,81,81,75,assertion/anecdote/authority/speculation carries substantial weight,standalone-final-ledger
197,mcgilchrist-seth-consciousness-god-2026,Iain McGilchrist vs Anil Seth: Does Consciousness Point to God?,theist,pro,Iain McGilchrist,panentheist-consciousness-field,constructive,3,67,48,75,73,86,77,69,effectively unsupported,standalone-final-ledger
197,mcgilchrist-seth-consciousness-god-2026,Iain McGilchrist vs Anil Seth: Does Consciousness Point to God?,non_theist,con,Anil Seth,evolved-biological-consciousness,reply,3,80,74,82,84,84,91,81,material warrant or verification step compressed,standalone-final-ledger
197,mcgilchrist-seth-consciousness-god-2026,Iain McGilchrist vs Anil Seth: Does Consciousness Point to God?,non_theist,con,Anil Seth,constructed-perception,constructive,2,87,77,75,68,91,84,80,material warrant or verification step compressed,standalone-final-ledger
197,mcgilchrist-seth-consciousness-god-2026,Iain McGilchrist vs Anil Seth: Does Consciousness Point to God?,non_theist,con,Anil Seth,life-not-computation,constructive,2,84,79,79,81,85,84,82,material warrant or verification step compressed,standalone-final-ledger
197,mcgilchrist-seth-consciousness-god-2026,Iain McGilchrist vs Anil Seth: Does Consciousness Point to God?,non_theist,con,Anil Seth,anesthesia-brain-dependence,constructive,3,88,87,80,87,89,88,86,stronger support,standalone-final-ledger
197,mcgilchrist-seth-consciousness-god-2026,Iain McGilchrist vs Anil Seth: Does Consciousness Point to God?,theist,pro,Iain McGilchrist,correlation-not-production,reply,2,85,76,86,83,86,87,83,material warrant or verification step compressed,standalone-final-ledger
197,mcgilchrist-seth-consciousness-god-2026,Iain McGilchrist vs Anil Seth: Does Consciousness Point to God?,theist,pro,Iain McGilchrist,brain-permits-consciousness,reply,3,75,58,81,81,83,73,74,assertion/anecdote/authority/speculation carries substantial weight,standalone-final-ledger
197,mcgilchrist-seth-consciousness-god-2026,Iain McGilchrist vs Anil Seth: Does Consciousness Point to God?,non_theist,con,Anil Seth,phase-emergence,reply,3,76,69,84,82,82,81,78,assertion/anecdote/authority/speculation carries substantial weight,standalone-final-ledger
197,mcgilchrist-seth-consciousness-god-2026,Iain McGilchrist vs Anil Seth: Does Consciousness Point to God?,theist,pro,Iain McGilchrist,wetness-analogy-fails,reply,3,84,75,90,88,87,80,84,material warrant or verification step compressed,standalone-final-ledger
197,mcgilchrist-seth-consciousness-god-2026,Iain McGilchrist vs Anil Seth: Does Consciousness Point to God?,non_theist,con,Anil Seth,modest-emergent-materialism,constructive,3,84,75,80,83,87,94,83,material warrant or verification step compressed,standalone-final-ledger
197,mcgilchrist-seth-consciousness-god-2026,Iain McGilchrist vs Anil Seth: Does Consciousness Point to God?,non_theist,con,Anil Seth,promissory-ignorance-challenge,reply,3,86,72,91,87,86,84,84,material warrant or verification step compressed,standalone-final-ledger
197,mcgilchrist-seth-consciousness-god-2026,Iain McGilchrist vs Anil Seth: Does Consciousness Point to God?,theist,pro,Iain McGilchrist,fundamental-consciousness-avoids-miracle,reply,3,78,61,87,84,83,74,77,assertion/anecdote/authority/speculation carries substantial weight,standalone-final-ledger
197,mcgilchrist-seth-consciousness-god-2026,Iain McGilchrist vs Anil Seth: Does Consciousness Point to God?,non_theist,con,Anil Seth,neural-explanatory-bridges,reply,3,87,77,92,89,89,88,87,material warrant or verification step compressed,standalone-final-ledger
197,mcgilchrist-seth-consciousness-god-2026,Iain McGilchrist vs Anil Seth: Does Consciousness Point to God?,theist,pro,Iain McGilchrist,no-priority-for-matter,constructive,3,80,67,78,83,86,80,78,assertion/anecdote/authority/speculation carries substantial weight,standalone-final-ledger
197,mcgilchrist-seth-consciousness-god-2026,Iain McGilchrist vs Anil Seth: Does Consciousness Point to God?,theist,pro,Iain McGilchrist,science-excludes-subjectivity,reply,2,74,63,80,78,81,74,74,assertion/anecdote/authority/speculation carries substantial weight,standalone-final-ledger
197,mcgilchrist-seth-consciousness-god-2026,Iain McGilchrist vs Anil Seth: Does Consciousness Point to God?,non_theist,con,Anil Seth,bioelectric-development,constructive,2,82,79,75,72,83,83,79,material warrant or verification step compressed,standalone-final-ledger
197,mcgilchrist-seth-consciousness-god-2026,Iain McGilchrist vs Anil Seth: Does Consciousness Point to God?,theist,pro,Iain McGilchrist,responsiveness-continuum,constructive,2,70,56,73,70,80,75,69,assertion/anecdote/authority/speculation carries substantial weight,standalone-final-ledger
197,mcgilchrist-seth-consciousness-god-2026,Iain McGilchrist vs Anil Seth: Does Consciousness Point to God?,theist,pro,Iain McGilchrist,conscious-cosmos-creates-other,constructive,3,64,46,72,75,77,59,64,effectively unsupported,standalone-final-ledger
197,mcgilchrist-seth-consciousness-god-2026,Iain McGilchrist vs Anil Seth: Does Consciousness Point to God?,theist,pro,Iain McGilchrist,prehuman-objective-beauty,constructive,3,70,54,75,74,84,66,69,assertion/anecdote/authority/speculation carries substantial weight,standalone-final-ledger
197,mcgilchrist-seth-consciousness-god-2026,Iain McGilchrist vs Anil Seth: Does Consciousness Point to God?,non_theist,con,Anil Seth,dissipative-life-consciousness,reply,3,88,85,91,88,88,87,88,stronger support,standalone-final-ledger
197,mcgilchrist-seth-consciousness-god-2026,Iain McGilchrist vs Anil Seth: Does Consciousness Point to God?,non_theist,con,Anil Seth,novel-material-properties,reply,3,86,75,89,85,87,91,85,material warrant or verification step compressed,standalone-final-ledger
197,mcgilchrist-seth-consciousness-god-2026,Iain McGilchrist vs Anil Seth: Does Consciousness Point to God?,theist,pro,Iain McGilchrist,cosmic-directionality,reply,3,68,53,77,78,81,62,69,assertion/anecdote/authority/speculation carries substantial weight,standalone-final-ledger
197,mcgilchrist-seth-consciousness-god-2026,Iain McGilchrist vs Anil Seth: Does Consciousness Point to God?,non_theist,con,Anil Seth,values-constructed-from-life,reply,3,86,77,89,88,87,87,85,material warrant or verification step compressed,standalone-final-ledger
197,mcgilchrist-seth-consciousness-god-2026,Iain McGilchrist vs Anil Seth: Does Consciousness Point to God?,theist,pro,Iain McGilchrist,relational-creative-ground,reply,3,74,55,80,82,80,76,73,assertion/anecdote/authority/speculation carries substantial weight,standalone-final-ledger
197,mcgilchrist-seth-consciousness-god-2026,Iain McGilchrist vs Anil Seth: Does Consciousness Point to God?,non_theist,con,Anil Seth,entropy-arrow-direction,reply,3,84,81,87,85,87,89,85,stronger support,standalone-final-ledger
197,mcgilchrist-seth-consciousness-god-2026,Iain McGilchrist vs Anil Seth: Does Consciousness Point to God?,theist,pro,Iain McGilchrist,shaping-points-to-god,reply,3,62,46,70,86,78,52,65,effectively unsupported,standalone-final-ledger
197,mcgilchrist-seth-consciousness-god-2026,Iain McGilchrist vs Anil Seth: Does Consciousness Point to God?,non_theist,con,Anil Seth,human-spiritual-need,constructive,2,80,65,77,70,83,81,75,assertion/anecdote/authority/speculation carries substantial weight,standalone-final-ledger
197,mcgilchrist-seth-consciousness-god-2026,Iain McGilchrist vs Anil Seth: Does Consciousness Point to God?,non_theist,con,Anil Seth,ego-attenuation-spirituality,constructive,2,85,63,75,72,88,88,77,assertion/anecdote/authority/speculation carries substantial weight,standalone-final-ledger
197,mcgilchrist-seth-consciousness-god-2026,Iain McGilchrist vs Anil Seth: Does Consciousness Point to God?,theist,pro,Iain McGilchrist,ritual-embodied-metaphor,reply,2,78,62,80,74,87,83,76,assertion/anecdote/authority/speculation carries substantial weight,standalone-final-ledger
198,ferrer-dillahunty-god-morality-2018,John Ferrer vs Matt Dillahunty: Do We Need God for Morality?,theist,pro,John Ferrer,divine-mind-grounds-moral-facts,constructive,3,70,54,82,81,78,69,72,assertion/anecdote/authority/speculation carries substantial weight,standalone-final-ledger
198,ferrer-dillahunty-god-morality-2018,John Ferrer vs Matt Dillahunty: Do We Need God for Morality?,theist,pro,John Ferrer,christianity-historical-practical-fruits,constructive,2,64,48,76,65,69,55,63,effectively unsupported,standalone-final-ledger
198,ferrer-dillahunty-god-morality-2018,John Ferrer vs Matt Dillahunty: Do We Need God for Morality?,theist,pro,John Ferrer,secular-ethics-too-minimal-for-sacrifice,constructive,2,59,44,74,67,68,49,60,effectively unsupported,standalone-final-ledger
198,ferrer-dillahunty-god-morality-2018,John Ferrer vs Matt Dillahunty: Do We Need God for Morality?,theist,pro,John Ferrer,nature-cannot-cross-is-ought-gap,constructive,3,83,72,86,86,84,75,81,material warrant or verification step compressed,standalone-final-ledger
198,ferrer-dillahunty-god-morality-2018,John Ferrer vs Matt Dillahunty: Do We Need God for Morality?,theist,pro,John Ferrer,naturalistic-brain-circularity,constructive,3,52,42,80,72,69,50,60,effectively unsupported,standalone-final-ledger
198,ferrer-dillahunty-god-morality-2018,John Ferrer vs Matt Dillahunty: Do We Need God for Morality?,theist,pro,John Ferrer,soul-provides-epistemic-leverage,constructive,2,44,35,68,60,62,54,52,effectively unsupported,standalone-final-ledger
198,ferrer-dillahunty-god-morality-2018,John Ferrer vs Matt Dillahunty: Do We Need God for Morality?,non_theist,con,Matt Dillahunty,morality-needs-desire-and-belief,reply,3,64,54,82,77,75,59,68,assertion/anecdote/authority/speculation carries substantial weight,standalone-final-ledger
198,ferrer-dillahunty-god-morality-2018,John Ferrer vs Matt Dillahunty: Do We Need God for Morality?,non_theist,con,Matt Dillahunty,wellbeing-goal-supports-assessment,reply,3,79,67,86,85,81,84,80,assertion/anecdote/authority/speculation carries substantial weight,standalone-final-ledger
198,ferrer-dillahunty-god-morality-2018,John Ferrer vs Matt Dillahunty: Do We Need God for Morality?,non_theist,con,Matt Dillahunty,biblical-slavery-undercuts-divine-guide,reply,3,84,73,91,85,86,78,83,material warrant or verification step compressed,standalone-final-ledger
198,ferrer-dillahunty-god-morality-2018,John Ferrer vs Matt Dillahunty: Do We Need God for Morality?,non_theist,con,Matt Dillahunty,chess-shows-goal-relative-objectivity,reply,3,85,75,88,85,89,83,84,material warrant or verification step compressed,standalone-final-ledger
198,ferrer-dillahunty-god-morality-2018,John Ferrer vs Matt Dillahunty: Do We Need God for Morality?,non_theist,con,Matt Dillahunty,revelation-lacks-public-verification,reply,3,84,72,88,86,86,69,81,material warrant or verification step compressed,standalone-final-ledger
198,ferrer-dillahunty-god-morality-2018,John Ferrer vs Matt Dillahunty: Do We Need God for Morality?,non_theist,con,Matt Dillahunty,conditional-ought-from-wellbeing,reply,3,89,79,93,89,91,90,88,material warrant or verification step compressed,standalone-final-ledger
198,ferrer-dillahunty-god-morality-2018,John Ferrer vs Matt Dillahunty: Do We Need God for Morality?,theist,pro,John Ferrer,good-must-exist-before-moral-action,reply,3,77,61,87,83,81,78,77,assertion/anecdote/authority/speculation carries substantial weight,standalone-final-ledger
198,ferrer-dillahunty-god-morality-2018,John Ferrer vs Matt Dillahunty: Do We Need God for Morality?,theist,pro,John Ferrer,scripture-regulates-with-liberty-ideal,reply,3,69,68,76,73,75,59,70,assertion/anecdote/authority/speculation carries substantial weight,standalone-final-ledger
198,ferrer-dillahunty-god-morality-2018,John Ferrer vs Matt Dillahunty: Do We Need God for Morality?,non_theist,con,Matt Dillahunty,shellfish-contrast-rejects-context-defense,reply,3,86,78,92,85,89,62,83,material warrant or verification step compressed,standalone-final-ledger
198,ferrer-dillahunty-god-morality-2018,John Ferrer vs Matt Dillahunty: Do We Need God for Morality?,non_theist,con,Matt Dillahunty,atheism-is-wrong-comparison-class,reply,2,82,67,91,82,86,82,81,assertion/anecdote/authority/speculation carries substantial weight,standalone-final-ledger
198,ferrer-dillahunty-god-morality-2018,John Ferrer vs Matt Dillahunty: Do We Need God for Morality?,non_theist,con,Matt Dillahunty,independent-confirmation-corrects-brains,reply,3,88,81,93,89,89,86,88,stronger support,standalone-final-ledger
198,ferrer-dillahunty-god-morality-2018,John Ferrer vs Matt Dillahunty: Do We Need God for Morality?,theist,pro,John Ferrer,intrinsic-good-is-self-desirable,reply,2,61,46,74,70,74,55,63,effectively unsupported,standalone-final-ledger
198,ferrer-dillahunty-god-morality-2018,John Ferrer vs Matt Dillahunty: Do We Need God for Morality?,non_theist,con,Matt Dillahunty,veil-of-ignorance-reduces-bias,reply,3,86,74,83,83,88,90,83,material warrant or verification step compressed,standalone-final-ledger
198,ferrer-dillahunty-god-morality-2018,John Ferrer vs Matt Dillahunty: Do We Need God for Morality?,non_theist,con,Matt Dillahunty,self-interest-can-produce-cooperation,reply,3,81,69,86,83,83,79,80,assertion/anecdote/authority/speculation carries substantial weight,standalone-final-ledger
198,ferrer-dillahunty-god-morality-2018,John Ferrer vs Matt Dillahunty: Do We Need God for Morality?,theist,pro,John Ferrer,conditional-goals-are-not-morality,reply,3,74,58,87,83,81,72,75,assertion/anecdote/authority/speculation carries substantial weight,standalone-final-ledger
198,ferrer-dillahunty-god-morality-2018,John Ferrer vs Matt Dillahunty: Do We Need God for Morality?,theist,pro,John Ferrer,sociopath-tests-motivation-standard,reply,3,70,55,77,75,79,64,69,assertion/anecdote/authority/speculation carries substantial weight,standalone-final-ledger
198,ferrer-dillahunty-god-morality-2018,John Ferrer vs Matt Dillahunty: Do We Need God for Morality?,non_theist,con,Matt Dillahunty,wellbeing-facts-are-objective,reply,3,83,72,89,84,78,84,82,material warrant or verification step compressed,standalone-final-ledger
198,ferrer-dillahunty-god-morality-2018,John Ferrer vs Matt Dillahunty: Do We Need God for Morality?,theist,pro,John Ferrer,data-still-passes-through-brain,reply,3,50,49,84,72,66,59,62,effectively unsupported,standalone-final-ledger
198,ferrer-dillahunty-god-morality-2018,John Ferrer vs Matt Dillahunty: Do We Need God for Morality?,non_theist,con,Matt Dillahunty,conflicting-revelations-remain-unresolved,reply,3,87,73,92,88,87,80,85,material warrant or verification step compressed,standalone-final-ledger
198,ferrer-dillahunty-god-morality-2018,John Ferrer vs Matt Dillahunty: Do We Need God for Morality?,theist,pro,John Ferrer,scripture-guides-nonabolitionist-societies,reply,3,61,47,70,68,61,46,60,effectively unsupported,standalone-final-ledger
198,ferrer-dillahunty-god-morality-2018,John Ferrer vs Matt Dillahunty: Do We Need God for Morality?,non_theist,con,Matt Dillahunty,arbitrary-standard-allows-objective-measurement,reply,3,88,78,93,91,91,87,88,material warrant or verification step compressed,standalone-final-ledger
200,craig-stenger-god-existence-2010,William Lane Craig vs Victor Stenger: Does God Exist?,theist,pro,William Lane Craig,pro-ontological-possibility-entailment,constructive,2,82,64,87,81,84,72,78,assertion/anecdote/authority/speculation carries substantial weight,standalone-final-ledger
200,craig-stenger-god-existence-2010,William Lane Craig vs Victor Stenger: Does God Exist?,theist,pro,William Lane Craig,pro-contingency-personal-explanation,constructive,2,74,59,85,81,76,66,74,assertion/anecdote/authority/speculation carries substantial weight,standalone-final-ledger
200,craig-stenger-god-existence-2010,William Lane Craig vs Victor Stenger: Does God Exist?,theist,pro,William Lane Craig,pro-beginning-personal-creator,constructive,2,81,67,86,84,82,71,79,assertion/anecdote/authority/speculation carries substantial weight,standalone-final-ledger
200,craig-stenger-god-existence-2010,William Lane Craig vs Victor Stenger: Does God Exist?,theist,pro,William Lane Craig,pro-objective-morality-divine-ground,constructive,2,78,65,86,83,82,71,77,assertion/anecdote/authority/speculation carries substantial weight,standalone-final-ledger
200,craig-stenger-god-existence-2010,William Lane Craig vs Victor Stenger: Does God Exist?,theist,pro,William Lane Craig,pro-resurrection-best-explanation,constructive,2,74,65,84,80,78,66,75,assertion/anecdote/authority/speculation carries substantial weight,standalone-final-ledger
200,craig-stenger-god-existence-2010,William Lane Craig vs Victor Stenger: Does God Exist?,theist,pro,William Lane Craig,pro-personal-experience-cumulative-case,constructive,2,71,55,81,72,77,66,70,assertion/anecdote/authority/speculation carries substantial weight,standalone-final-ledger
200,craig-stenger-god-existence-2010,William Lane Craig vs Victor Stenger: Does God Exist?,non_theist,con,Victor Stenger,con-expected-evidence-absence-test,constructive,2,78,63,83,81,77,55,74,assertion/anecdote/authority/speculation carries substantial weight,standalone-final-ledger
200,craig-stenger-god-existence-2010,William Lane Craig vs Victor Stenger: Does God Exist?,non_theist,con,Victor Stenger,con-unverified-revelation-claims,constructive,2,67,58,81,75,69,48,68,assertion/anecdote/authority/speculation carries substantial weight,standalone-final-ledger
200,craig-stenger-god-existence-2010,William Lane Craig vs Victor Stenger: Does God Exist?,non_theist,con,Victor Stenger,con-intercessory-prayer-null-results,constructive,2,78,75,85,82,80,75,79,material warrant or verification step compressed,standalone-final-ledger
200,craig-stenger-god-existence-2010,William Lane Craig vs Victor Stenger: Does God Exist?,non_theist,con,Victor Stenger,con-evolutionary-complexity-imperfect-design,constructive,2,80,74,86,83,79,70,79,material warrant or verification step compressed,standalone-final-ledger
200,craig-stenger-god-existence-2010,William Lane Craig vs Victor Stenger: Does God Exist?,non_theist,con,Victor Stenger,con-zero-energy-natural-cosmos,constructive,2,66,55,82,72,70,52,67,assertion/anecdote/authority/speculation carries substantial weight,standalone-final-ledger
200,craig-stenger-god-existence-2010,William Lane Craig vs Victor Stenger: Does God Exist?,non_theist,con,Victor Stenger,con-quantum-tunneling-natural-origin,constructive,2,76,70,84,80,79,72,77,material warrant or verification step compressed,standalone-final-ledger
200,craig-stenger-god-existence-2010,William Lane Craig vs Victor Stenger: Does God Exist?,non_theist,con,Victor Stenger,con-mind-brain-dependence,constructive,2,80,75,86,81,82,76,80,material warrant or verification step compressed,standalone-final-ledger
200,craig-stenger-god-existence-2010,William Lane Craig vs Victor Stenger: Does God Exist?,non_theist,con,Victor Stenger,con-hiddenness-from-nonbelief,constructive,2,61,50,80,72,74,43,64,assertion/anecdote/authority/speculation carries substantial weight,standalone-final-ledger
200,craig-stenger-god-existence-2010,William Lane Craig vs Victor Stenger: Does God Exist?,theist,pro,William Lane Craig,pro-immediate-selective-knowledge-reply,reply,2,75,55,82,77,79,73,73,assertion/anecdote/authority/speculation carries substantial weight,standalone-final-ledger
200,craig-stenger-god-existence-2010,William Lane Craig vs Victor Stenger: Does God Exist?,theist,pro,William Lane Craig,pro-vacuum-not-nothing-causal-reply,reply,2,85,70,88,85,84,69,81,material warrant or verification step compressed,standalone-final-ledger
200,craig-stenger-god-existence-2010,William Lane Craig vs Victor Stenger: Does God Exist?,theist,pro,William Lane Craig,pro-past-boundary-expanding-cosmologies,reply,2,79,74,87,85,81,72,80,material warrant or verification step compressed,standalone-final-ledger
200,craig-stenger-god-existence-2010,William Lane Craig vs Victor Stenger: Does God Exist?,theist,pro,William Lane Craig,pro-mental-properties-resist-reduction,reply,2,76,57,86,82,77,62,74,assertion/anecdote/authority/speculation carries substantial weight,standalone-final-ledger
200,craig-stenger-god-existence-2010,William Lane Craig vs Victor Stenger: Does God Exist?,theist,pro,William Lane Craig,pro-contingent-reality-needs-explanation,reply,2,72,54,76,77,76,63,69,assertion/anecdote/authority/speculation carries substantial weight,standalone-final-ledger
200,craig-stenger-god-existence-2010,William Lane Craig vs Victor Stenger: Does God Exist?,non_theist,con,Victor Stenger,con-logic-and-pizza-ontology-objection,reply,2,54,43,69,62,65,55,57,effectively unsupported,standalone-final-ledger
200,craig-stenger-god-existence-2010,William Lane Craig vs Victor Stenger: Does God Exist?,non_theist,con,Victor Stenger,con-quantum-causation-beginningless-models,reply,2,70,64,81,77,75,66,72,assertion/anecdote/authority/speculation carries substantial weight,standalone-final-ledger
200,craig-stenger-god-existence-2010,William Lane Craig vs Victor Stenger: Does God Exist?,non_theist,con,Victor Stenger,con-no-boundary-prior-universe-models,reply,2,74,67,85,80,78,70,76,assertion/anecdote/authority/speculation carries substantial weight,standalone-final-ledger
200,craig-stenger-god-existence-2010,William Lane Craig vs Victor Stenger: Does God Exist?,non_theist,con,Victor Stenger,con-natural-social-morality,reply,2,57,57,78,69,68,54,64,assertion/anecdote/authority/speculation carries substantial weight,standalone-final-ledger
200,craig-stenger-god-existence-2010,William Lane Craig vs Victor Stenger: Does God Exist?,non_theist,con,Victor Stenger,con-empty-tomb-historical-dispute,reply,2,71,60,82,77,75,61,71,assertion/anecdote/authority/speculation carries substantial weight,standalone-final-ledger
200,craig-stenger-god-existence-2010,William Lane Craig vs Victor Stenger: Does God Exist?,theist,pro,William Lane Craig,pro-pizza-parody-coherence-reply,reply,2,85,72,91,87,84,72,83,material warrant or verification step compressed,standalone-final-ledger
200,craig-stenger-god-existence-2010,William Lane Craig vs Victor Stenger: Does God Exist?,theist,pro,William Lane Craig,pro-quantum-interpretations-bounded-models,reply,2,83,75,90,87,83,77,83,material warrant or verification step compressed,standalone-final-ledger
200,craig-stenger-god-existence-2010,William Lane Craig vs Victor Stenger: Does God Exist?,theist,pro,William Lane Craig,pro-objective-not-intersubjective-morality,reply,2,88,72,93,91,88,77,85,material warrant or verification step compressed,standalone-final-ledger
200,craig-stenger-god-existence-2010,William Lane Craig vs Victor Stenger: Does God Exist?,theist,pro,William Lane Craig,pro-multiple-sources-majority-history,reply,2,78,69,87,85,80,68,78,assertion/anecdote/authority/speculation carries substantial weight,standalone-final-ledger
200,craig-stenger-god-existence-2010,William Lane Craig vs Victor Stenger: Does God Exist?,non_theist,con,Victor Stenger,con-extraordinary-claim-burden,reply,3,65,59,73,71,73,57,66,assertion/anecdote/authority/speculation carries substantial weight,standalone-final-ledger
200,craig-stenger-god-existence-2010,William Lane Craig vs Victor Stenger: Does God Exist?,non_theist,con,Victor Stenger,con-natural-knowledge-of-harm,reply,2,64,54,75,69,71,61,65,assertion/anecdote/authority/speculation carries substantial weight,standalone-final-ledger
200,craig-stenger-god-existence-2010,William Lane Craig vs Victor Stenger: Does God Exist?,non_theist,con,Victor Stenger,con-late-gospels-martyrdom-insufficient,reply,2,73,58,84,78,76,61,72,assertion/anecdote/authority/speculation carries substantial weight,standalone-final-ledger
200,craig-stenger-god-existence-2010,William Lane Craig vs Victor Stenger: Does God Exist?,non_theist,con,Victor Stenger,con-inner-experience-needs-verification,reply,2,78,54,88,81,83,74,76,assertion/anecdote/authority/speculation carries substantial weight,standalone-final-ledger
200,craig-stenger-god-existence-2010,William Lane Craig vs Victor Stenger: Does God Exist?,theist,pro,William Lane Craig,pro-cumulative-evidence-closing,reply,3,79,67,86,86,81,69,78,assertion/anecdote/authority/speculation carries substantial weight,standalone-final-ledger
200,craig-stenger-god-existence-2010,William Lane Craig vs Victor Stenger: Does God Exist?,non_theist,con,Victor Stenger,con-natural-complexity-closing,reply,3,65,57,72,71,71,58,66,assertion/anecdote/authority/speculation carries substantial weight,standalone-final-ledger
200,craig-stenger-god-existence-2010,William Lane Craig vs Victor Stenger: Does God Exist?,non_theist,con,Victor Stenger,con-empty-tomb-late-alternatives,reply,2,80,63,89,83,81,71,78,assertion/anecdote/authority/speculation carries substantial weight,standalone-final-ledger
200,craig-stenger-god-existence-2010,William Lane Craig vs Victor Stenger: Does God Exist?,theist,pro,William Lane Craig,pro-core-facts-majority-reply,reply,2,71,58,85,78,77,60,72,assertion/anecdote/authority/speculation carries substantial weight,standalone-final-ledger
200,craig-stenger-god-existence-2010,William Lane Craig vs Victor Stenger: Does God Exist?,theist,pro,William Lane Craig,pro-simultaneous-timeless-causation,reply,2,81,64,88,84,82,73,79,assertion/anecdote/authority/speculation carries substantial weight,standalone-final-ledger
200,craig-stenger-god-existence-2010,William Lane Craig vs Victor Stenger: Does God Exist?,non_theist,con,Victor Stenger,con-physical-time-model-objection,reply,2,48,41,60,55,58,43,51,effectively unsupported,standalone-final-ledger
200,craig-stenger-god-existence-2010,William Lane Craig vs Victor Stenger: Does God Exist?,non_theist,con,Victor Stenger,con-suffering-evil-god-fit,reply,2,70,52,76,72,71,49,66,assertion/anecdote/authority/speculation carries substantial weight,standalone-final-ledger
200,craig-stenger-god-existence-2010,William Lane Craig vs Victor Stenger: Does God Exist?,theist,pro,William Lane Craig,pro-morally-sufficient-reasons-evil-reply,reply,2,74,54,82,79,78,62,72,assertion/anecdote/authority/speculation carries substantial weight,standalone-final-ledger
200,craig-stenger-god-existence-2010,William Lane Craig vs Victor Stenger: Does God Exist?,non_theist,con,Victor Stenger,con-current-data-material-universe,reply,2,75,56,69,68,80,86,71,assertion/anecdote/authority/speculation carries substantial weight,standalone-final-ledger
200,craig-stenger-god-existence-2010,William Lane Craig vs Victor Stenger: Does God Exist?,theist,pro,William Lane Craig,pro-evolutionary-defeater-for-naturalism,reply,2,56,48,74,70,72,52,61,effectively unsupported,standalone-final-ledger
202,dawkins-lennox-god-delusion-2007,Is Belief in God a Delusion? Richard Dawkins vs. John Lennox (2007),non_theist,pro,Richard Dawkins,darwinism-ended-youthful-faith,constructive,3,73,63,76,74,82,69,72,assertion/anecdote/authority/speculation carries substantial weight,standalone-final-ledger
202,dawkins-lennox-god-delusion-2007,Is Belief in God a Delusion? Richard Dawkins vs. John Lennox (2007),theist,con,John Lennox,christian-upbringing-encouraged-inquiry,reply,2,77,63,67,71,84,81,72,assertion/anecdote/authority/speculation carries substantial weight,standalone-final-ledger
202,dawkins-lennox-god-delusion-2007,Is Belief in God a Delusion? Richard Dawkins vs. John Lennox (2007),non_theist,pro,Richard Dawkins,science-uses-evidence,constructive,3,76,66,80,78,84,76,76,assertion/anecdote/authority/speculation carries substantial weight,standalone-final-ledger
202,dawkins-lennox-god-delusion-2007,Is Belief in God a Delusion? Richard Dawkins vs. John Lennox (2007),non_theist,pro,Richard Dawkins,god-answers-stifle-investigation,constructive,3,70,56,78,75,78,55,69,assertion/anecdote/authority/speculation carries substantial weight,standalone-final-ledger
202,dawkins-lennox-god-delusion-2007,Is Belief in God a Delusion? Richard Dawkins vs. John Lennox (2007),theist,con,John Lennox,faith-strength-tracks-evidence,reply,3,84,73,84,83,87,85,82,material warrant or verification step compressed,standalone-final-ledger
202,dawkins-lennox-god-delusion-2007,Is Belief in God a Delusion? Richard Dawkins vs. John Lennox (2007),theist,con,John Lennox,science-has-rational-limits,constructive,3,82,77,80,77,85,85,80,material warrant or verification step compressed,standalone-final-ledger
202,dawkins-lennox-god-delusion-2007,Is Belief in God a Delusion? Richard Dawkins vs. John Lennox (2007),theist,con,John Lennox,theism-supported-rise-of-science,reply,2,78,67,83,77,81,71,76,assertion/anecdote/authority/speculation carries substantial weight,standalone-final-ledger
202,dawkins-lennox-god-delusion-2007,Is Belief in God a Delusion? Richard Dawkins vs. John Lennox (2007),non_theist,pro,Richard Dawkins,evidence-makes-faith-label-redundant,reply,2,62,69,77,66,79,59,68,assertion/anecdote/authority/speculation carries substantial weight,standalone-final-ledger
202,dawkins-lennox-god-delusion-2007,Is Belief in God a Delusion? Richard Dawkins vs. John Lennox (2007),non_theist,pro,Richard Dawkins,god-claims-are-scientific-claims,constructive,3,79,71,83,83,80,79,79,material warrant or verification step compressed,standalone-final-ledger
202,dawkins-lennox-god-delusion-2007,Is Belief in God a Delusion? Richard Dawkins vs. John Lennox (2007),theist,con,John Lennox,science-presupposes-rational-intelligibility,constructive,3,76,69,79,76,81,71,75,assertion/anecdote/authority/speculation carries substantial weight,standalone-final-ledger
202,dawkins-lennox-god-delusion-2007,Is Belief in God a Delusion? Richard Dawkins vs. John Lennox (2007),theist,con,John Lennox,materialism-undercuts-trust-in-reason,constructive,3,58,54,73,70,75,58,64,assertion/anecdote/authority/speculation carries substantial weight,standalone-final-ledger
202,dawkins-lennox-god-delusion-2007,Is Belief in God a Delusion? Richard Dawkins vs. John Lennox (2007),theist,con,John Lennox,fine-tuning-points-beyond-multiverse,constructive,3,69,62,77,76,76,72,71,assertion/anecdote/authority/speculation carries substantial weight,standalone-final-ledger
202,dawkins-lennox-god-delusion-2007,Is Belief in God a Delusion? Richard Dawkins vs. John Lennox (2007),non_theist,pro,Richard Dawkins,designer-postulate-explains-nothing,reply,3,70,64,86,81,80,63,74,assertion/anecdote/authority/speculation carries substantial weight,standalone-final-ledger
202,dawkins-lennox-god-delusion-2007,Is Belief in God a Delusion? Richard Dawkins vs. John Lennox (2007),non_theist,pro,Richard Dawkins,multiverse-anthropic-interim-explanation,reply,3,77,61,84,80,78,77,76,assertion/anecdote/authority/speculation carries substantial weight,standalone-final-ledger
202,dawkins-lennox-god-delusion-2007,Is Belief in God a Delusion? Richard Dawkins vs. John Lennox (2007),theist,con,John Lennox,anthropic-principle-is-truism,reply,3,77,69,83,80,80,72,77,assertion/anecdote/authority/speculation carries substantial weight,standalone-final-ledger
202,dawkins-lennox-god-delusion-2007,Is Belief in God a Delusion? Richard Dawkins vs. John Lennox (2007),theist,con,John Lennox,uncreated-god-escapes-created-regress,reply,3,63,58,74,70,81,59,67,assertion/anecdote/authority/speculation carries substantial weight,standalone-final-ledger
202,dawkins-lennox-god-delusion-2007,Is Belief in God a Delusion? Richard Dawkins vs. John Lennox (2007),theist,con,John Lennox,complex-explanations-can-explain-simple-events,reply,2,74,71,77,73,78,74,74,material warrant or verification step compressed,standalone-final-ledger
202,dawkins-lennox-god-delusion-2007,Is Belief in God a Delusion? Richard Dawkins vs. John Lennox (2007),non_theist,pro,Richard Dawkins,complexity-must-arise-from-simplicity,reply,3,78,67,87,83,83,78,79,assertion/anecdote/authority/speculation carries substantial weight,standalone-final-ledger
202,dawkins-lennox-god-delusion-2007,Is Belief in God a Delusion? Richard Dawkins vs. John Lennox (2007),non_theist,pro,Richard Dawkins,unquestionable-faith-removes-justification,constructive,3,78,61,80,78,82,66,74,assertion/anecdote/authority/speculation carries substantial weight,standalone-final-ledger
202,dawkins-lennox-god-delusion-2007,Is Belief in God a Delusion? Richard Dawkins vs. John Lennox (2007),theist,con,John Lennox,christian-violence-disobeys-christ,reply,3,79,69,72,76,82,87,76,assertion/anecdote/authority/speculation carries substantial weight,standalone-final-ledger
202,dawkins-lennox-god-delusion-2007,Is Belief in God a Delusion? Richard Dawkins vs. John Lennox (2007),theist,con,John Lennox,atheist-states-also-produced-atrocities,constructive,3,69,73,71,72,79,62,71,material warrant or verification step compressed,standalone-final-ledger
202,dawkins-lennox-god-delusion-2007,Is Belief in God a Delusion? Richard Dawkins vs. John Lennox (2007),non_theist,pro,Richard Dawkins,religious-premises-create-logical-path-to-harm,reply,3,83,70,88,85,86,88,82,material warrant or verification step compressed,standalone-final-ledger
202,dawkins-lennox-god-delusion-2007,Is Belief in God a Delusion? Richard Dawkins vs. John Lennox (2007),non_theist,pro,Richard Dawkins,promised-paradise-can-rationalize-violence,constructive,3,85,69,84,84,84,78,81,assertion/anecdote/authority/speculation carries substantial weight,standalone-final-ledger
202,dawkins-lennox-god-delusion-2007,Is Belief in God a Delusion? Richard Dawkins vs. John Lennox (2007),theist,con,John Lennox,fanatical-ideology-not-religion-alone,reply,3,75,58,73,73,72,62,69,assertion/anecdote/authority/speculation carries substantial weight,standalone-final-ledger
202,dawkins-lennox-god-delusion-2007,Is Belief in God a Delusion? Richard Dawkins vs. John Lennox (2007),non_theist,pro,Richard Dawkins,scripture-requires-independent-moral-selection,constructive,3,77,60,79,80,75,58,72,assertion/anecdote/authority/speculation carries substantial weight,standalone-final-ledger
202,dawkins-lennox-god-delusion-2007,Is Belief in God a Delusion? Richard Dawkins vs. John Lennox (2007),non_theist,pro,Richard Dawkins,evolution-built-prosocial-dispositions,constructive,3,82,72,83,82,81,83,80,material warrant or verification step compressed,standalone-final-ledger
202,dawkins-lennox-god-delusion-2007,Is Belief in God a Delusion? Richard Dawkins vs. John Lennox (2007),non_theist,pro,Richard Dawkins,moral-zeitgeist-changes-without-scripture,constructive,2,76,70,80,77,74,78,76,material warrant or verification step compressed,standalone-final-ledger
202,dawkins-lennox-god-delusion-2007,Is Belief in God a Delusion? Richard Dawkins vs. John Lennox (2007),theist,con,John Lennox,common-morality-reflects-gods-image,reply,3,70,60,74,77,84,87,73,assertion/anecdote/authority/speculation carries substantial weight,standalone-final-ledger
202,dawkins-lennox-god-delusion-2007,Is Belief in God a Delusion? Richard Dawkins vs. John Lennox (2007),theist,con,John Lennox,naturalism-removes-moral-criteria,reply,3,66,59,80,80,77,58,70,assertion/anecdote/authority/speculation carries substantial weight,standalone-final-ledger
202,dawkins-lennox-god-delusion-2007,Is Belief in God a Delusion? Richard Dawkins vs. John Lennox (2007),theist,con,John Lennox,rebellion-against-genes-seems-incoherent,reply,3,64,56,84,78,80,52,69,assertion/anecdote/authority/speculation carries substantial weight,standalone-final-ledger
202,dawkins-lennox-god-delusion-2007,Is Belief in God a Delusion? Richard Dawkins vs. John Lennox (2007),non_theist,pro,Richard Dawkins,unpleasant-world-can-still-be-true,reply,3,87,78,73,75,87,74,79,material warrant or verification step compressed,standalone-final-ledger
202,dawkins-lennox-god-delusion-2007,Is Belief in God a Delusion? Richard Dawkins vs. John Lennox (2007),non_theist,pro,Richard Dawkins,contraception-shows-gene-rebellion,reply,3,84,80,90,83,86,81,84,stronger support,standalone-final-ledger
202,dawkins-lennox-god-delusion-2007,Is Belief in God a Delusion? Richard Dawkins vs. John Lennox (2007),theist,con,John Lennox,luke-supports-scriptural-historicity,constructive,2,72,61,76,76,72,64,70,assertion/anecdote/authority/speculation carries substantial weight,standalone-final-ledger
202,dawkins-lennox-god-delusion-2007,Is Belief in God a Delusion? Richard Dawkins vs. John Lennox (2007),theist,con,John Lennox,neighbor-command-includes-stranger,reply,3,84,82,68,77,85,68,78,stronger support,standalone-final-ledger
202,dawkins-lennox-god-delusion-2007,Is Belief in God a Delusion? Richard Dawkins vs. John Lennox (2007),theist,con,John Lennox,miracles-need-not-violate-natural-law,constructive,3,66,54,75,73,73,60,67,assertion/anecdote/authority/speculation carries substantial weight,standalone-final-ledger
202,dawkins-lennox-god-delusion-2007,Is Belief in God a Delusion? Richard Dawkins vs. John Lennox (2007),theist,con,John Lennox,garden-order-indicates-owner,constructive,3,56,50,71,70,76,54,62,assertion/anecdote/authority/speculation carries substantial weight,standalone-final-ledger
202,dawkins-lennox-god-delusion-2007,Is Belief in God a Delusion? Richard Dawkins vs. John Lennox (2007),theist,con,John Lennox,resurrection-is-central-evidence,constructive,3,69,47,77,82,81,61,69,effectively unsupported,standalone-final-ledger
202,dawkins-lennox-god-delusion-2007,Is Belief in God a Delusion? Richard Dawkins vs. John Lennox (2007),non_theist,pro,Richard Dawkins,resurrection-too-local-for-cosmic-theism,reply,3,52,46,70,65,75,43,58,effectively unsupported,standalone-final-ledger
202,dawkins-lennox-god-delusion-2007,Is Belief in God a Delusion? Richard Dawkins vs. John Lennox (2007),non_theist,pro,Richard Dawkins,darwin-removes-gardener-inference,reply,3,84,80,90,84,83,72,83,stronger support,standalone-final-ledger
203,craig-flew-god-existence-1998,Does God Exist? William Lane Craig vs. Antony Flew (1998),theist,pro,William Lane Craig,actual-infinite-past-impossible,constructive,3,60,59,84,80,77,58,69,assertion/anecdote/authority/speculation carries substantial weight,standalone-final-ledger
203,craig-flew-god-existence-1998,Does God Exist? William Lane Craig vs. Antony Flew (1998),theist,pro,William Lane Craig,beginning-universe-requires-cause,constructive,3,78,68,90,86,86,70,80,assertion/anecdote/authority/speculation carries substantial weight,standalone-final-ledger
203,craig-flew-god-existence-1998,Does God Exist? William Lane Craig vs. Antony Flew (1998),theist,pro,William Lane Craig,timeless-cause-must-be-personal,constructive,3,68,59,87,84,81,62,73,assertion/anecdote/authority/speculation carries substantial weight,standalone-final-ledger
203,craig-flew-god-existence-1998,Does God Exist? William Lane Craig vs. Antony Flew (1998),theist,pro,William Lane Craig,fine-tuning-improbability,constructive,3,74,61,86,81,72,59,73,assertion/anecdote/authority/speculation carries substantial weight,standalone-final-ledger
203,craig-flew-god-existence-1998,Does God Exist? William Lane Craig vs. Antony Flew (1998),theist,pro,William Lane Craig,fine-tuning-best-explained-by-design,constructive,3,58,52,88,82,88,57,69,assertion/anecdote/authority/speculation carries substantial weight,standalone-final-ledger
203,craig-flew-god-existence-1998,Does God Exist? William Lane Craig vs. Antony Flew (1998),theist,pro,William Lane Craig,atheism-cannot-ground-moral-objectivity,constructive,3,60,52,88,82,81,51,69,assertion/anecdote/authority/speculation carries substantial weight,standalone-final-ledger
203,craig-flew-god-existence-1998,Does God Exist? William Lane Craig vs. Antony Flew (1998),theist,pro,William Lane Craig,objective-values-entail-god,constructive,3,79,64,89,86,88,68,79,assertion/anecdote/authority/speculation carries substantial weight,standalone-final-ledger
203,craig-flew-god-existence-1998,Does God Exist? William Lane Craig vs. Antony Flew (1998),theist,pro,William Lane Craig,resurrection-would-evidence-god,constructive,3,77,63,88,83,83,73,78,assertion/anecdote/authority/speculation carries substantial weight,standalone-final-ledger
203,craig-flew-god-existence-1998,Does God Exist? William Lane Craig vs. Antony Flew (1998),theist,pro,William Lane Craig,empty-tomb-and-appearances-established,constructive,3,78,68,89,84,82,65,78,assertion/anecdote/authority/speculation carries substantial weight,standalone-final-ledger
203,craig-flew-god-existence-1998,Does God Exist? William Lane Craig vs. Antony Flew (1998),theist,pro,William Lane Craig,disciples-unexpected-resurrection-belief,constructive,3,74,67,89,82,81,61,76,assertion/anecdote/authority/speculation carries substantial weight,standalone-final-ledger
203,craig-flew-god-existence-1998,Does God Exist? William Lane Craig vs. Antony Flew (1998),theist,pro,William Lane Craig,immediate-experience-can-warrant-god-belief,constructive,2,68,55,82,72,76,61,69,assertion/anecdote/authority/speculation carries substantial weight,standalone-final-ledger
203,craig-flew-god-existence-1998,Does God Exist? William Lane Craig vs. Antony Flew (1998),non_theist,con,Antony Flew,insufficient-reasons-not-disproof,constructive,3,87,73,88,89,87,84,84,material warrant or verification step compressed,standalone-final-ledger
203,craig-flew-god-existence-1998,Does God Exist? William Lane Craig vs. Antony Flew (1998),non_theist,con,Antony Flew,explanation-can-stop-at-big-bang,reply,3,75,65,82,81,79,80,76,assertion/anecdote/authority/speculation carries substantial weight,standalone-final-ledger
203,craig-flew-god-existence-1998,Does God Exist? William Lane Craig vs. Antony Flew (1998),non_theist,con,Antony Flew,knowledge-may-end-at-big-bang,constructive,3,79,61,80,85,76,84,77,assertion/anecdote/authority/speculation carries substantial weight,standalone-final-ledger
203,craig-flew-god-existence-1998,Does God Exist? William Lane Craig vs. Antony Flew (1998),non_theist,con,Antony Flew,cause-does-not-establish-standard-god,reply,2,83,70,86,82,79,75,80,material warrant or verification step compressed,standalone-final-ledger
203,craig-flew-god-existence-1998,Does God Exist? William Lane Craig vs. Antony Flew (1998),non_theist,con,Antony Flew,infinite-punishment-disproportionate,constructive,3,84,74,81,73,86,71,79,material warrant or verification step compressed,standalone-final-ledger
203,craig-flew-god-existence-1998,Does God Exist? William Lane Craig vs. Antony Flew (1998),non_theist,con,Antony Flew,eternal-person-inconsistent-explanation,reply,3,51,55,73,73,59,54,61,assertion/anecdote/authority/speculation carries substantial weight,standalone-final-ledger
203,craig-flew-god-existence-1998,Does God Exist? William Lane Craig vs. Antony Flew (1998),non_theist,con,Antony Flew,omnipotence-could-create-free-obedience,constructive,3,65,56,82,76,70,53,68,assertion/anecdote/authority/speculation carries substantial weight,standalone-final-ledger
203,craig-flew-god-existence-1998,Does God Exist? William Lane Craig vs. Antony Flew (1998),non_theist,con,Antony Flew,artifact-analogy-does-not-establish-design,reply,3,70,66,65,70,76,63,68,assertion/anecdote/authority/speculation carries substantial weight,standalone-final-ledger
203,craig-flew-god-existence-1998,Does God Exist? William Lane Craig vs. Antony Flew (1998),theist,pro,William Lane Craig,omnipotence-cannot-cause-free-choice,reply,3,83,71,88,82,86,74,81,material warrant or verification step compressed,standalone-final-ledger
203,craig-flew-god-existence-1998,Does God Exist? William Lane Craig vs. Antony Flew (1998),theist,pro,William Lane Craig,mental-properties-support-immaterial-self,reply,2,64,60,68,71,79,63,66,assertion/anecdote/authority/speculation carries substantial weight,standalone-final-ledger
203,craig-flew-god-existence-1998,Does God Exist? William Lane Craig vs. Antony Flew (1998),theist,pro,William Lane Craig,causal-principle-bars-brute-beginning,reply,3,77,70,88,85,85,70,79,material warrant or verification step compressed,standalone-final-ledger
203,craig-flew-god-existence-1998,Does God Exist? William Lane Craig vs. Antony Flew (1998),theist,pro,William Lane Craig,fine-tuning-not-law-or-chance,reply,3,69,62,75,82,75,58,70,assertion/anecdote/authority/speculation carries substantial weight,standalone-final-ledger
203,craig-flew-god-existence-1998,Does God Exist? William Lane Craig vs. Antony Flew (1998),theist,pro,William Lane Craig,specified-improbability-signals-design,reply,3,72,64,86,78,76,67,74,assertion/anecdote/authority/speculation carries substantial weight,standalone-final-ledger
203,craig-flew-god-existence-1998,Does God Exist? William Lane Craig vs. Antony Flew (1998),non_theist,con,Antony Flew,experience-does-not-establish-god-objectively,reply,3,86,75,90,84,85,84,84,material warrant or verification step compressed,standalone-final-ledger
203,craig-flew-god-existence-1998,Does God Exist? William Lane Craig vs. Antony Flew (1998),non_theist,con,Antony Flew,causal-principle-bounded-within-universe,reply,3,81,72,89,85,83,74,81,material warrant or verification step compressed,standalone-final-ledger
203,craig-flew-god-existence-1998,Does God Exist? William Lane Craig vs. Antony Flew (1998),non_theist,con,Antony Flew,god-could-move-will-without-coercion,reply,3,74,72,85,79,76,80,77,material warrant or verification step compressed,standalone-final-ledger
203,craig-flew-god-existence-1998,Does God Exist? William Lane Craig vs. Antony Flew (1998),theist,pro,William Lane Craig,molinism-preserves-libertarian-alternatives,reply,3,83,73,90,83,85,85,83,material warrant or verification step compressed,standalone-final-ledger
203,craig-flew-god-existence-1998,Does God Exist? William Lane Craig vs. Antony Flew (1998),theist,pro,William Lane Craig,materialism-fails-personal-identity,reply,2,62,54,65,67,71,72,64,assertion/anecdote/authority/speculation carries substantial weight,standalone-final-ledger
203,craig-flew-god-existence-1998,Does God Exist? William Lane Craig vs. Antony Flew (1998),non_theist,con,Antony Flew,late-documents-undercut-resurrection-evidence,reply,3,80,70,82,82,80,75,78,material warrant or verification step compressed,standalone-final-ledger
203,craig-flew-god-existence-1998,Does God Exist? William Lane Craig vs. Antony Flew (1998),non_theist,con,Antony Flew,pauline-visions-differ-from-bodily-narratives,reply,2,81,69,86,80,80,75,79,assertion/anecdote/authority/speculation carries substantial weight,standalone-final-ledger
203,craig-flew-god-existence-1998,Does God Exist? William Lane Craig vs. Antony Flew (1998),non_theist,con,Antony Flew,objective-morality-independent-of-command,reply,3,76,65,83,83,77,76,76,assertion/anecdote/authority/speculation carries substantial weight,standalone-final-ledger
203,craig-flew-god-existence-1998,Does God Exist? William Lane Craig vs. Antony Flew (1998),theist,pro,William Lane Craig,no-naturalistic-resurrection-alternative-offered,reply,3,67,63,74,78,82,60,70,assertion/anecdote/authority/speculation carries substantial weight,standalone-final-ledger
203,craig-flew-god-existence-1998,Does God Exist? William Lane Craig vs. Antony Flew (1998),non_theist,con,Antony Flew,small-big-bang-causal-analogy-fails,reply,3,82,70,90,84,89,80,82,material warrant or verification step compressed,standalone-final-ledger
203,craig-flew-god-existence-1998,Does God Exist? William Lane Craig vs. Antony Flew (1998),non_theist,con,Antony Flew,cosmic-probability-lacks-reference-class,reply,3,80,73,88,85,85,80,81,material warrant or verification step compressed,standalone-final-ledger
204,singer-dsouza-morality-without-god-2008,Can There Be Morality Without God? Dinesh D'Souza vs. Peter Singer (2008),non_theist,con,Peter Singer,natural-suffering-challenges-judeo-christian-god,constructive,3,85,79,88,80,85,75,83,material warrant or verification step compressed,standalone-final-ledger
204,singer-dsouza-morality-without-god-2008,Can There Be Morality Without God? Dinesh D'Souza vs. Peter Singer (2008),non_theist,con,Peter Singer,euthyphro-independence-of-wrongness,constructive,3,90,85,92,92,91,80,89,stronger support,standalone-final-ledger
204,singer-dsouza-morality-without-god-2008,Can There Be Morality Without God? Dinesh D'Souza vs. Peter Singer (2008),non_theist,con,Peter Singer,scripture-requires-independent-judgment,constructive,2,84,73,85,85,87,77,82,material warrant or verification step compressed,standalone-final-ledger
204,singer-dsouza-morality-without-god-2008,Can There Be Morality Without God? Dinesh D'Souza vs. Peter Singer (2008),non_theist,con,Peter Singer,afterlife-sanctions-do-not-secure-conduct,constructive,2,79,68,84,82,82,81,79,assertion/anecdote/authority/speculation carries substantial weight,standalone-final-ledger
204,singer-dsouza-morality-without-god-2008,Can There Be Morality Without God? Dinesh D'Souza vs. Peter Singer (2008),theist,pro,Dinesh D'Souza,western-secular-values-derive-from-christianity,constructive,3,70,60,79,75,76,83,72,assertion/anecdote/authority/speculation carries substantial weight,standalone-final-ledger
204,singer-dsouza-morality-without-god-2008,Can There Be Morality Without God? Dinesh D'Souza vs. Peter Singer (2008),theist,pro,Dinesh D'Souza,conscience-points-beyond-darwinian-interest,constructive,3,67,58,79,79,76,65,70,assertion/anecdote/authority/speculation carries substantial weight,standalone-final-ledger
204,singer-dsouza-morality-without-god-2008,Can There Be Morality Without God? Dinesh D'Souza vs. Peter Singer (2008),theist,pro,Dinesh D'Souza,removing-god-removes-human-dignity,constructive,3,61,53,75,75,72,58,65,assertion/anecdote/authority/speculation carries substantial weight,standalone-final-ledger
204,singer-dsouza-morality-without-god-2008,Can There Be Morality Without God? Dinesh D'Souza vs. Peter Singer (2008),theist,pro,Dinesh D'Souza,atheist-regimes-as-secular-test,constructive,2,54,59,71,66,67,48,61,assertion/anecdote/authority/speculation carries substantial weight,standalone-final-ledger
204,singer-dsouza-morality-without-god-2008,Can There Be Morality Without God? Dinesh D'Souza vs. Peter Singer (2008),non_theist,con,Peter Singer,evolved-compassion-and-reciprocity,reply,3,82,77,83,83,82,85,82,material warrant or verification step compressed,standalone-final-ledger
204,singer-dsouza-morality-without-god-2008,Can There Be Morality Without God? Dinesh D'Souza vs. Peter Singer (2008),non_theist,con,Peter Singer,pre-christian-and-nonchristian-compassion,reply,3,86,82,90,84,84,84,85,stronger support,standalone-final-ledger
204,singer-dsouza-morality-without-god-2008,Can There Be Morality Without God? Dinesh D'Souza vs. Peter Singer (2008),non_theist,con,Peter Singer,atrocities-not-unique-to-atheism,reply,2,74,53,77,69,78,84,71,assertion/anecdote/authority/speculation carries substantial weight,standalone-final-ledger
204,singer-dsouza-morality-without-god-2008,Can There Be Morality Without God? Dinesh D'Souza vs. Peter Singer (2008),theist,pro,Dinesh D'Souza,religiosity-correlates-with-charitable-giving,reply,2,77,73,81,74,80,69,76,material warrant or verification step compressed,standalone-final-ledger
204,singer-dsouza-morality-without-god-2008,Can There Be Morality Without God? Dinesh D'Souza vs. Peter Singer (2008),theist,pro,Dinesh D'Souza,darwinian-mechanisms-explain-only-self-interest,reply,3,71,65,86,82,79,61,74,assertion/anecdote/authority/speculation carries substantial weight,standalone-final-ledger
204,singer-dsouza-morality-without-god-2008,Can There Be Morality Without God? Dinesh D'Souza vs. Peter Singer (2008),theist,pro,Dinesh D'Souza,natural-evil-does-not-disprove-existence,reply,2,48,45,55,57,77,46,53,effectively unsupported,standalone-final-ledger
204,singer-dsouza-morality-without-god-2008,Can There Be Morality Without God? Dinesh D'Souza vs. Peter Singer (2008),theist,pro,Dinesh D'Souza,authoritative-law-requires-lawgiver,reply,3,63,55,79,86,77,61,69,assertion/anecdote/authority/speculation carries substantial weight,standalone-final-ledger
204,singer-dsouza-morality-without-god-2008,Can There Be Morality Without God? Dinesh D'Souza vs. Peter Singer (2008),non_theist,con,Peter Singer,rational-perspective-taking-explains-slavery-judgment,reply,3,82,74,84,83,84,81,81,material warrant or verification step compressed,standalone-final-ledger
204,singer-dsouza-morality-without-god-2008,Can There Be Morality Without God? Dinesh D'Souza vs. Peter Singer (2008),non_theist,con,Peter Singer,equal-consideration-grounded-in-interests,reply,3,83,76,87,88,88,85,84,material warrant or verification step compressed,standalone-final-ledger
204,singer-dsouza-morality-without-god-2008,Can There Be Morality Without God? Dinesh D'Souza vs. Peter Singer (2008),theist,pro,Dinesh D'Souza,secular-equality-smuggles-spiritual-equality,reply,3,71,58,84,83,79,67,73,assertion/anecdote/authority/speculation carries substantial weight,standalone-final-ledger
204,singer-dsouza-morality-without-god-2008,Can There Be Morality Without God? Dinesh D'Souza vs. Peter Singer (2008),non_theist,con,Peter Singer,social-reason-constructs-moral-codes,reply,3,76,66,79,83,73,78,76,assertion/anecdote/authority/speculation carries substantial weight,standalone-final-ledger
204,singer-dsouza-morality-without-god-2008,Can There Be Morality Without God? Dinesh D'Souza vs. Peter Singer (2008),non_theist,con,Peter Singer,moral-legitimacy-comes-from-better-reasons,reply,2,80,70,81,82,79,83,79,material warrant or verification step compressed,standalone-final-ledger
204,singer-dsouza-morality-without-god-2008,Can There Be Morality Without God? Dinesh D'Souza vs. Peter Singer (2008),theist,pro,Dinesh D'Souza,conscience-opposes-darwinian-self-interest,reply,2,66,55,78,76,73,56,67,assertion/anecdote/authority/speculation carries substantial weight,standalone-final-ledger
204,singer-dsouza-morality-without-god-2008,Can There Be Morality Without God? Dinesh D'Souza vs. Peter Singer (2008),theist,pro,Dinesh D'Souza,cosmic-accountability-supports-morality,reply,2,71,59,79,71,71,72,70,assertion/anecdote/authority/speculation carries substantial weight,standalone-final-ledger
204,singer-dsouza-morality-without-god-2008,Can There Be Morality Without God? Dinesh D'Souza vs. Peter Singer (2008),non_theist,con,Peter Singer,suffering-is-bad-through-impartial-perspective,reply,3,83,78,86,86,88,89,84,material warrant or verification step compressed,standalone-final-ledger
204,singer-dsouza-morality-without-god-2008,Can There Be Morality Without God? Dinesh D'Souza vs. Peter Singer (2008),theist,pro,Dinesh D'Souza,lawful-universe-enables-science-and-relief,reply,3,76,69,84,81,83,67,77,assertion/anecdote/authority/speculation carries substantial weight,standalone-final-ledger
204,singer-dsouza-morality-without-god-2008,Can There Be Morality Without God? Dinesh D'Souza vs. Peter Singer (2008),theist,pro,Dinesh D'Souza,reciprocity-cannot-generate-obligation,reply,3,81,73,87,87,82,70,81,material warrant or verification step compressed,standalone-final-ledger
204,singer-dsouza-morality-without-god-2008,Can There Be Morality Without God? Dinesh D'Souza vs. Peter Singer (2008),theist,pro,Dinesh D'Souza,tectonics-and-free-will-are-life-enabling-costs,reply,3,75,61,80,80,77,68,73,assertion/anecdote/authority/speculation carries substantial weight,standalone-final-ledger
204,singer-dsouza-morality-without-god-2008,Can There Be Morality Without God? Dinesh D'Souza vs. Peter Singer (2008),non_theist,con,Peter Singer,atheist-morality-need-not-be-subjectivist,reply,3,82,72,87,89,85,83,82,material warrant or verification step compressed,standalone-final-ledger
204,singer-dsouza-morality-without-god-2008,Can There Be Morality Without God? Dinesh D'Souza vs. Peter Singer (2008),non_theist,con,Peter Singer,lawful-universe-good-does-not-outweigh-suffering,reply,3,83,72,89,84,84,75,81,material warrant or verification step compressed,standalone-final-ledger
204,singer-dsouza-morality-without-god-2008,Can There Be Morality Without God? Dinesh D'Souza vs. Peter Singer (2008),non_theist,con,Peter Singer,darwinian-reason-empathy-is-parsimonious,reply,3,81,70,87,89,83,84,82,material warrant or verification step compressed,standalone-final-ledger
205,horn-watkins-god-existence-2021,Does God Exist? Trent Horn vs. Ben Watkins (2021),theist,pro,Trent Horn,pure-act-first-actualizer,constructive,1,69,62,78,79,77,67,72,assertion/anecdote/authority/speculation carries substantial weight,standalone-final-ledger
205,horn-watkins-god-existence-2021,Does God Exist? Trent Horn vs. Ben Watkins (2021),theist,pro,Trent Horn,pure-act-divine-attributes,constructive,2,72,64,80,81,79,68,74,assertion/anecdote/authority/speculation carries substantial weight,standalone-final-ledger
205,horn-watkins-god-existence-2021,Does God Exist? Trent Horn vs. Ben Watkins (2021),theist,pro,Trent Horn,finite-past-divine-cause,constructive,2,62,57,77,74,74,59,67,assertion/anecdote/authority/speculation carries substantial weight,standalone-final-ledger
205,horn-watkins-god-existence-2021,Does God Exist? Trent Horn vs. Ben Watkins (2021),theist,pro,Trent Horn,theism-human-value-responsibility,constructive,2,63,57,77,68,72,53,65,assertion/anecdote/authority/speculation carries substantial weight,standalone-final-ledger
205,horn-watkins-god-existence-2021,Does God Exist? Trent Horn vs. Ben Watkins (2021),theist,pro,Trent Horn,privation-entails-perfect-goodness,constructive,2,60,54,75,72,71,60,65,assertion/anecdote/authority/speculation carries substantial weight,standalone-final-ledger
205,horn-watkins-god-existence-2021,Does God Exist? Trent Horn vs. Ben Watkins (2021),non_theist,con,Ben Watkins,naturalism-simpler-prior,constructive,2,72,63,79,77,76,69,72,assertion/anecdote/authority/speculation carries substantial weight,standalone-final-ledger
205,horn-watkins-god-existence-2021,Does God Exist? Trent Horn vs. Ben Watkins (2021),non_theist,con,Ben Watkins,perfect-creator-perfect-universe,constructive,1,62,55,80,77,73,59,67,assertion/anecdote/authority/speculation carries substantial weight,standalone-final-ledger
205,horn-watkins-god-existence-2021,Does God Exist? Trent Horn vs. Ben Watkins (2021),non_theist,con,Ben Watkins,nonresistant-nontheism-contradiction,constructive,1,79,68,84,82,83,74,78,assertion/anecdote/authority/speculation carries substantial weight,standalone-final-ledger
205,horn-watkins-god-existence-2021,Does God Exist? Trent Horn vs. Ben Watkins (2021),non_theist,con,Ben Watkins,inductive-unjustified-evils,constructive,2,54,50,81,76,67,55,63,assertion/anecdote/authority/speculation carries substantial weight,standalone-final-ledger
205,horn-watkins-god-existence-2021,Does God Exist? Trent Horn vs. Ben Watkins (2021),non_theist,con,Ben Watkins,evolutionary-evil-favors-naturalism,constructive,1,78,75,84,83,79,70,79,material warrant or verification step compressed,standalone-final-ledger
205,horn-watkins-god-existence-2021,Does God Exist? Trent Horn vs. Ben Watkins (2021),non_theist,con,Ben Watkins,immutability-freedom-incompatibility,constructive,1,74,65,83,80,84,63,75,assertion/anecdote/authority/speculation carries substantial weight,standalone-final-ledger
205,horn-watkins-god-existence-2021,Does God Exist? Trent Horn vs. Ben Watkins (2021),theist,pro,Trent Horn,negative-naturalism-prior-objection,reply,2,77,70,83,78,81,66,76,material warrant or verification step compressed,standalone-final-ledger
205,horn-watkins-god-existence-2021,Does God Exist? Trent Horn vs. Ben Watkins (2021),theist,pro,Trent Horn,no-maximal-perfect-world,reply,1,75,65,82,77,79,70,75,assertion/anecdote/authority/speculation carries substantial weight,standalone-final-ledger
205,horn-watkins-god-existence-2021,Does God Exist? Trent Horn vs. Ben Watkins (2021),theist,pro,Trent Horn,goods-compensation-and-background-evidence,reply,1,67,57,78,73,69,73,69,assertion/anecdote/authority/speculation carries substantial weight,standalone-final-ledger
205,horn-watkins-god-existence-2021,Does God Exist? Trent Horn vs. Ben Watkins (2021),theist,pro,Trent Horn,active-passive-potentiality-reply,reply,1,68,60,81,75,72,63,70,assertion/anecdote/authority/speculation carries substantial weight,standalone-final-ledger
205,horn-watkins-god-existence-2021,Does God Exist? Trent Horn vs. Ben Watkins (2021),non_theist,con,Ben Watkins,existential-inertia-and-quantifier-objections,reply,1,77,69,87,83,81,74,78,assertion/anecdote/authority/speculation carries substantial weight,standalone-final-ledger
205,horn-watkins-god-existence-2021,Does God Exist? Trent Horn vs. Ben Watkins (2021),non_theist,con,Ben Watkins,attribute-gap-modal-and-mental-objections,reply,1,69,68,84,81,76,68,74,assertion/anecdote/authority/speculation carries substantial weight,standalone-final-ledger
205,horn-watkins-god-existence-2021,Does God Exist? Trent Horn vs. Ben Watkins (2021),non_theist,con,Ben Watkins,secular-necessary-moral-truths,reply,1,77,67,85,81,79,75,77,assertion/anecdote/authority/speculation carries substantial weight,standalone-final-ledger
205,horn-watkins-god-existence-2021,Does God Exist? Trent Horn vs. Ben Watkins (2021),theist,pro,Trent Horn,existential-inertia-circularity-reply,reply,1,66,60,82,76,76,63,70,assertion/anecdote/authority/speculation carries substantial weight,standalone-final-ledger
205,horn-watkins-god-existence-2021,Does God Exist? Trent Horn vs. Ben Watkins (2021),theist,pro,Trent Horn,finite-chains-and-extrinsic-creation-reply,reply,2,72,64,82,79,78,69,74,assertion/anecdote/authority/speculation carries substantial weight,standalone-final-ledger
205,horn-watkins-god-existence-2021,Does God Exist? Trent Horn vs. Ben Watkins (2021),theist,pro,Trent Horn,moral-platonism-explanatory-challenge,reply,2,62,55,76,71,71,53,65,assertion/anecdote/authority/speculation carries substantial weight,standalone-final-ledger
205,horn-watkins-god-existence-2021,Does God Exist? Trent Horn vs. Ben Watkins (2021),non_theist,con,Ben Watkins,privation-missing-good-and-agony,reply,1,74,69,87,81,79,67,76,assertion/anecdote/authority/speculation carries substantial weight,standalone-final-ledger
205,horn-watkins-god-existence-2021,Does God Exist? Trent Horn vs. Ben Watkins (2021),non_theist,con,Ben Watkins,heaven-model-perfect-world,reply,1,68,61,83,76,73,65,71,assertion/anecdote/authority/speculation carries substantial weight,standalone-final-ledger
205,horn-watkins-god-existence-2021,Does God Exist? Trent Horn vs. Ben Watkins (2021),theist,pro,Trent Horn,four-dimensional-perfect-world,reply,2,74,61,84,78,77,75,74,assertion/anecdote/authority/speculation carries substantial weight,standalone-final-ledger
205,horn-watkins-god-existence-2021,Does God Exist? Trent Horn vs. Ben Watkins (2021),theist,pro,Trent Horn,hiddenness-as-permissible-evil,reply,1,69,58,81,76,74,69,71,assertion/anecdote/authority/speculation carries substantial weight,standalone-final-ledger
205,horn-watkins-god-existence-2021,Does God Exist? Trent Horn vs. Ben Watkins (2021),non_theist,con,Ben Watkins,isolated-seeker-defeats-free-will-defense,reply,1,80,70,88,82,82,78,80,material warrant or verification step compressed,standalone-final-ledger
206,williams-dawkins-god-science-reality-2026,"God, Science and the Poetry of Reality: Rowan Williams vs. Richard Dawkins (2026)",non_theist,con,Richard Dawkins,scientific-simplicity-without-god,constructive,3,74,68,82,84,79,70,76,assertion/anecdote/authority/speculation carries substantial weight,standalone-final-ledger
206,williams-dawkins-god-science-reality-2026,"God, Science and the Poetry of Reality: Rowan Williams vs. Richard Dawkins (2026)",non_theist,con,Richard Dawkins,evolution-conflicts-historical-fall,constructive,2,62,63,72,70,80,55,67,assertion/anecdote/authority/speculation carries substantial weight,standalone-final-ledger
206,williams-dawkins-god-science-reality-2026,"God, Science and the Poetry of Reality: Rowan Williams vs. Richard Dawkins (2026)",theist,pro,Rowan Williams,allegorical-genesis-compatible-evolution,reply,3,84,74,92,82,88,88,84,material warrant or verification step compressed,standalone-final-ledger
206,williams-dawkins-god-science-reality-2026,"God, Science and the Poetry of Reality: Rowan Williams vs. Richard Dawkins (2026)",non_theist,con,Richard Dawkins,fall-redemption-not-entailed-by-fallibility,reply,2,84,72,88,81,84,78,81,material warrant or verification step compressed,standalone-final-ledger
206,williams-dawkins-god-science-reality-2026,"God, Science and the Poetry of Reality: Rowan Williams vs. Richard Dawkins (2026)",theist,pro,Rowan Williams,original-sin-as-inherited-disability,reply,2,86,79,90,82,88,88,85,material warrant or verification step compressed,standalone-final-ledger
206,williams-dawkins-god-science-reality-2026,"God, Science and the Poetry of Reality: Rowan Williams vs. Richard Dawkins (2026)",theist,pro,Rowan Williams,god-as-creative-context-not-extra-cause,reply,3,80,67,89,88,82,88,81,assertion/anecdote/authority/speculation carries substantial weight,standalone-final-ledger
206,williams-dawkins-god-science-reality-2026,"God, Science and the Poetry of Reality: Rowan Williams vs. Richard Dawkins (2026)",non_theist,con,Richard Dawkins,natural-composer-explains-sublime-art,reply,2,69,74,64,70,81,62,70,material warrant or verification step compressed,standalone-final-ledger
206,williams-dawkins-god-science-reality-2026,"God, Science and the Poetry of Reality: Rowan Williams vs. Richard Dawkins (2026)",theist,pro,Rowan Williams,consciousness-resists-material-reduction,constructive,2,60,53,69,71,63,71,63,assertion/anecdote/authority/speculation carries substantial weight,standalone-final-ledger
206,williams-dawkins-god-science-reality-2026,"God, Science and the Poetry of Reality: Rowan Williams vs. Richard Dawkins (2026)",non_theist,con,Richard Dawkins,evolved-brain-consciousness-ends-at-death,reply,3,80,81,87,84,84,73,82,stronger support,standalone-final-ledger
206,williams-dawkins-god-science-reality-2026,"God, Science and the Poetry of Reality: Rowan Williams vs. Richard Dawkins (2026)",theist,pro,Rowan Williams,divine-fidelity-sustains-consciousness,reply,2,71,53,78,72,79,86,71,assertion/anecdote/authority/speculation carries substantial weight,standalone-final-ledger
206,williams-dawkins-god-science-reality-2026,"God, Science and the Poetry of Reality: Rowan Williams vs. Richard Dawkins (2026)",non_theist,con,Richard Dawkins,creative-capacities-as-evolutionary-byproducts,constructive,3,84,78,85,88,85,81,83,material warrant or verification step compressed,standalone-final-ledger
206,williams-dawkins-god-science-reality-2026,"God, Science and the Poetry of Reality: Rowan Williams vs. Richard Dawkins (2026)",theist,pro,Rowan Williams,prehistoric-art-exceeds-survival-needs,reply,2,67,75,71,72,76,83,73,material warrant or verification step compressed,standalone-final-ledger
206,williams-dawkins-god-science-reality-2026,"God, Science and the Poetry of Reality: Rowan Williams vs. Richard Dawkins (2026)",theist,pro,Rowan Williams,creation-as-continuous-divine-sustaining,constructive,2,72,54,73,75,69,79,69,assertion/anecdote/authority/speculation carries substantial weight,standalone-final-ledger
206,williams-dawkins-god-science-reality-2026,"God, Science and the Poetry of Reality: Rowan Williams vs. Richard Dawkins (2026)",non_theist,con,Richard Dawkins,scientific-processes-make-divine-creativity-superfluous,reply,2,77,72,84,83,81,69,78,material warrant or verification step compressed,standalone-final-ledger
206,williams-dawkins-god-science-reality-2026,"God, Science and the Poetry of Reality: Rowan Williams vs. Richard Dawkins (2026)",non_theist,con,Richard Dawkins,evolutionary-suffering-challenges-beneficent-god,constructive,3,85,85,88,90,83,79,86,stronger support,standalone-final-ledger
206,williams-dawkins-god-science-reality-2026,"God, Science and the Poetry of Reality: Rowan Williams vs. Richard Dawkins (2026)",theist,pro,Rowan Williams,incarnation-resurrection-answer-suffering,reply,3,69,54,73,74,77,89,70,assertion/anecdote/authority/speculation carries substantial weight,standalone-final-ledger
206,williams-dawkins-god-science-reality-2026,"God, Science and the Poetry of Reality: Rowan Williams vs. Richard Dawkins (2026)",non_theist,con,Richard Dawkins,incarnation-too-parochial-for-cosmos,reply,2,67,64,77,74,76,69,71,assertion/anecdote/authority/speculation carries substantial weight,standalone-final-ledger
206,williams-dawkins-god-science-reality-2026,"God, Science and the Poetry of Reality: Rowan Williams vs. Richard Dawkins (2026)",non_theist,con,Richard Dawkins,designer-hypothesis-undermines-scientific-explanation,reply,3,73,65,68,86,82,56,72,assertion/anecdote/authority/speculation carries substantial weight,standalone-final-ledger
206,williams-dawkins-god-science-reality-2026,"God, Science and the Poetry of Reality: Rowan Williams vs. Richard Dawkins (2026)",theist,pro,Rowan Williams,divine-action-complements-complete-causal-process,reply,3,82,59,91,84,83,89,80,assertion/anecdote/authority/speculation carries substantial weight,standalone-final-ledger
206,williams-dawkins-god-science-reality-2026,"God, Science and the Poetry of Reality: Rowan Williams vs. Richard Dawkins (2026)",theist,pro,Rowan Williams,classical-divine-simplicity-uncomposed-source,constructive,3,83,70,83,82,89,87,81,material warrant or verification step compressed,standalone-final-ledger
206,williams-dawkins-god-science-reality-2026,"God, Science and the Poetry of Reality: Rowan Williams vs. Richard Dawkins (2026)",non_theist,con,Richard Dawkins,prayer-hearing-conflicts-with-simplicity,reply,2,71,61,76,79,79,64,71,assertion/anecdote/authority/speculation carries substantial weight,standalone-final-ledger
206,williams-dawkins-god-science-reality-2026,"God, Science and the Poetry of Reality: Rowan Williams vs. Richard Dawkins (2026)",non_theist,con,Richard Dawkins,divine-tasks-require-organized-complexity,reply,2,72,61,76,81,75,61,71,assertion/anecdote/authority/speculation carries substantial weight,standalone-final-ledger
206,williams-dawkins-god-science-reality-2026,"God, Science and the Poetry of Reality: Rowan Williams vs. Richard Dawkins (2026)",theist,pro,Rowan Williams,god-as-ground-not-finite-entity,reply,3,74,54,80,79,69,81,72,assertion/anecdote/authority/speculation carries substantial weight,standalone-final-ledger
206,williams-dawkins-god-science-reality-2026,"God, Science and the Poetry of Reality: Rowan Williams vs. Richard Dawkins (2026)",non_theist,con,Richard Dawkins,god-as-testable-scientific-hypothesis,constructive,2,67,54,80,72,67,77,69,assertion/anecdote/authority/speculation carries substantial weight,standalone-final-ledger
206,williams-dawkins-god-science-reality-2026,"God, Science and the Poetry of Reality: Rowan Williams vs. Richard Dawkins (2026)",theist,pro,Rowan Williams,faith-change-as-cumulative-lived-process,constructive,2,77,72,81,71,84,91,78,material warrant or verification step compressed,standalone-final-ledger
207,peterson-dawkins-memes-archetypes-truth-2024,"Memes, Archetypes, and Religious Truth: Jordan Peterson vs. Richard Dawkins (2024)",non_theist,con,Richard Dawkins,memes-and-archetypes-are-distinct,constructive,3,84,73,86,85,87,81,82,material warrant or verification step compressed,standalone-final-ledger
207,peterson-dawkins-memes-archetypes-truth-2024,"Memes, Archetypes, and Religious Truth: Jordan Peterson vs. Richard Dawkins (2024)",theist,pro,Jordan Peterson,archetypes-underlie-memetic-catchiness,reply,3,82,68,88,85,79,84,81,assertion/anecdote/authority/speculation carries substantial weight,standalone-final-ledger
207,peterson-dawkins-memes-archetypes-truth-2024,"Memes, Archetypes, and Religious Truth: Jordan Peterson vs. Richard Dawkins (2024)",non_theist,con,Richard Dawkins,cross-cultural-god-battles-are-unrevealing,reply,2,80,69,77,77,82,84,77,assertion/anecdote/authority/speculation carries substantial weight,standalone-final-ledger
207,peterson-dawkins-memes-archetypes-truth-2024,"Memes, Archetypes, and Religious Truth: Jordan Peterson vs. Richard Dawkins (2024)",theist,pro,Jordan Peterson,stories-prioritize-the-world-of-facts,reply,3,86,74,77,91,82,82,82,material warrant or verification step compressed,standalone-final-ledger
207,peterson-dawkins-memes-archetypes-truth-2024,"Memes, Archetypes, and Religious Truth: Jordan Peterson vs. Richard Dawkins (2024)",theist,pro,Jordan Peterson,cain-story-deepens-through-cultural-transmission,constructive,3,81,63,81,85,79,85,78,assertion/anecdote/authority/speculation carries substantial weight,standalone-final-ledger
207,peterson-dawkins-memes-archetypes-truth-2024,"Memes, Archetypes, and Religious Truth: Jordan Peterson vs. Richard Dawkins (2024)",non_theist,con,Richard Dawkins,manuscript-evolution-needs-traceable-evidence,reply,3,86,70,91,85,88,84,84,material warrant or verification step compressed,standalone-final-ledger
207,peterson-dawkins-memes-archetypes-truth-2024,"Memes, Archetypes, and Religious Truth: Jordan Peterson vs. Richard Dawkins (2024)",theist,pro,Jordan Peterson,sacrifice-motif-progresses-through-scripture,reply,3,75,63,68,80,73,68,71,assertion/anecdote/authority/speculation carries substantial weight,standalone-final-ledger
207,peterson-dawkins-memes-archetypes-truth-2024,"Memes, Archetypes, and Religious Truth: Jordan Peterson vs. Richard Dawkins (2024)",non_theist,con,Richard Dawkins,evolution-and-divine-inspiration-are-different-claims,reply,3,92,83,90,89,92,85,89,stronger support,standalone-final-ledger
207,peterson-dawkins-memes-archetypes-truth-2024,"Memes, Archetypes, and Religious Truth: Jordan Peterson vs. Richard Dawkins (2024)",non_theist,con,Richard Dawkins,cultural-christianity-is-not-truth-endorsement,constructive,3,90,86,90,84,93,85,88,stronger support,standalone-final-ledger
207,peterson-dawkins-memes-archetypes-truth-2024,"Memes, Archetypes, and Religious Truth: Jordan Peterson vs. Richard Dawkins (2024)",theist,pro,Jordan Peterson,christian-mercy-is-a-nontrivial-cultural-achievement,reply,2,75,55,63,68,71,67,66,assertion/anecdote/authority/speculation carries substantial weight,standalone-final-ledger
207,peterson-dawkins-memes-archetypes-truth-2024,"Memes, Archetypes, and Religious Truth: Jordan Peterson vs. Richard Dawkins (2024)",non_theist,con,Richard Dawkins,ethical-fruits-do-not-establish-christian-miracles,reply,3,94,87,94,93,93,90,92,stronger support,standalone-final-ledger
207,peterson-dawkins-memes-archetypes-truth-2024,"Memes, Archetypes, and Religious Truth: Jordan Peterson vs. Richard Dawkins (2024)",theist,pro,Jordan Peterson,virgin-birth-image-carries-metaphorical-truth,reply,3,78,56,65,85,71,81,72,assertion/anecdote/authority/speculation carries substantial weight,standalone-final-ledger
207,peterson-dawkins-memes-archetypes-truth-2024,"Memes, Archetypes, and Religious Truth: Jordan Peterson vs. Richard Dawkins (2024)",non_theist,con,Richard Dawkins,science-delivers-precise-predictive-reality,constructive,3,89,88,89,89,89,75,87,stronger support,standalone-final-ledger
207,peterson-dawkins-memes-archetypes-truth-2024,"Memes, Archetypes, and Religious Truth: Jordan Peterson vs. Richard Dawkins (2024)",theist,pro,Jordan Peterson,science-depends-on-religiously-derived-axioms,reply,3,73,55,80,79,71,67,71,assertion/anecdote/authority/speculation carries substantial weight,standalone-final-ledger
207,peterson-dawkins-memes-archetypes-truth-2024,"Memes, Archetypes, and Religious Truth: Jordan Peterson vs. Richard Dawkins (2024)",non_theist,con,Richard Dawkins,christian-facilitation-does-not-validate-doctrine,reply,3,94,88,95,91,94,95,93,stronger support,standalone-final-ledger
207,peterson-dawkins-memes-archetypes-truth-2024,"Memes, Archetypes, and Religious Truth: Jordan Peterson vs. Richard Dawkins (2024)",theist,pro,Jordan Peterson,mythological-reasoning-is-multiperspectival,reply,2,71,55,61,70,67,78,66,assertion/anecdote/authority/speculation carries substantial weight,standalone-final-ledger
207,peterson-dawkins-memes-archetypes-truth-2024,"Memes, Archetypes, and Religious Truth: Jordan Peterson vs. Richard Dawkins (2024)",theist,pro,Jordan Peterson,dragon-fight-encodes-exploration-and-renewal,constructive,3,78,61,82,85,79,68,76,assertion/anecdote/authority/speculation carries substantial weight,standalone-final-ledger
207,peterson-dawkins-memes-archetypes-truth-2024,"Memes, Archetypes, and Religious Truth: Jordan Peterson vs. Richard Dawkins (2024)",non_theist,con,Richard Dawkins,literal-predators-make-dragons-unnecessary,reply,3,73,66,67,78,79,64,71,assertion/anecdote/authority/speculation carries substantial weight,standalone-final-ledger
207,peterson-dawkins-memes-archetypes-truth-2024,"Memes, Archetypes, and Religious Truth: Jordan Peterson vs. Richard Dawkins (2024)",theist,pro,Jordan Peterson,dragon-is-imagistic-meta-category-of-predator,reply,3,83,68,90,84,77,75,80,assertion/anecdote/authority/speculation carries substantial weight,standalone-final-ledger
207,peterson-dawkins-memes-archetypes-truth-2024,"Memes, Archetypes, and Religious Truth: Jordan Peterson vs. Richard Dawkins (2024)",non_theist,con,Richard Dawkins,dragon-language-can-mislead-about-ontology,reply,2,69,61,65,71,73,64,67,assertion/anecdote/authority/speculation carries substantial weight,standalone-final-ledger
207,peterson-dawkins-memes-archetypes-truth-2024,"Memes, Archetypes, and Religious Truth: Jordan Peterson vs. Richard Dawkins (2024)",non_theist,con,Richard Dawkins,memes-are-nongenetic-darwinian-replicators,constructive,3,91,83,89,86,91,87,88,stronger support,standalone-final-ledger
207,peterson-dawkins-memes-archetypes-truth-2024,"Memes, Archetypes, and Religious Truth: Jordan Peterson vs. Richard Dawkins (2024)",theist,pro,Jordan Peterson,adaptive-memes-can-link-culture-and-genome,reply,3,85,68,91,87,83,91,83,assertion/anecdote/authority/speculation carries substantial weight,standalone-final-ledger
207,peterson-dawkins-memes-archetypes-truth-2024,"Memes, Archetypes, and Religious Truth: Jordan Peterson vs. Richard Dawkins (2024)",non_theist,con,Richard Dawkins,baldwin-effect-genetically-assimilates-learning,constructive,3,93,86,91,87,92,88,90,stronger support,standalone-final-ledger
207,peterson-dawkins-memes-archetypes-truth-2024,"Memes, Archetypes, and Religious Truth: Jordan Peterson vs. Richard Dawkins (2024)",theist,pro,Jordan Peterson,baldwin-effect-can-naturalize-archetype-evolution,reply,3,74,53,80,84,67,74,72,assertion/anecdote/authority/speculation carries substantial weight,standalone-final-ledger
209,oconnor-ruegger-divine-hiddenness-loving-god-2022,Divine Hiddenness and a Loving God: Alex O'Connor vs. Lukas Ruegger (2022),non_theist,pro,Alex O'Connor,loving-god-should-be-accessibly-present,constructive,3,82,71,87,88,83,86,82,material warrant or verification step compressed,standalone-final-ledger
209,oconnor-ruegger-divine-hiddenness-loving-god-2022,Divine Hiddenness and a Loving God: Alex O'Connor vs. Lukas Ruegger (2022),non_theist,pro,Alex O'Connor,single-nonresistant-case-creates-explanatory-burden,constructive,3,85,71,89,91,88,83,84,material warrant or verification step compressed,standalone-final-ledger
209,oconnor-ruegger-divine-hiddenness-loving-god-2022,Divine Hiddenness and a Loving God: Alex O'Connor vs. Lukas Ruegger (2022),theist,con,Lukas Ruegger,natural-theology-must-enter-total-evidence,constructive,3,77,67,72,79,74,69,73,assertion/anecdote/authority/speculation carries substantial weight,standalone-final-ledger
209,oconnor-ruegger-divine-hiddenness-loving-god-2022,Divine Hiddenness and a Loving God: Alex O'Connor vs. Lukas Ruegger (2022),non_theist,pro,Alex O'Connor,hiddenness-concerns-evidences-personal-effect,reply,3,86,77,91,89,86,90,86,material warrant or verification step compressed,standalone-final-ledger
209,oconnor-ruegger-divine-hiddenness-loving-god-2022,Divine Hiddenness and a Loving God: Alex O'Connor vs. Lukas Ruegger (2022),non_theist,pro,Alex O'Connor,personal-revelation-is-the-relevant-kind,constructive,3,82,72,86,87,84,81,82,material warrant or verification step compressed,standalone-final-ledger
209,oconnor-ruegger-divine-hiddenness-loving-god-2022,Divine Hiddenness and a Loving God: Alex O'Connor vs. Lukas Ruegger (2022),theist,con,Lukas Ruegger,evidence-need-not-control-action,reply,2,69,73,65,69,74,78,70,material warrant or verification step compressed,standalone-final-ledger
209,oconnor-ruegger-divine-hiddenness-loving-god-2022,Divine Hiddenness and a Loving God: Alex O'Connor vs. Lukas Ruegger (2022),non_theist,pro,Alex O'Connor,belief-formation-is-not-voluntary,reply,3,87,79,92,85,87,86,86,material warrant or verification step compressed,standalone-final-ledger
209,oconnor-ruegger-divine-hiddenness-loving-god-2022,Divine Hiddenness and a Loving God: Alex O'Connor vs. Lukas Ruegger (2022),theist,con,Lukas Ruegger,hiddenness-may-be-temporally-local,constructive,3,79,65,78,81,81,86,77,assertion/anecdote/authority/speculation carries substantial weight,standalone-final-ledger
209,oconnor-ruegger-divine-hiddenness-loving-god-2022,Divine Hiddenness and a Loving God: Alex O'Connor vs. Lukas Ruegger (2022),theist,con,Lukas Ruegger,changed-appraisal-may-be-gradual-disclosure,reply,2,68,65,80,72,77,82,73,assertion/anecdote/authority/speculation carries substantial weight,standalone-final-ledger
209,oconnor-ruegger-divine-hiddenness-loving-god-2022,Divine Hiddenness and a Loving God: Alex O'Connor vs. Lukas Ruegger (2022),non_theist,pro,Alex O'Connor,better-understanding-is-not-personal-revelation,reply,2,87,82,91,83,88,88,86,stronger support,standalone-final-ledger
209,oconnor-ruegger-divine-hiddenness-loving-god-2022,Divine Hiddenness and a Loving God: Alex O'Connor vs. Lukas Ruegger (2022),non_theist,pro,Alex O'Connor,delayed-salvation-plan-is-vulnerable-to-interruption,reply,2,84,75,87,85,83,84,83,material warrant or verification step compressed,standalone-final-ledger
209,oconnor-ruegger-divine-hiddenness-loving-god-2022,Divine Hiddenness and a Loving God: Alex O'Connor vs. Lukas Ruegger (2022),non_theist,pro,Alex O'Connor,enough-evidence-and-intentional-hiding-conflict,reply,3,87,80,91,90,87,85,87,stronger support,standalone-final-ledger
209,oconnor-ruegger-divine-hiddenness-loving-god-2022,Divine Hiddenness and a Loving God: Alex O'Connor vs. Lukas Ruegger (2022),theist,con,Lukas Ruegger,alexs-changed-willingness-weakens-stable-nonresistance,reply,3,77,79,85,83,81,83,81,material warrant or verification step compressed,standalone-final-ledger
209,oconnor-ruegger-divine-hiddenness-loving-god-2022,Divine Hiddenness and a Loving God: Alex O'Connor vs. Lukas Ruegger (2022),non_theist,pro,Alex O'Connor,current-seeking-exceeds-reasonable-threshold,reply,3,86,84,92,91,86,89,88,stronger support,standalone-final-ledger
209,oconnor-ruegger-divine-hiddenness-loving-god-2022,Divine Hiddenness and a Loving God: Alex O'Connor vs. Lukas Ruegger (2022),theist,con,Lukas Ruegger,introspection-is-fallible-for-believers-and-nonbelievers,reply,3,83,75,88,82,83,93,83,material warrant or verification step compressed,standalone-final-ledger
209,oconnor-ruegger-divine-hiddenness-loving-god-2022,Divine Hiddenness and a Loving God: Alex O'Connor vs. Lukas Ruegger (2022),non_theist,pro,Alex O'Connor,subtle-motivation-is-possible-but-not-established,reply,2,88,81,92,87,89,93,88,stronger support,standalone-final-ledger
209,oconnor-ruegger-divine-hiddenness-loving-god-2022,Divine Hiddenness and a Loving God: Alex O'Connor vs. Lukas Ruegger (2022),theist,con,Lukas Ruegger,motivational-resistance-does-occur-in-some-cases,reply,2,83,76,83,75,83,94,82,material warrant or verification step compressed,standalone-final-ledger
209,oconnor-ruegger-divine-hiddenness-loving-god-2022,Divine Hiddenness and a Loving God: Alex O'Connor vs. Lukas Ruegger (2022),non_theist,pro,Alex O'Connor,costly-practice-cannot-precede-adequate-belief,constructive,3,86,79,87,89,86,87,85,material warrant or verification step compressed,standalone-final-ledger
209,oconnor-ruegger-divine-hiddenness-loving-god-2022,Divine Hiddenness and a Loving God: Alex O'Connor vs. Lukas Ruegger (2022),theist,con,Lukas Ruegger,relationship-may-precede-propositional-belief,constructive,3,75,67,79,79,75,84,76,assertion/anecdote/authority/speculation carries substantial weight,standalone-final-ledger
209,oconnor-ruegger-divine-hiddenness-loving-god-2022,Divine Hiddenness and a Loving God: Alex O'Connor vs. Lukas Ruegger (2022),theist,con,Lukas Ruegger,different-psychologies-have-different-gateways,constructive,2,77,67,78,76,79,88,76,assertion/anecdote/authority/speculation carries substantial weight,standalone-final-ledger
209,oconnor-ruegger-divine-hiddenness-loving-god-2022,Divine Hiddenness and a Loving God: Alex O'Connor vs. Lukas Ruegger (2022),non_theist,pro,Alex O'Connor,unverified-relationship-demands-too-much,reply,3,89,82,94,91,87,85,88,stronger support,standalone-final-ledger
209,oconnor-ruegger-divine-hiddenness-loving-god-2022,Divine Hiddenness and a Loving God: Alex O'Connor vs. Lukas Ruegger (2022),non_theist,pro,Alex O'Connor,requiring-unintelligible-sacrifice-is-cruel,reply,3,87,79,92,90,85,83,86,material warrant or verification step compressed,standalone-final-ledger
209,oconnor-ruegger-divine-hiddenness-loving-god-2022,Divine Hiddenness and a Loving God: Alex O'Connor vs. Lukas Ruegger (2022),theist,con,Lukas Ruegger,divine-disclosure-routes-vary-and-faith-still-matters,reply,3,81,69,87,82,85,91,81,assertion/anecdote/authority/speculation carries substantial weight,standalone-final-ledger
209,oconnor-ruegger-divine-hiddenness-loving-god-2022,Divine Hiddenness and a Loving God: Alex O'Connor vs. Lukas Ruegger (2022),theist,con,Lukas Ruegger,leap-of-faith-may-precede-experience,reply,2,70,57,75,72,78,89,71,assertion/anecdote/authority/speculation carries substantial weight,standalone-final-ledger
209,oconnor-ruegger-divine-hiddenness-loving-god-2022,Divine Hiddenness and a Loving God: Alex O'Connor vs. Lukas Ruegger (2022),non_theist,pro,Alex O'Connor,theism-may-be-human-response-to-existential-silence,constructive,3,81,71,82,80,82,86,80,material warrant or verification step compressed,standalone-final-ledger
209,oconnor-ruegger-divine-hiddenness-loving-god-2022,Divine Hiddenness and a Loving God: Alex O'Connor vs. Lukas Ruegger (2022),non_theist,pro,Alex O'Connor,acting-as-if-can-manufacture-confirmation,reply,3,86,76,92,88,84,75,84,material warrant or verification step compressed,standalone-final-ledger
209,oconnor-ruegger-divine-hiddenness-loving-god-2022,Divine Hiddenness and a Loving God: Alex O'Connor vs. Lukas Ruegger (2022),theist,con,Lukas Ruegger,awareness-of-meaninglessness-may-point-to-meaning,reply,2,62,57,74,68,73,80,67,assertion/anecdote/authority/speculation carries substantial weight,standalone-final-ledger
209,oconnor-ruegger-divine-hiddenness-loving-god-2022,Divine Hiddenness and a Loving God: Alex O'Connor vs. Lukas Ruegger (2022),theist,con,Lukas Ruegger,delayed-disclosure-may-produce-goods-for-others,reply,3,74,70,80,80,79,93,78,material warrant or verification step compressed,standalone-final-ledger
209,oconnor-ruegger-divine-hiddenness-loving-god-2022,Divine Hiddenness and a Loving God: Alex O'Connor vs. Lukas Ruegger (2022),non_theist,pro,Alex O'Connor,minimal-personal-sign-would-suffice,reply,3,88,76,93,92,89,89,87,material warrant or verification step compressed,standalone-final-ledger
210,paterson-schmid-divine-hiddenness-relationship-2026,Divine Hiddenness and Religious Evidence: Joe Schmid vs. Dan Paterson (2026),theist,con,Dan Paterson,paterson-formulates-deductive-hiddenness-argument,constructive,3,85,67,86,87,88,88,82,assertion/anecdote/authority/speculation carries substantial weight,standalone-final-ledger
210,paterson-schmid-divine-hiddenness-relationship-2026,Divine Hiddenness and Religious Evidence: Joe Schmid vs. Dan Paterson (2026),non_theist,pro,Joe Schmid,schmid-prefers-evidential-hiddenness-formulation,reply,3,91,75,93,94,94,96,89,material warrant or verification step compressed,standalone-final-ledger
210,paterson-schmid-divine-hiddenness-relationship-2026,Divine Hiddenness and Religious Evidence: Joe Schmid vs. Dan Paterson (2026),theist,con,Dan Paterson,paterson-concedes-some-evidential-pressure,reply,3,85,69,90,87,85,94,84,assertion/anecdote/authority/speculation carries substantial weight,standalone-final-ledger
210,paterson-schmid-divine-hiddenness-relationship-2026,Divine Hiddenness and Religious Evidence: Joe Schmid vs. Dan Paterson (2026),theist,con,Dan Paterson,paterson-accepts-seeking-and-shifts-to-temporary-reasons,reply,3,86,72,90,92,88,92,86,material warrant or verification step compressed,standalone-final-ledger
210,paterson-schmid-divine-hiddenness-relationship-2026,Divine Hiddenness and Religious Evidence: Joe Schmid vs. Dan Paterson (2026),non_theist,pro,Joe Schmid,schmid-rejects-asymmetric-psychologizing,constructive,2,87,76,85,84,88,91,84,material warrant or verification step compressed,standalone-final-ledger
210,paterson-schmid-divine-hiddenness-relationship-2026,Divine Hiddenness and Religious Evidence: Joe Schmid vs. Dan Paterson (2026),non_theist,pro,Joe Schmid,schmid-presents-four-fact-cumulative-case,constructive,3,88,73,91,93,90,95,87,material warrant or verification step compressed,standalone-final-ledger
210,paterson-schmid-divine-hiddenness-relationship-2026,Divine Hiddenness and Religious Evidence: Joe Schmid vs. Dan Paterson (2026),non_theist,pro,Joe Schmid,schmid-identifies-sincere-and-natural-nonbelievers,constructive,3,86,79,88,89,84,91,86,material warrant or verification step compressed,standalone-final-ledger
210,paterson-schmid-divine-hiddenness-relationship-2026,Divine Hiddenness and Religious Evidence: Joe Schmid vs. Dan Paterson (2026),non_theist,pro,Joe Schmid,schmid-perfect-love-should-secure-reciprocal-relationship,constructive,3,88,81,92,95,91,91,89,stronger support,standalone-final-ledger
210,paterson-schmid-divine-hiddenness-relationship-2026,Divine Hiddenness and Religious Evidence: Joe Schmid vs. Dan Paterson (2026),theist,con,Dan Paterson,paterson-invokes-antecedent-christian-resources,reply,3,81,74,79,83,79,86,80,material warrant or verification step compressed,standalone-final-ledger
210,paterson-schmid-divine-hiddenness-relationship-2026,Divine Hiddenness and Religious Evidence: Joe Schmid vs. Dan Paterson (2026),theist,con,Dan Paterson,paterson-development-eternity-and-limited-perspective,reply,3,77,65,81,84,77,87,77,assertion/anecdote/authority/speculation carries substantial weight,standalone-final-ledger
210,paterson-schmid-divine-hiddenness-relationship-2026,Divine Hiddenness and Religious Evidence: Joe Schmid vs. Dan Paterson (2026),non_theist,pro,Joe Schmid,schmid-goods-can-arise-within-relationship,reply,3,89,81,94,92,89,92,89,stronger support,standalone-final-ledger
210,paterson-schmid-divine-hiddenness-relationship-2026,Divine Hiddenness and Religious Evidence: Joe Schmid vs. Dan Paterson (2026),theist,con,Dan Paterson,paterson-conscience-enables-less-explicit-relationship,reply,3,81,68,84,86,80,86,80,assertion/anecdote/authority/speculation carries substantial weight,standalone-final-ledger
210,paterson-schmid-divine-hiddenness-relationship-2026,Divine Hiddenness and Religious Evidence: Joe Schmid vs. Dan Paterson (2026),theist,con,Dan Paterson,paterson-hiddenness-may-be-redemptive-mercy,reply,3,80,70,83,86,81,76,79,material warrant or verification step compressed,standalone-final-ledger
210,paterson-schmid-divine-hiddenness-relationship-2026,Divine Hiddenness and Religious Evidence: Joe Schmid vs. Dan Paterson (2026),non_theist,pro,Joe Schmid,schmid-demographic-pattern-undercuts-individualized-defenses,reply,3,90,80,93,94,87,87,89,stronger support,standalone-final-ledger
210,paterson-schmid-divine-hiddenness-relationship-2026,Divine Hiddenness and Religious Evidence: Joe Schmid vs. Dan Paterson (2026),theist,con,Dan Paterson,paterson-demographics-do-not-determine-ultimate-salvation,reply,3,82,68,82,84,82,88,80,assertion/anecdote/authority/speculation carries substantial weight,standalone-final-ledger
210,paterson-schmid-divine-hiddenness-relationship-2026,Divine Hiddenness and Religious Evidence: Joe Schmid vs. Dan Paterson (2026),non_theist,pro,Joe Schmid,schmid-naturalism-simply-predicts-demographic-distribution,reply,3,88,79,91,93,89,88,88,material warrant or verification step compressed,standalone-final-ledger
210,paterson-schmid-divine-hiddenness-relationship-2026,Divine Hiddenness and Religious Evidence: Joe Schmid vs. Dan Paterson (2026),non_theist,pro,Joe Schmid,schmid-inclusivism-leaves-present-relational-deprivation,reply,3,91,82,95,94,92,94,91,stronger support,standalone-final-ledger
210,paterson-schmid-divine-hiddenness-relationship-2026,Divine Hiddenness and Religious Evidence: Joe Schmid vs. Dan Paterson (2026),theist,con,Dan Paterson,paterson-concedes-genuine-seekers-and-divine-hiding,reply,3,89,78,94,91,90,96,89,material warrant or verification step compressed,standalone-final-ledger
210,paterson-schmid-divine-hiddenness-relationship-2026,Divine Hiddenness and Religious Evidence: Joe Schmid vs. Dan Paterson (2026),theist,con,Dan Paterson,paterson-delayed-disclosure-may-avoid-apostasy-and-enable-testimony,reply,3,79,68,85,87,82,85,80,assertion/anecdote/authority/speculation carries substantial weight,standalone-final-ledger
210,paterson-schmid-divine-hiddenness-relationship-2026,Divine Hiddenness and Religious Evidence: Joe Schmid vs. Dan Paterson (2026),theist,con,Dan Paterson,paterson-humble-disclosure-preserves-relational-freedom,reply,2,78,64,78,80,85,82,77,assertion/anecdote/authority/speculation carries substantial weight,standalone-final-ledger
210,paterson-schmid-divine-hiddenness-relationship-2026,Divine Hiddenness and Religious Evidence: Joe Schmid vs. Dan Paterson (2026),non_theist,pro,Joe Schmid,schmid-skeptical-theism-undermines-positive-theistic-inference,reply,3,91,84,95,93,90,93,91,stronger support,standalone-final-ledger
210,paterson-schmid-divine-hiddenness-relationship-2026,Divine Hiddenness and Religious Evidence: Joe Schmid vs. Dan Paterson (2026),theist,con,Dan Paterson,paterson-defends-calibrated-epistemic-humility,reply,3,86,73,92,89,88,94,86,material warrant or verification step compressed,standalone-final-ledger
210,paterson-schmid-divine-hiddenness-relationship-2026,Divine Hiddenness and Religious Evidence: Joe Schmid vs. Dan Paterson (2026),non_theist,pro,Joe Schmid,schmid-redemptive-goods-still-fit-existing-relationship,reply,3,90,79,94,93,88,91,89,material warrant or verification step compressed,standalone-final-ledger
210,paterson-schmid-divine-hiddenness-relationship-2026,Divine Hiddenness and Religious Evidence: Joe Schmid vs. Dan Paterson (2026),non_theist,pro,Joe Schmid,schmid-parental-silence-in-tragedy-favors-naturalism,constructive,3,90,82,93,95,90,94,90,stronger support,standalone-final-ledger
210,paterson-schmid-divine-hiddenness-relationship-2026,Divine Hiddenness and Religious Evidence: Joe Schmid vs. Dan Paterson (2026),theist,con,Dan Paterson,paterson-cross-shows-redemption-through-divine-silence,reply,3,84,76,87,88,87,92,85,material warrant or verification step compressed,standalone-final-ledger
210,paterson-schmid-divine-hiddenness-relationship-2026,Divine Hiddenness and Religious Evidence: Joe Schmid vs. Dan Paterson (2026),non_theist,pro,Joe Schmid,schmid-concedes-coherence-but-retains-naturalistic-simplicity,reply,3,86,73,93,89,87,97,86,material warrant or verification step compressed,standalone-final-ledger
211,baggini-baker-hytch-divine-hiddenness-2025,Divine Hiddenness and Evidential Ambiguity: Julian Baggini vs. Max Baker-Hytch (2025),non_theist,pro,Julian Baggini,absence-simply-explained-by-nonexistence,constructive,3,76,66,84,86,78,76,77,assertion/anecdote/authority/speculation carries substantial weight,standalone-final-ledger
211,baggini-baker-hytch-divine-hiddenness-2025,Divine Hiddenness and Evidential Ambiguity: Julian Baggini vs. Max Baker-Hytch (2025),non_theist,pro,Julian Baggini,belief-controlled-by-history-and-place,constructive,3,82,72,84,86,81,81,81,material warrant or verification step compressed,standalone-final-ledger
211,baggini-baker-hytch-divine-hiddenness-2025,Divine Hiddenness and Evidential Ambiguity: Julian Baggini vs. Max Baker-Hytch (2025),theist,con,Max Baker-Hytch,ambiguity-allows-reasonable-disagreement,constructive,3,85,76,84,83,86,91,83,material warrant or verification step compressed,standalone-final-ledger
211,baggini-baker-hytch-divine-hiddenness-2025,Divine Hiddenness and Evidential Ambiguity: Julian Baggini vs. Max Baker-Hytch (2025),non_theist,pro,Julian Baggini,generic-ultimacy-does-not-establish-religion,reply,3,83,74,86,87,82,78,82,material warrant or verification step compressed,standalone-final-ledger
211,baggini-baker-hytch-divine-hiddenness-2025,Divine Hiddenness and Evidential Ambiguity: Julian Baggini vs. Max Baker-Hytch (2025),theist,con,Max Baker-Hytch,hiddenness-probabilistic-not-deductive,constructive,3,89,76,88,90,88,94,87,material warrant or verification step compressed,standalone-final-ledger
211,baggini-baker-hytch-divine-hiddenness-2025,Divine Hiddenness and Evidential Ambiguity: Julian Baggini vs. Max Baker-Hytch (2025),theist,con,Max Baker-Hytch,ambiguity-protects-noncoercive-relation,reply,3,77,64,79,84,79,89,77,assertion/anecdote/authority/speculation carries substantial weight,standalone-final-ledger
211,baggini-baker-hytch-divine-hiddenness-2025,Divine Hiddenness and Evidential Ambiguity: Julian Baggini vs. Max Baker-Hytch (2025),non_theist,pro,Julian Baggini,both-sides-fall-short-of-proof,reply,2,87,73,91,77,89,92,84,material warrant or verification step compressed,standalone-final-ledger
211,baggini-baker-hytch-divine-hiddenness-2025,Divine Hiddenness and Evidential Ambiguity: Julian Baggini vs. Max Baker-Hytch (2025),non_theist,pro,Julian Baggini,hiddenness-implies-recognition-is-unimportant,reply,3,79,68,87,88,82,80,80,assertion/anecdote/authority/speculation carries substantial weight,standalone-final-ledger
211,baggini-baker-hytch-divine-hiddenness-2025,Divine Hiddenness and Evidential Ambiguity: Julian Baggini vs. Max Baker-Hytch (2025),non_theist,pro,Julian Baggini,king-analogy-fails-and-geography-dominates,reply,3,88,77,93,90,86,83,86,material warrant or verification step compressed,standalone-final-ledger
211,baggini-baker-hytch-divine-hiddenness-2025,Divine Hiddenness and Evidential Ambiguity: Julian Baggini vs. Max Baker-Hytch (2025),non_theist,pro,Julian Baggini,experience-grounding-and-apologetic-repair,constructive,3,76,62,80,78,79,79,75,assertion/anecdote/authority/speculation carries substantial weight,standalone-final-ledger
211,baggini-baker-hytch-divine-hiddenness-2025,Divine Hiddenness and Evidential Ambiguity: Julian Baggini vs. Max Baker-Hytch (2025),theist,con,Max Baker-Hytch,high-god-awareness-fits-disguised-king,reply,3,82,69,90,84,82,92,82,assertion/anecdote/authority/speculation carries substantial weight,standalone-final-ledger
211,baggini-baker-hytch-divine-hiddenness-2025,Divine Hiddenness and Evidential Ambiguity: Julian Baggini vs. Max Baker-Hytch (2025),theist,con,Max Baker-Hytch,concedes-experience-often-grounds-faith,reply,2,85,59,95,70,93,88,81,assertion/anecdote/authority/speculation carries substantial weight,standalone-final-ledger
211,baggini-baker-hytch-divine-hiddenness-2025,Divine Hiddenness and Evidential Ambiguity: Julian Baggini vs. Max Baker-Hytch (2025),theist,con,Max Baker-Hytch,sincere-seeker-psychology-remains-uncertain,reply,2,74,59,70,71,78,91,72,assertion/anecdote/authority/speculation carries substantial weight,standalone-final-ledger
211,baggini-baker-hytch-divine-hiddenness-2025,Divine Hiddenness and Evidential Ambiguity: Julian Baggini vs. Max Baker-Hytch (2025),non_theist,pro,Julian Baggini,jesus-divinity-requires-prior-faith,reply,3,78,63,87,84,79,69,77,assertion/anecdote/authority/speculation carries substantial weight,standalone-final-ledger
211,baggini-baker-hytch-divine-hiddenness-2025,Divine Hiddenness and Evidential Ambiguity: Julian Baggini vs. Max Baker-Hytch (2025),theist,con,Max Baker-Hytch,historical-jesus-secure-divinity-not-obvious,reply,3,88,81,93,84,88,94,88,stronger support,standalone-final-ledger
211,baggini-baker-hytch-divine-hiddenness-2025,Divine Hiddenness and Evidential Ambiguity: Julian Baggini vs. Max Baker-Hytch (2025),theist,con,Max Baker-Hytch,psychological-origin-does-not-settle-truth,constructive,2,88,74,90,76,88,90,84,material warrant or verification step compressed,standalone-final-ledger
211,baggini-baker-hytch-divine-hiddenness-2025,Divine Hiddenness and Evidential Ambiguity: Julian Baggini vs. Max Baker-Hytch (2025),non_theist,pro,Julian Baggini,religious-goods-do-not-require-creedal-litmus,reply,2,82,67,64,78,82,92,76,assertion/anecdote/authority/speculation carries substantial weight,standalone-final-ledger
211,baggini-baker-hytch-divine-hiddenness-2025,Divine Hiddenness and Evidential Ambiguity: Julian Baggini vs. Max Baker-Hytch (2025),non_theist,pro,Julian Baggini,worldviews-require-humility-and-integrity,constructive,2,85,73,86,71,81,91,81,material warrant or verification step compressed,standalone-final-ledger
211,baggini-baker-hytch-divine-hiddenness-2025,Divine Hiddenness and Evidential Ambiguity: Julian Baggini vs. Max Baker-Hytch (2025),theist,con,Max Baker-Hytch,selective-skepticism-is-inconsistent,reply,2,86,70,75,66,85,87,78,material warrant or verification step compressed,standalone-final-ledger
211,baggini-baker-hytch-divine-hiddenness-2025,Divine Hiddenness and Evidential Ambiguity: Julian Baggini vs. Max Baker-Hytch (2025),theist,con,Max Baker-Hytch,pluralism-also-claims-privileged-truth,constructive,2,88,75,91,75,88,93,85,material warrant or verification step compressed,standalone-final-ledger
211,baggini-baker-hytch-divine-hiddenness-2025,Divine Hiddenness and Evidential Ambiguity: Julian Baggini vs. Max Baker-Hytch (2025),non_theist,pro,Julian Baggini,nonliteral-practice-centered-pluralism-coherent,reply,2,85,69,90,75,83,89,82,assertion/anecdote/authority/speculation carries substantial weight,standalone-final-ledger
211,baggini-baker-hytch-divine-hiddenness-2025,Divine Hiddenness and Evidential Ambiguity: Julian Baggini vs. Max Baker-Hytch (2025),theist,con,Max Baker-Hytch,loving-god-would-not-punish-honest-error,reply,3,86,68,89,78,89,90,83,assertion/anecdote/authority/speculation carries substantial weight,standalone-final-ledger
211,baggini-baker-hytch-divine-hiddenness-2025,Divine Hiddenness and Evidential Ambiguity: Julian Baggini vs. Max Baker-Hytch (2025),theist,con,Max Baker-Hytch,experiential-diversity-is-not-decisive,reply,3,84,65,89,80,83,91,81,assertion/anecdote/authority/speculation carries substantial weight,standalone-final-ledger
211,baggini-baker-hytch-divine-hiddenness-2025,Divine Hiddenness and Evidential Ambiguity: Julian Baggini vs. Max Baker-Hytch (2025),non_theist,pro,Julian Baggini,prior-beliefs-shape-experience,reply,3,84,73,91,84,84,79,83,material warrant or verification step compressed,standalone-final-ledger
211,baggini-baker-hytch-divine-hiddenness-2025,Divine Hiddenness and Evidential Ambiguity: Julian Baggini vs. Max Baker-Hytch (2025),theist,con,Max Baker-Hytch,jesus-evidence-joins-philosophical-case,reply,3,86,76,89,87,83,92,85,material warrant or verification step compressed,standalone-final-ledger
212,craig-carrier-resurrection-2009,Resurrection Evidence and Naturalistic Alternatives: William Lane Craig vs. Richard Carrier (2009),theist,pro,William Lane Craig,god-history-four-facts-framework,constructive,3,77,65,82,87,86,60,76,assertion/anecdote/authority/speculation carries substantial weight,standalone-final-ledger
212,craig-carrier-resurrection-2009,Resurrection Evidence and Naturalistic Alternatives: William Lane Craig vs. Richard Carrier (2009),theist,pro,William Lane Craig,joseph-burial-early-attestation,constructive,3,82,75,85,87,85,75,82,material warrant or verification step compressed,standalone-final-ledger
212,craig-carrier-resurrection-2009,Resurrection Evidence and Naturalistic Alternatives: William Lane Craig vs. Richard Carrier (2009),theist,pro,William Lane Craig,five-empty-tomb-indicators,constructive,3,80,72,87,90,87,67,81,material warrant or verification step compressed,standalone-final-ledger
212,craig-carrier-resurrection-2009,Resurrection Evidence and Naturalistic Alternatives: William Lane Craig vs. Richard Carrier (2009),theist,pro,William Lane Craig,paul-same-body-transformation,constructive,3,85,81,84,81,89,70,82,stronger support,standalone-final-ledger
212,craig-carrier-resurrection-2009,Resurrection Evidence and Naturalistic Alternatives: William Lane Craig vs. Richard Carrier (2009),theist,pro,William Lane Craig,individual-group-appearance-attestation,constructive,3,80,77,85,87,84,69,81,material warrant or verification step compressed,standalone-final-ledger
212,craig-carrier-resurrection-2009,Resurrection Evidence and Naturalistic Alternatives: William Lane Craig vs. Richard Carrier (2009),theist,pro,William Lane Craig,unexpected-resurrection-belief,constructive,3,78,72,84,85,82,65,78,material warrant or verification step compressed,standalone-final-ledger
212,craig-carrier-resurrection-2009,Resurrection Evidence and Naturalistic Alternatives: William Lane Craig vs. Richard Carrier (2009),theist,pro,William Lane Craig,resurrection-passes-explanatory-tests,constructive,3,73,62,85,88,86,61,76,assertion/anecdote/authority/speculation carries substantial weight,standalone-final-ledger
212,craig-carrier-resurrection-2009,Resurrection Evidence and Naturalistic Alternatives: William Lane Craig vs. Richard Carrier (2009),non_theist,con,Richard Carrier,gospels-symbolic-myth-not-history,constructive,3,73,72,85,87,77,59,76,material warrant or verification step compressed,standalone-final-ledger
212,craig-carrier-resurrection-2009,Resurrection Evidence and Naturalistic Alternatives: William Lane Craig vs. Richard Carrier (2009),non_theist,con,Richard Carrier,pauline-revelation-likely-hallucination,constructive,3,76,70,85,86,79,63,77,material warrant or verification step compressed,standalone-final-ledger
212,craig-carrier-resurrection-2009,Resurrection Evidence and Naturalistic Alternatives: William Lane Craig vs. Richard Carrier (2009),non_theist,con,Richard Carrier,missing-body-underdetermined,constructive,3,83,73,87,88,85,81,83,material warrant or verification step compressed,standalone-final-ledger
212,craig-carrier-resurrection-2009,Resurrection Evidence and Naturalistic Alternatives: William Lane Craig vs. Richard Carrier (2009),non_theist,con,Richard Carrier,natural-explanations-remain-available,constructive,3,76,62,83,84,78,77,76,assertion/anecdote/authority/speculation carries substantial weight,standalone-final-ledger
212,craig-carrier-resurrection-2009,Resurrection Evidence and Naturalistic Alternatives: William Lane Craig vs. Richard Carrier (2009),theist,pro,William Lane Craig,gospels-ancient-biography-response,reply,3,75,71,68,78,81,63,73,material warrant or verification step compressed,standalone-final-ledger
212,craig-carrier-resurrection-2009,Resurrection Evidence and Naturalistic Alternatives: William Lane Craig vs. Richard Carrier (2009),theist,pro,William Lane Craig,scripture-adapted-to-events-response,reply,3,81,76,86,82,84,77,81,material warrant or verification step compressed,standalone-final-ledger
212,craig-carrier-resurrection-2009,Resurrection Evidence and Naturalistic Alternatives: William Lane Craig vs. Richard Carrier (2009),theist,pro,William Lane Craig,natural-theories-fail-comparative-criteria,reply,3,78,68,89,88,84,56,78,assertion/anecdote/authority/speculation carries substantial weight,standalone-final-ledger
212,craig-carrier-resurrection-2009,Resurrection Evidence and Naturalistic Alternatives: William Lane Craig vs. Richard Carrier (2009),non_theist,con,Richard Carrier,ordinary-causes-more-common-reply,reply,3,81,71,87,86,84,81,81,material warrant or verification step compressed,standalone-final-ledger
212,craig-carrier-resurrection-2009,Resurrection Evidence and Naturalistic Alternatives: William Lane Craig vs. Richard Carrier (2009),non_theist,con,Richard Carrier,scripture-eschatology-origin-explanation,reply,3,80,74,89,86,81,76,81,material warrant or verification step compressed,standalone-final-ledger
212,craig-carrier-resurrection-2009,Resurrection Evidence and Naturalistic Alternatives: William Lane Craig vs. Richard Carrier (2009),non_theist,con,Richard Carrier,women-polemic-paul-empty-tomb-replies,reply,3,80,72,89,87,77,70,80,material warrant or verification step compressed,standalone-final-ledger
212,craig-carrier-resurrection-2009,Resurrection Evidence and Naturalistic Alternatives: William Lane Craig vs. Richard Carrier (2009),non_theist,con,Richard Carrier,multiple-natural-causes-and-vision-science,reply,3,83,69,90,85,83,78,81,assertion/anecdote/authority/speculation carries substantial weight,standalone-final-ledger
212,craig-carrier-resurrection-2009,Resurrection Evidence and Naturalistic Alternatives: William Lane Craig vs. Richard Carrier (2009),non_theist,con,Richard Carrier,epistles-visions-no-missing-body,reply,3,84,78,86,86,87,78,83,material warrant or verification step compressed,standalone-final-ledger
212,craig-carrier-resurrection-2009,Resurrection Evidence and Naturalistic Alternatives: William Lane Craig vs. Richard Carrier (2009),theist,pro,William Lane Craig,psalm-orphic-dependence-rebuttal,reply,3,84,78,91,85,87,73,84,material warrant or verification step compressed,standalone-final-ledger
212,craig-carrier-resurrection-2009,Resurrection Evidence and Naturalistic Alternatives: William Lane Craig vs. Richard Carrier (2009),theist,pro,William Lane Craig,daniel-expectation-and-specific-evidence,reply,3,83,75,90,88,85,73,83,material warrant or verification step compressed,standalone-final-ledger
212,craig-carrier-resurrection-2009,Resurrection Evidence and Naturalistic Alternatives: William Lane Craig vs. Richard Carrier (2009),non_theist,con,Richard Carrier,exceptional-evidence-not-established,reply,3,79,72,91,91,78,61,80,material warrant or verification step compressed,standalone-final-ledger
214,pageau-woodford-metaphorical-truth-2020,Metaphorical Truth and Religious Patterns: Jonathan Pageau vs. Stephen Woodford (2020),non_theist,con,Stephen Woodford,evolution-serves-survival-not-truth,constructive,3,72,55,81,82,74,59,71,assertion/anecdote/authority/speculation carries substantial weight,standalone-final-ledger
214,pageau-woodford-metaphorical-truth-2020,Metaphorical Truth and Religious Patterns: Jonathan Pageau vs. Stephen Woodford (2020),non_theist,con,Stephen Woodford,metaphorical-truth-preserves-useful-falsehoods,constructive,3,80,71,84,81,80,84,80,material warrant or verification step compressed,standalone-final-ledger
214,pageau-woodford-metaphorical-truth-2020,Metaphorical Truth and Religious Patterns: Jonathan Pageau vs. Stephen Woodford (2020),theist,pro,Jonathan Pageau,religion-describes-participatory-patterns-not-mechanics,reply,3,80,62,85,85,77,78,78,assertion/anecdote/authority/speculation carries substantial weight,standalone-final-ledger
214,pageau-woodford-metaphorical-truth-2020,Metaphorical Truth and Religious Patterns: Jonathan Pageau vs. Stephen Woodford (2020),theist,pro,Jonathan Pageau,census-rule-encodes-limits-on-total-control,constructive,2,71,54,81,80,72,65,70,assertion/anecdote/authority/speculation carries substantial weight,standalone-final-ledger
214,pageau-woodford-metaphorical-truth-2020,Metaphorical Truth and Religious Patterns: Jonathan Pageau vs. Stephen Woodford (2020),non_theist,con,Stephen Woodford,literal-errors-and-prescriptions-require-distinction,reply,2,84,71,89,82,84,86,82,material warrant or verification step compressed,standalone-final-ledger
214,pageau-woodford-metaphorical-truth-2020,Metaphorical Truth and Religious Patterns: Jonathan Pageau vs. Stephen Woodford (2020),theist,pro,Jonathan Pageau,genesis-contains-heaven-earth-pattern,reply,3,70,57,83,78,67,67,71,assertion/anecdote/authority/speculation carries substantial weight,standalone-final-ledger
214,pageau-woodford-metaphorical-truth-2020,Metaphorical Truth and Religious Patterns: Jonathan Pageau vs. Stephen Woodford (2020),non_theist,con,Stephen Woodford,evolved-stories-must-be-retested-for-new-environments,constructive,3,83,71,88,91,80,84,83,material warrant or verification step compressed,standalone-final-ledger
214,pageau-woodford-metaphorical-truth-2020,Metaphorical Truth and Religious Patterns: Jonathan Pageau vs. Stephen Woodford (2020),theist,pro,Jonathan Pageau,scripture-describes-lived-experience,reply,3,77,65,75,80,78,68,74,assertion/anecdote/authority/speculation carries substantial weight,standalone-final-ledger
214,pageau-woodford-metaphorical-truth-2020,Metaphorical Truth and Religious Patterns: Jonathan Pageau vs. Stephen Woodford (2020),non_theist,con,Stephen Woodford,nonarbitrariness-entails-evolutionary-process,reply,3,65,57,81,80,82,59,70,assertion/anecdote/authority/speculation carries substantial weight,standalone-final-ledger
214,pageau-woodford-metaphorical-truth-2020,Metaphorical Truth and Religious Patterns: Jonathan Pageau vs. Stephen Woodford (2020),theist,pro,Jonathan Pageau,creation-balances-order-and-potential,constructive,3,71,57,82,84,67,61,71,assertion/anecdote/authority/speculation carries substantial weight,standalone-final-ledger
214,pageau-woodford-metaphorical-truth-2020,Metaphorical Truth and Religious Patterns: Jonathan Pageau vs. Stephen Woodford (2020),non_theist,con,Stephen Woodford,some-patterns-endure-without-starting-from-scratch,constructive,2,84,67,86,80,84,91,81,assertion/anecdote/authority/speculation carries substantial weight,standalone-final-ledger
214,pageau-woodford-metaphorical-truth-2020,Metaphorical Truth and Religious Patterns: Jonathan Pageau vs. Stephen Woodford (2020),non_theist,con,Stephen Woodford,patriarchal-traits-may-now-be-dangerous,constructive,3,77,59,85,85,72,71,75,assertion/anecdote/authority/speculation carries substantial weight,standalone-final-ledger
214,pageau-woodford-metaphorical-truth-2020,Metaphorical Truth and Religious Patterns: Jonathan Pageau vs. Stephen Woodford (2020),non_theist,con,Stephen Woodford,retain-loving-motifs-discard-obsolete-patterns,constructive,3,80,62,85,85,77,87,79,assertion/anecdote/authority/speculation carries substantial weight,standalone-final-ledger
214,pageau-woodford-metaphorical-truth-2020,Metaphorical Truth and Religious Patterns: Jonathan Pageau vs. Stephen Woodford (2020),theist,pro,Jonathan Pageau,tradition-is-embodied-participation,reply,3,77,63,79,84,72,70,74,assertion/anecdote/authority/speculation carries substantial weight,standalone-final-ledger
214,pageau-woodford-metaphorical-truth-2020,Metaphorical Truth and Religious Patterns: Jonathan Pageau vs. Stephen Woodford (2020),theist,pro,Jonathan Pageau,external-judgment-needs-a-goal-and-standpoint,reply,3,88,78,92,89,88,83,86,material warrant or verification step compressed,standalone-final-ledger
214,pageau-woodford-metaphorical-truth-2020,Metaphorical Truth and Religious Patterns: Jonathan Pageau vs. Stephen Woodford (2020),non_theist,con,Stephen Woodford,goals-and-evolved-values-guide-comparison,reply,3,75,59,84,82,72,85,75,assertion/anecdote/authority/speculation carries substantial weight,standalone-final-ledger
214,pageau-woodford-metaphorical-truth-2020,Metaphorical Truth and Religious Patterns: Jonathan Pageau vs. Stephen Woodford (2020),non_theist,con,Stephen Woodford,dogma-blocks-archetype-criticism,constructive,3,69,50,75,76,65,49,65,assertion/anecdote/authority/speculation carries substantial weight,standalone-final-ledger
214,pageau-woodford-metaphorical-truth-2020,Metaphorical Truth and Religious Patterns: Jonathan Pageau vs. Stephen Woodford (2020),theist,pro,Jonathan Pageau,god-transcends-being-and-grounds-pattern,reply,3,64,48,77,75,58,70,65,effectively unsupported,standalone-final-ledger
214,pageau-woodford-metaphorical-truth-2020,Metaphorical Truth and Religious Patterns: Jonathan Pageau vs. Stephen Woodford (2020),theist,pro,Jonathan Pageau,religious-language-scales-and-christianity-needs-renewal,reply,3,79,60,85,83,75,89,78,assertion/anecdote/authority/speculation carries substantial weight,standalone-final-ledger
214,pageau-woodford-metaphorical-truth-2020,Metaphorical Truth and Religious Patterns: Jonathan Pageau vs. Stephen Woodford (2020),non_theist,con,Stephen Woodford,obsolete-patterns-deny-lived-homosexual-experience,constructive,3,82,70,90,90,79,80,82,material warrant or verification step compressed,standalone-final-ledger
214,pageau-woodford-metaphorical-truth-2020,Metaphorical Truth and Religious Patterns: Jonathan Pageau vs. Stephen Woodford (2020),theist,pro,Jonathan Pageau,christian-hierarchy-is-love-not-the-sexual-application,reply,3,72,53,72,76,72,68,68,assertion/anecdote/authority/speculation carries substantial weight,standalone-final-ledger
214,pageau-woodford-metaphorical-truth-2020,Metaphorical Truth and Religious Patterns: Jonathan Pageau vs. Stephen Woodford (2020),theist,pro,Jonathan Pageau,scripture-condemns-behavior-not-identity,reply,3,72,63,68,70,78,62,69,assertion/anecdote/authority/speculation carries substantial weight,standalone-final-ledger
214,pageau-woodford-metaphorical-truth-2020,Metaphorical Truth and Religious Patterns: Jonathan Pageau vs. Stephen Woodford (2020),non_theist,con,Stephen Woodford,tribal-scripture-shows-obsolete-moral-patterns,reply,3,83,75,89,89,77,80,83,material warrant or verification step compressed,standalone-final-ledger
214,pageau-woodford-metaphorical-truth-2020,Metaphorical Truth and Religious Patterns: Jonathan Pageau vs. Stephen Woodford (2020),theist,pro,Jonathan Pageau,love-enemies-humanizes-without-erasing-boundaries,reply,3,83,68,88,85,78,89,81,assertion/anecdote/authority/speculation carries substantial weight,standalone-final-ledger
214,pageau-woodford-metaphorical-truth-2020,Metaphorical Truth and Religious Patterns: Jonathan Pageau vs. Stephen Woodford (2020),non_theist,con,Stephen Woodford,plural-traditions-require-cross-tradition-navigation,reply,3,85,68,88,90,79,82,82,assertion/anecdote/authority/speculation carries substantial weight,standalone-final-ledger
214,pageau-woodford-metaphorical-truth-2020,Metaphorical Truth and Religious Patterns: Jonathan Pageau vs. Stephen Woodford (2020),theist,pro,Jonathan Pageau,christianity-improves-through-christian-participation,reply,3,68,50,72,78,78,60,67,assertion/anecdote/authority/speculation carries substantial weight,standalone-final-ledger
214,pageau-woodford-metaphorical-truth-2020,Metaphorical Truth and Religious Patterns: Jonathan Pageau vs. Stephen Woodford (2020),non_theist,con,Stephen Woodford,evolutionary-substrate-enables-critical-revision,reply,3,84,67,91,89,81,86,83,assertion/anecdote/authority/speculation carries substantial weight,standalone-final-ledger
214,pageau-woodford-metaphorical-truth-2020,Metaphorical Truth and Religious Patterns: Jonathan Pageau vs. Stephen Woodford (2020),theist,pro,Jonathan Pageau,reform-must-occur-organically-from-within,reply,3,78,60,82,85,79,86,77,assertion/anecdote/authority/speculation carries substantial weight,standalone-final-ledger
214,pageau-woodford-metaphorical-truth-2020,Metaphorical Truth and Religious Patterns: Jonathan Pageau vs. Stephen Woodford (2020),non_theist,con,Stephen Woodford,final-evolutionary-level-allows-christian-critique,reply,3,85,67,92,91,84,88,84,assertion/anecdote/authority/speculation carries substantial weight,standalone-final-ledger
214,pageau-woodford-metaphorical-truth-2020,Metaphorical Truth and Religious Patterns: Jonathan Pageau vs. Stephen Woodford (2020),theist,pro,Jonathan Pageau,final-patterns-of-reality-ground-evolution,reply,3,65,52,86,82,63,72,70,assertion/anecdote/authority/speculation carries substantial weight,standalone-final-ledger
215,horn-oconnor-christian-belief-2022,Why Be a Christian? Trent Horn vs. Alex O'Connor (2022),theist,pro,Trent Horn,contingency-points-to-necessary-creator,constructive,3,76,67,81,80,78,75,76,assertion/anecdote/authority/speculation carries substantial weight,standalone-final-ledger
215,horn-oconnor-christian-belief-2022,Why Be a Christian? Trent Horn vs. Alex O'Connor (2022),theist,pro,Trent Horn,immaterial-first-cause-points-to-divinity,constructive,3,73,65,80,80,78,78,75,assertion/anecdote/authority/speculation carries substantial weight,standalone-final-ledger
215,horn-oconnor-christian-belief-2022,Why Be a Christian? Trent Horn vs. Alex O'Connor (2022),theist,pro,Trent Horn,dignity-and-resurrection-support-christianity,constructive,3,70,56,84,84,74,67,72,assertion/anecdote/authority/speculation carries substantial weight,standalone-final-ledger
215,horn-oconnor-christian-belief-2022,Why Be a Christian? Trent Horn vs. Alex O'Connor (2022),non_theist,con,Alex O'Connor,pervasive-suffering-demands-explanation,constructive,3,82,72,85,84,83,82,81,material warrant or verification step compressed,standalone-final-ledger
215,horn-oconnor-christian-belief-2022,Why Be a Christian? Trent Horn vs. Alex O'Connor (2022),non_theist,con,Alex O'Connor,suffering-more-expected-under-atheism,constructive,3,85,76,88,89,87,90,85,material warrant or verification step compressed,standalone-final-ledger
215,horn-oconnor-christian-belief-2022,Why Be a Christian? Trent Horn vs. Alex O'Connor (2022),non_theist,con,Alex O'Connor,nonresistant-nonbelief-conflicts-with-divine-love,constructive,3,87,74,88,88,89,79,84,material warrant or verification step compressed,standalone-final-ledger
215,horn-oconnor-christian-belief-2022,Why Be a Christian? Trent Horn vs. Alex O'Connor (2022),theist,pro,Trent Horn,nonbelief-can-arise-from-blameless-error,reply,2,71,73,63,68,83,87,72,material warrant or verification step compressed,standalone-final-ledger
215,horn-oconnor-christian-belief-2022,Why Be a Christian? Trent Horn vs. Alex O'Connor (2022),non_theist,con,Alex O'Connor,loving-god-should-correct-blameless-error,reply,3,88,78,93,91,89,86,87,material warrant or verification step compressed,standalone-final-ledger
215,horn-oconnor-christian-belief-2022,Why Be a Christian? Trent Horn vs. Alex O'Connor (2022),non_theist,con,Alex O'Connor,modest-religious-experience-could-correct-nonbelief,reply,3,85,70,91,88,85,83,83,material warrant or verification step compressed,standalone-final-ledger
215,horn-oconnor-christian-belief-2022,Why Be a Christian? Trent Horn vs. Alex O'Connor (2022),theist,pro,Trent Horn,epistemic-distance-preserves-freedom,reply,3,71,63,75,76,79,83,73,assertion/anecdote/authority/speculation carries substantial weight,standalone-final-ledger
215,horn-oconnor-christian-belief-2022,Why Be a Christian? Trent Horn vs. Alex O'Connor (2022),non_theist,con,Alex O'Connor,known-goods-do-not-explain-extreme-suffering,reply,3,87,79,88,87,87,89,86,material warrant or verification step compressed,standalone-final-ledger
215,horn-oconnor-christian-belief-2022,Why Be a Christian? Trent Horn vs. Alex O'Connor (2022),theist,pro,Trent Horn,divine-knowledge-permits-unknown-justifications,reply,3,68,60,77,76,79,68,71,assertion/anecdote/authority/speculation carries substantial weight,standalone-final-ledger
215,horn-oconnor-christian-belief-2022,Why Be a Christian? Trent Horn vs. Alex O'Connor (2022),theist,pro,Trent Horn,developing-world-enables-moral-goods,reply,3,77,68,80,81,83,78,77,assertion/anecdote/authority/speculation carries substantial weight,standalone-final-ledger
215,horn-oconnor-christian-belief-2022,Why Be a Christian? Trent Horn vs. Alex O'Connor (2022),non_theist,con,Alex O'Connor,needless-evil-cannot-be-justified-by-response-goods,reply,3,85,80,92,88,90,84,86,stronger support,standalone-final-ledger
215,horn-oconnor-christian-belief-2022,Why Be a Christian? Trent Horn vs. Alex O'Connor (2022),theist,pro,Trent Horn,fallible-humans-add-unique-goods,reply,3,66,64,58,68,73,61,65,assertion/anecdote/authority/speculation carries substantial weight,standalone-final-ledger
215,horn-oconnor-christian-belief-2022,Why Be a Christian? Trent Horn vs. Alex O'Connor (2022),non_theist,con,Alex O'Connor,evil-argument-is-an-internal-critique,reply,3,91,85,95,90,92,90,90,stronger support,standalone-final-ledger
215,horn-oconnor-christian-belief-2022,Why Be a Christian? Trent Horn vs. Alex O'Connor (2022),non_theist,con,Alex O'Connor,emotivism-expresses-welfare-preferences,constructive,2,84,72,81,74,88,93,81,material warrant or verification step compressed,standalone-final-ledger
215,horn-oconnor-christian-belief-2022,Why Be a Christian? Trent Horn vs. Alex O'Connor (2022),theist,pro,Trent Horn,moral-realism-and-dignity-favor-theism,reply,3,71,63,82,78,75,67,73,assertion/anecdote/authority/speculation carries substantial weight,standalone-final-ledger
215,horn-oconnor-christian-belief-2022,Why Be a Christian? Trent Horn vs. Alex O'Connor (2022),non_theist,con,Alex O'Connor,moral-disputes-often-concern-facts,reply,2,80,73,85,77,85,92,81,material warrant or verification step compressed,standalone-final-ledger
215,horn-oconnor-christian-belief-2022,Why Be a Christian? Trent Horn vs. Alex O'Connor (2022),theist,pro,Trent Horn,christianity-explains-dignity-and-obligation,reply,3,70,58,79,80,81,69,72,assertion/anecdote/authority/speculation carries substantial weight,standalone-final-ledger
215,horn-oconnor-christian-belief-2022,Why Be a Christian? Trent Horn vs. Alex O'Connor (2022),non_theist,con,Alex O'Connor,evil-undermines-christian-loving-god,reply,3,90,82,93,94,92,94,90,stronger support,standalone-final-ledger
215,horn-oconnor-christian-belief-2022,Why Be a Christian? Trent Horn vs. Alex O'Connor (2022),theist,pro,Trent Horn,moral-creator-identified-through-christ,reply,3,66,52,71,80,75,71,68,assertion/anecdote/authority/speculation carries substantial weight,standalone-final-ledger
215,horn-oconnor-christian-belief-2022,Why Be a Christian? Trent Horn vs. Alex O'Connor (2022),theist,pro,Trent Horn,sincere-seekers-judged-by-culpability,constructive,2,83,72,85,77,86,91,81,material warrant or verification step compressed,standalone-final-ledger
215,horn-oconnor-christian-belief-2022,Why Be a Christian? Trent Horn vs. Alex O'Connor (2022),non_theist,con,Alex O'Connor,honest-nonbelief-complicates-divine-judgment,reply,2,72,65,69,76,79,70,71,assertion/anecdote/authority/speculation carries substantial weight,standalone-final-ledger
215,horn-oconnor-christian-belief-2022,Why Be a Christian? Trent Horn vs. Alex O'Connor (2022),theist,pro,Trent Horn,disciple-recantation-would-undercut-christianity,constructive,2,84,72,87,78,80,89,81,material warrant or verification step compressed,standalone-final-ledger
215,horn-oconnor-christian-belief-2022,Why Be a Christian? Trent Horn vs. Alex O'Connor (2022),theist,pro,Trent Horn,christianity-exposes-historical-and-philosophical-defeaters,constructive,3,85,73,89,83,87,87,84,material warrant or verification step compressed,standalone-final-ledger
215,horn-oconnor-christian-belief-2022,Why Be a Christian? Trent Horn vs. Alex O'Connor (2022),non_theist,con,Alex O'Connor,incremental-evidence-may-remain-insufficient,constructive,2,91,84,88,85,92,93,88,stronger support,standalone-final-ledger
215,horn-oconnor-christian-belief-2022,Why Be a Christian? Trent Horn vs. Alex O'Connor (2022),non_theist,con,Alex O'Connor,resurrection-evidence-does-not-yet-warrant-belief,constructive,3,88,70,90,91,88,95,86,material warrant or verification step compressed,standalone-final-ledger
216,harris-wolpe-religion-science-2007,"Religion, Science, and Meaning: Sam Harris vs. David Wolpe (2007)",theist,pro,David Wolpe,science-is-powerful-but-narrow,constructive,3,67,48,78,81,71,60,67,effectively unsupported,standalone-final-ledger
216,harris-wolpe-religion-science-2007,"Religion, Science, and Meaning: Sam Harris vs. David Wolpe (2007)",non_theist,con,Sam Harris,religious-authority-has-eroded,reply,3,76,61,84,82,78,66,75,assertion/anecdote/authority/speculation carries substantial weight,standalone-final-ledger
216,harris-wolpe-religion-science-2007,"Religion, Science, and Meaning: Sam Harris vs. David Wolpe (2007)",theist,pro,David Wolpe,good-life-is-not-measurable-as-happiness,reply,3,82,72,87,86,83,74,81,material warrant or verification step compressed,standalone-final-ledger
216,harris-wolpe-religion-science-2007,"Religion, Science, and Meaning: Sam Harris vs. David Wolpe (2007)",non_theist,con,Sam Harris,wellbeing-is-open-to-objective-study,reply,3,86,77,91,87,86,91,86,material warrant or verification step compressed,standalone-final-ledger
216,harris-wolpe-religion-science-2007,"Religion, Science, and Meaning: Sam Harris vs. David Wolpe (2007)",theist,pro,David Wolpe,life-worth-living-is-not-scientifically-proved,reply,2,62,51,64,71,65,68,62,assertion/anecdote/authority/speculation carries substantial weight,standalone-final-ledger
216,harris-wolpe-religion-science-2007,"Religion, Science, and Meaning: Sam Harris vs. David Wolpe (2007)",non_theist,con,Sam Harris,spiritual-experience-does-not-validate-doctrine,constructive,3,88,73,89,91,85,78,84,material warrant or verification step compressed,standalone-final-ledger
216,harris-wolpe-religion-science-2007,"Religion, Science, and Meaning: Sam Harris vs. David Wolpe (2007)",theist,pro,David Wolpe,miracles-concern-suspension-of-natural-laws,reply,2,57,41,58,63,66,55,56,effectively unsupported,standalone-final-ledger
216,harris-wolpe-religion-science-2007,"Religion, Science, and Meaning: Sam Harris vs. David Wolpe (2007)",non_theist,con,Sam Harris,conviction-must-scale-with-evidence,reply,3,92,79,94,93,92,93,90,material warrant or verification step compressed,standalone-final-ledger
216,harris-wolpe-religion-science-2007,"Religion, Science, and Meaning: Sam Harris vs. David Wolpe (2007)",theist,pro,David Wolpe,intuition-can-yield-non-discursive-insight,constructive,2,58,36,69,72,75,63,60,effectively unsupported,standalone-final-ledger
216,harris-wolpe-religion-science-2007,"Religion, Science, and Meaning: Sam Harris vs. David Wolpe (2007)",non_theist,con,Sam Harris,religious-moderation-protects-unsupported-claims,constructive,3,75,53,81,82,70,58,71,assertion/anecdote/authority/speculation carries substantial weight,standalone-final-ledger
216,harris-wolpe-religion-science-2007,"Religion, Science, and Meaning: Sam Harris vs. David Wolpe (2007)",theist,pro,David Wolpe,healthy-religion-can-reform-sick-religion,reply,3,71,48,79,81,75,64,69,effectively unsupported,standalone-final-ledger
216,harris-wolpe-religion-science-2007,"Religion, Science, and Meaning: Sam Harris vs. David Wolpe (2007)",non_theist,con,Sam Harris,nonreligious-regimes-do-not-represent-skeptical-inquiry,reply,3,86,73,89,87,86,73,83,material warrant or verification step compressed,standalone-final-ledger
216,harris-wolpe-religion-science-2007,"Religion, Science, and Meaning: Sam Harris vs. David Wolpe (2007)",theist,pro,David Wolpe,religious-tradition-shaped-modern-moral-values,reply,3,55,45,68,73,62,50,59,effectively unsupported,standalone-final-ledger
216,harris-wolpe-religion-science-2007,"Religion, Science, and Meaning: Sam Harris vs. David Wolpe (2007)",non_theist,con,Sam Harris,moral-selection-precedes-scriptural-authority,reply,3,89,81,92,90,87,76,87,stronger support,standalone-final-ledger
216,harris-wolpe-religion-science-2007,"Religion, Science, and Meaning: Sam Harris vs. David Wolpe (2007)",non_theist,con,Sam Harris,mind-dependence-on-brain-undercuts-intact-soul,constructive,3,88,83,89,86,88,73,85,stronger support,standalone-final-ledger
216,harris-wolpe-religion-science-2007,"Religion, Science, and Meaning: Sam Harris vs. David Wolpe (2007)",theist,pro,David Wolpe,religion-addresses-purpose-and-moral-order,constructive,3,66,43,82,84,72,54,67,effectively unsupported,standalone-final-ledger
216,harris-wolpe-religion-science-2007,"Religion, Science, and Meaning: Sam Harris vs. David Wolpe (2007)",non_theist,con,Sam Harris,usefulness-does-not-establish-truth,reply,3,94,85,92,94,92,90,91,stronger support,standalone-final-ledger
216,harris-wolpe-religion-science-2007,"Religion, Science, and Meaning: Sam Harris vs. David Wolpe (2007)",theist,pro,David Wolpe,moral-fruit-supports-designed-order,reply,3,69,55,88,81,78,85,74,assertion/anecdote/authority/speculation carries substantial weight,standalone-final-ledger
216,harris-wolpe-religion-science-2007,"Religion, Science, and Meaning: Sam Harris vs. David Wolpe (2007)",non_theist,con,Sam Harris,metaphysical-label-does-not-remove-evidential-contact,reply,3,84,70,88,88,81,76,81,material warrant or verification step compressed,standalone-final-ledger
216,harris-wolpe-religion-science-2007,"Religion, Science, and Meaning: Sam Harris vs. David Wolpe (2007)",theist,pro,David Wolpe,soul-and-god-are-not-physical-object-claims,reply,2,57,43,58,70,72,61,58,effectively unsupported,standalone-final-ledger
216,harris-wolpe-religion-science-2007,"Religion, Science, and Meaning: Sam Harris vs. David Wolpe (2007)",theist,pro,David Wolpe,abraham-story-rejects-human-sacrifice,constructive,3,82,75,86,81,83,80,81,material warrant or verification step compressed,standalone-final-ledger
216,harris-wolpe-religion-science-2007,"Religion, Science, and Meaning: Sam Harris vs. David Wolpe (2007)",non_theist,con,Sam Harris,scriptural-record-remains-morally-mixed,reply,3,79,75,89,84,77,82,81,material warrant or verification step compressed,standalone-final-ledger
216,harris-wolpe-religion-science-2007,"Religion, Science, and Meaning: Sam Harris vs. David Wolpe (2007)",non_theist,con,Sam Harris,ancient-scripture-fails-timeless-moral-standard,constructive,3,88,78,91,92,84,58,84,material warrant or verification step compressed,standalone-final-ledger
216,harris-wolpe-religion-science-2007,"Religion, Science, and Meaning: Sam Harris vs. David Wolpe (2007)",theist,pro,David Wolpe,interpretive-community-enables-moral-development,reply,3,80,74,86,84,80,81,81,material warrant or verification step compressed,standalone-final-ledger
216,harris-wolpe-religion-science-2007,"Religion, Science, and Meaning: Sam Harris vs. David Wolpe (2007)",non_theist,con,Sam Harris,scientist-can-partition-evidential-standards,constructive,3,85,79,89,89,86,44,81,material warrant or verification step compressed,standalone-final-ledger
216,harris-wolpe-religion-science-2007,"Religion, Science, and Meaning: Sam Harris vs. David Wolpe (2007)",theist,pro,David Wolpe,religious-experience-has-nonliteral-truth,reply,3,69,59,72,75,77,81,71,assertion/anecdote/authority/speculation carries substantial weight,standalone-final-ledger
216,harris-wolpe-religion-science-2007,"Religion, Science, and Meaning: Sam Harris vs. David Wolpe (2007)",theist,pro,David Wolpe,human-cognition-does-not-exhaust-reality,constructive,3,62,47,76,78,74,85,68,effectively unsupported,standalone-final-ledger
216,harris-wolpe-religion-science-2007,"Religion, Science, and Meaning: Sam Harris vs. David Wolpe (2007)",non_theist,con,Sam Harris,modern-conversation-should-replace-privileged-ancient-authority,reply,3,83,63,86,84,84,57,77,assertion/anecdote/authority/speculation carries substantial weight,standalone-final-ledger
217,douthat-oconnor-religious-belief-obligation-2026,Religious Belief as an Obligation: Ross Douthat vs. Alex O'Connor (2026),theist,pro,Ross Douthat,religious-interest-obligatory,constructive,3,60,45,71,72,71,70,63,effectively unsupported,standalone-final-ledger
217,douthat-oconnor-religious-belief-obligation-2026,Religious Belief as an Obligation: Ross Douthat vs. Alex O'Connor (2026),theist,pro,Ross Douthat,consciousness-exceeds-material-description,constructive,3,73,66,78,75,76,71,73,assertion/anecdote/authority/speculation carries substantial weight,standalone-final-ledger
217,douthat-oconnor-religious-belief-obligation-2026,Religious Belief as an Obligation: Ross Douthat vs. Alex O'Connor (2026),theist,pro,Ross Douthat,panpsychism-points-religiously,constructive,2,56,52,73,68,68,74,63,assertion/anecdote/authority/speculation carries substantial weight,standalone-final-ledger
217,douthat-oconnor-religious-belief-obligation-2026,Religious Belief as an Obligation: Ross Douthat vs. Alex O'Connor (2026),non_theist,con,Alex O'Connor,mind-combination-underdetermines-god,reply,3,81,73,87,84,79,87,81,material warrant or verification step compressed,standalone-final-ledger
217,douthat-oconnor-religious-belief-obligation-2026,Religious Belief as an Obligation: Ross Douthat vs. Alex O'Connor (2026),non_theist,con,Alex O'Connor,pantheism-opposes-classical-creator,reply,3,84,76,89,86,84,84,84,material warrant or verification step compressed,standalone-final-ledger
217,douthat-oconnor-religious-belief-obligation-2026,Religious Belief as an Obligation: Ross Douthat vs. Alex O'Connor (2026),theist,pro,Ross Douthat,practice-before-complete-theology,reply,3,67,49,75,77,72,78,68,effectively unsupported,standalone-final-ledger
217,douthat-oconnor-religious-belief-obligation-2026,Religious Belief as an Obligation: Ross Douthat vs. Alex O'Connor (2026),theist,pro,Ross Douthat,fine-tuning-favors-theism,constructive,3,68,48,78,77,68,77,68,effectively unsupported,standalone-final-ledger
217,douthat-oconnor-religious-belief-obligation-2026,Religious Belief as an Obligation: Ross Douthat vs. Alex O'Connor (2026),theist,pro,Ross Douthat,converging-lines-support-religion,constructive,3,71,58,80,84,75,78,73,assertion/anecdote/authority/speculation carries substantial weight,standalone-final-ledger
217,douthat-oconnor-religious-belief-obligation-2026,Religious Belief as an Obligation: Ross Douthat vs. Alex O'Connor (2026),non_theist,con,Alex O'Connor,fine-tuning-needs-distribution,reply,3,90,82,93,90,90,88,89,stronger support,standalone-final-ledger
217,douthat-oconnor-religious-belief-obligation-2026,Religious Belief as an Obligation: Ross Douthat vs. Alex O'Connor (2026),non_theist,con,Alex O'Connor,unknown-variables-limit-confidence,reply,2,84,68,88,83,81,92,82,assertion/anecdote/authority/speculation carries substantial weight,standalone-final-ledger
217,douthat-oconnor-religious-belief-obligation-2026,Religious Belief as an Obligation: Ross Douthat vs. Alex O'Connor (2026),theist,pro,Ross Douthat,scientific-reaction-supports-significance,reply,2,60,53,61,68,66,74,62,assertion/anecdote/authority/speculation carries substantial weight,standalone-final-ledger
217,douthat-oconnor-religious-belief-obligation-2026,Religious Belief as an Obligation: Ross Douthat vs. Alex O'Connor (2026),non_theist,con,Alex O'Connor,logical-range-defeats-precise-odds,reply,3,81,73,89,87,82,86,83,material warrant or verification step compressed,standalone-final-ledger
217,douthat-oconnor-religious-belief-obligation-2026,Religious Belief as an Obligation: Ross Douthat vs. Alex O'Connor (2026),theist,pro,Ross Douthat,order-remains-explanatory-mystery,reply,3,72,62,83,77,77,82,74,assertion/anecdote/authority/speculation carries substantial weight,standalone-final-ledger
217,douthat-oconnor-religious-belief-obligation-2026,Religious Belief as an Obligation: Ross Douthat vs. Alex O'Connor (2026),theist,pro,Ross Douthat,arbitrary-grace-permits-unbelief,constructive,3,81,69,84,67,83,91,78,assertion/anecdote/authority/speculation carries substantial weight,standalone-final-ledger
217,douthat-oconnor-religious-belief-obligation-2026,Religious Belief as an Obligation: Ross Douthat vs. Alex O'Connor (2026),theist,pro,Ross Douthat,unbelief-built-into-cosmos,constructive,3,69,64,79,71,77,87,73,assertion/anecdote/authority/speculation carries substantial weight,standalone-final-ledger
217,douthat-oconnor-religious-belief-obligation-2026,Religious Belief as an Obligation: Ross Douthat vs. Alex O'Connor (2026),non_theist,con,Alex O'Connor,scriptural-awareness-does-not-solve-hiddenness,reply,2,84,75,85,78,84,88,82,material warrant or verification step compressed,standalone-final-ledger
217,douthat-oconnor-religious-belief-obligation-2026,Religious Belief as an Obligation: Ross Douthat vs. Alex O'Connor (2026),non_theist,con,Alex O'Connor,atheism-hard-but-arbitrariness-serious,constructive,3,83,69,86,88,83,93,83,assertion/anecdote/authority/speculation carries substantial weight,standalone-final-ledger
217,douthat-oconnor-religious-belief-obligation-2026,Religious Belief as an Obligation: Ross Douthat vs. Alex O'Connor (2026),non_theist,con,Alex O'Connor,unequal-access-intensifies-hiddenness,constructive,3,85,71,85,87,86,85,83,material warrant or verification step compressed,standalone-final-ledger
217,douthat-oconnor-religious-belief-obligation-2026,Religious Belief as an Obligation: Ross Douthat vs. Alex O'Connor (2026),theist,pro,Ross Douthat,mystical-access-is-not-the-point,reply,3,76,68,71,73,80,83,74,assertion/anecdote/authority/speculation carries substantial weight,standalone-final-ledger
217,douthat-oconnor-religious-belief-obligation-2026,Religious Belief as an Obligation: Ross Douthat vs. Alex O'Connor (2026),theist,pro,Ross Douthat,hidden-person-called-to-virtue,reply,2,72,69,65,72,81,81,72,assertion/anecdote/authority/speculation carries substantial weight,standalone-final-ledger
217,douthat-oconnor-religious-belief-obligation-2026,Religious Belief as an Obligation: Ross Douthat vs. Alex O'Connor (2026),non_theist,con,Alex O'Connor,wrong-religion-may-be-worse,reply,3,81,67,89,85,79,83,80,assertion/anecdote/authority/speculation carries substantial weight,standalone-final-ledger
217,douthat-oconnor-religious-belief-obligation-2026,Religious Belief as an Obligation: Ross Douthat vs. Alex O'Connor (2026),theist,pro,Ross Douthat,practice-matters-more-than-conceptual-error,reply,3,63,50,77,75,69,76,67,assertion/anecdote/authority/speculation carries substantial weight,standalone-final-ledger
217,douthat-oconnor-religious-belief-obligation-2026,Religious Belief as an Obligation: Ross Douthat vs. Alex O'Connor (2026),theist,pro,Ross Douthat,religions-share-starting-ground,constructive,3,76,57,80,80,79,83,75,assertion/anecdote/authority/speculation carries substantial weight,standalone-final-ledger
217,douthat-oconnor-religious-belief-obligation-2026,Religious Belief as an Obligation: Ross Douthat vs. Alex O'Connor (2026),non_theist,con,Alex O'Connor,unequal-maps-create-dilemma,reply,3,87,76,92,89,86,84,86,material warrant or verification step compressed,standalone-final-ledger
217,douthat-oconnor-religious-belief-obligation-2026,Religious Belief as an Obligation: Ross Douthat vs. Alex O'Connor (2026),theist,pro,Ross Douthat,hiddenness-enables-freedom-and-story,reply,3,56,47,70,78,66,76,63,effectively unsupported,standalone-final-ledger
217,douthat-oconnor-religious-belief-obligation-2026,Religious Belief as an Obligation: Ross Douthat vs. Alex O'Connor (2026),non_theist,con,Alex O'Connor,animal-suffering-presses-triomni-god,constructive,3,86,73,88,88,84,88,84,material warrant or verification step compressed,standalone-final-ledger
217,douthat-oconnor-religious-belief-obligation-2026,Religious Belief as an Obligation: Ross Douthat vs. Alex O'Connor (2026),theist,pro,Ross Douthat,animal-experience-remains-uncertain,reply,2,73,60,77,72,77,83,72,assertion/anecdote/authority/speculation carries substantial weight,standalone-final-ledger
217,douthat-oconnor-religious-belief-obligation-2026,Religious Belief as an Obligation: Ross Douthat vs. Alex O'Connor (2026),non_theist,con,Alex O'Connor,moral-intuition-cuts-against-theism,reply,3,87,74,89,87,85,88,85,material warrant or verification step compressed,standalone-final-ledger
217,douthat-oconnor-religious-belief-obligation-2026,Religious Belief as an Obligation: Ross Douthat vs. Alex O'Connor (2026),theist,pro,Ross Douthat,mysterious-residue-expected-under-freedom,reply,3,54,45,73,72,68,83,63,effectively unsupported,standalone-final-ledger
217,douthat-oconnor-religious-belief-obligation-2026,Religious Belief as an Obligation: Ross Douthat vs. Alex O'Connor (2026),non_theist,con,Alex O'Connor,animal-pain-may-be-more-intense,reply,3,78,66,88,83,79,84,79,assertion/anecdote/authority/speculation carries substantial weight,standalone-final-ledger
217,douthat-oconnor-religious-belief-obligation-2026,Religious Belief as an Obligation: Ross Douthat vs. Alex O'Connor (2026),non_theist,con,Alex O'Connor,heaven-shows-suffering-not-required,reply,3,89,78,93,90,89,86,87,material warrant or verification step compressed,standalone-final-ledger
217,douthat-oconnor-religious-belief-obligation-2026,Religious Belief as an Obligation: Ross Douthat vs. Alex O'Connor (2026),theist,pro,Ross Douthat,earthly-progression-has-distinct-value,reply,3,65,48,82,79,77,73,69,effectively unsupported,standalone-final-ledger
217,douthat-oconnor-religious-belief-obligation-2026,Religious Belief as an Obligation: Ross Douthat vs. Alex O'Connor (2026),non_theist,con,Alex O'Connor,human-violence-fixes-eternal-rank,reply,3,85,71,91,86,82,80,83,material warrant or verification step compressed,standalone-final-ledger
217,douthat-oconnor-religious-belief-obligation-2026,Religious Belief as an Obligation: Ross Douthat vs. Alex O'Connor (2026),theist,pro,Ross Douthat,divine-love-not-oppressive-hierarchy,reply,2,73,53,75,73,73,82,70,assertion/anecdote/authority/speculation carries substantial weight,standalone-final-ledger
217,douthat-oconnor-religious-belief-obligation-2026,Religious Belief as an Obligation: Ross Douthat vs. Alex O'Connor (2026),non_theist,con,Alex O'Connor,freedom-can-remove-gods-intended-life,reply,3,89,77,94,89,89,94,88,material warrant or verification step compressed,standalone-final-ledger
217,douthat-oconnor-religious-belief-obligation-2026,Religious Belief as an Obligation: Ross Douthat vs. Alex O'Connor (2026),theist,pro,Ross Douthat,freedom-and-glorification-constrain-world,reply,3,64,50,76,76,68,77,67,assertion/anecdote/authority/speculation carries substantial weight,standalone-final-ledger
217,douthat-oconnor-religious-belief-obligation-2026,Religious Belief as an Obligation: Ross Douthat vs. Alex O'Connor (2026),non_theist,con,Alex O'Connor,evil-targets-specific-religions,reply,3,85,70,87,90,83,94,84,material warrant or verification step compressed,standalone-final-ledger
217,douthat-oconnor-religious-belief-obligation-2026,Religious Belief as an Obligation: Ross Douthat vs. Alex O'Connor (2026),theist,pro,Ross Douthat,ordinary-practice-bears-fruit,reply,3,65,52,61,79,72,69,65,assertion/anecdote/authority/speculation carries substantial weight,standalone-final-ledger
218,mcgrath-oconnor-new-atheism-failure-2023,Has New Atheism Failed? Alister McGrath vs. Alex O'Connor (2023),theist,pro,Alister McGrath,pro-faded-before-promised-dawn,constructive,3,72,50,78,82,69,64,69,assertion/anecdote/authority/speculation carries substantial weight,standalone-final-ledger
218,mcgrath-oconnor-new-atheism-failure-2023,Has New Atheism Failed? Alister McGrath vs. Alex O'Connor (2023),theist,pro,Alister McGrath,pro-headline-slogans-not-arguments,constructive,3,79,61,79,79,82,64,74,assertion/anecdote/authority/speculation carries substantial weight,standalone-final-ledger
218,mcgrath-oconnor-new-atheism-failure-2023,Has New Atheism Failed? Alister McGrath vs. Alex O'Connor (2023),non_theist,con,Alex O'Connor,con-critique-easier-than-worldview,constructive,2,82,64,78,75,83,87,77,assertion/anecdote/authority/speculation carries substantial weight,standalone-final-ledger
218,mcgrath-oconnor-new-atheism-failure-2023,Has New Atheism Failed? Alister McGrath vs. Alex O'Connor (2023),non_theist,con,Alex O'Connor,con-popular-success-philosophical-groundlessness,reply,3,85,58,87,88,83,84,80,assertion/anecdote/authority/speculation carries substantial weight,standalone-final-ledger
218,mcgrath-oconnor-new-atheism-failure-2023,Has New Atheism Failed? Alister McGrath vs. Alex O'Connor (2023),non_theist,con,Alex O'Connor,con-secularization-may-have-driven-popularity,constructive,2,80,56,77,75,80,88,75,assertion/anecdote/authority/speculation carries substantial weight,standalone-final-ledger
218,mcgrath-oconnor-new-atheism-failure-2023,Has New Atheism Failed? Alister McGrath vs. Alex O'Connor (2023),non_theist,con,Alex O'Connor,con-atheistic-case-still-has-arguments,constructive,3,75,54,79,80,73,70,72,assertion/anecdote/authority/speculation carries substantial weight,standalone-final-ledger
218,mcgrath-oconnor-new-atheism-failure-2023,Has New Atheism Failed? Alister McGrath vs. Alex O'Connor (2023),non_theist,con,Alex O'Connor,con-rejects-religion-is-bad-generalization,constructive,3,86,71,83,81,88,91,82,material warrant or verification step compressed,standalone-final-ledger
218,mcgrath-oconnor-new-atheism-failure-2023,Has New Atheism Failed? Alister McGrath vs. Alex O'Connor (2023),theist,pro,Alister McGrath,pro-epistemic-asymmetry,reply,3,75,52,74,81,73,57,69,assertion/anecdote/authority/speculation carries substantial weight,standalone-final-ledger
218,mcgrath-oconnor-new-atheism-failure-2023,Has New Atheism Failed? Alister McGrath vs. Alex O'Connor (2023),theist,pro,Alister McGrath,pro-science-also-needs-second-level-judgments,constructive,2,78,69,76,72,75,72,74,assertion/anecdote/authority/speculation carries substantial weight,standalone-final-ledger
218,mcgrath-oconnor-new-atheism-failure-2023,Has New Atheism Failed? Alister McGrath vs. Alex O'Connor (2023),non_theist,con,Alex O'Connor,con-atheism-does-not-entail-scientific-theory,reply,3,88,74,90,87,84,89,85,material warrant or verification step compressed,standalone-final-ledger
218,mcgrath-oconnor-new-atheism-failure-2023,Has New Atheism Failed? Alister McGrath vs. Alex O'Connor (2023),theist,pro,Alister McGrath,pro-dawkins-appeals-to-simplified-science,reply,2,81,59,86,79,79,70,76,assertion/anecdote/authority/speculation carries substantial weight,standalone-final-ledger
218,mcgrath-oconnor-new-atheism-failure-2023,Has New Atheism Failed? Alister McGrath vs. Alex O'Connor (2023),non_theist,con,Alex O'Connor,con-emotivism-and-internal-moral-critique,constructive,3,89,75,85,90,86,90,85,material warrant or verification step compressed,standalone-final-ledger
218,mcgrath-oconnor-new-atheism-failure-2023,Has New Atheism Failed? Alister McGrath vs. Alex O'Connor (2023),theist,pro,Alister McGrath,pro-new-covenant-removes-old-law,reply,3,69,66,64,74,80,66,69,assertion/anecdote/authority/speculation carries substantial weight,standalone-final-ledger
218,mcgrath-oconnor-new-atheism-failure-2023,Has New Atheism Failed? Alister McGrath vs. Alex O'Connor (2023),theist,pro,Alister McGrath,pro-concedes-possible-past-permissibility,reply,3,67,44,75,67,75,81,66,effectively unsupported,standalone-final-ledger
218,mcgrath-oconnor-new-atheism-failure-2023,Has New Atheism Failed? Alister McGrath vs. Alex O'Connor (2023),non_theist,con,Alex O'Connor,con-same-god-retains-historical-burden,reply,3,91,80,94,92,90,93,90,stronger support,standalone-final-ledger
218,mcgrath-oconnor-new-atheism-failure-2023,Has New Atheism Failed? Alister McGrath vs. Alex O'Connor (2023),non_theist,con,Alex O'Connor,con-leviticus-does-not-prohibit-slavery,constructive,3,94,93,89,90,95,92,92,stronger support,standalone-final-ledger
218,mcgrath-oconnor-new-atheism-failure-2023,Has New Atheism Failed? Alister McGrath vs. Alex O'Connor (2023),theist,pro,Alister McGrath,pro-will-check-leviticus-claim,reply,3,64,48,61,62,82,91,64,effectively unsupported,standalone-final-ledger
218,mcgrath-oconnor-new-atheism-failure-2023,Has New Atheism Failed? Alister McGrath vs. Alex O'Connor (2023),theist,pro,Alister McGrath,pro-faith-shaming-cultural-cost,constructive,3,76,56,81,82,74,64,73,assertion/anecdote/authority/speculation carries substantial weight,standalone-final-ledger
218,mcgrath-oconnor-new-atheism-failure-2023,Has New Atheism Failed? Alister McGrath vs. Alex O'Connor (2023),non_theist,con,Alex O'Connor,con-shame-ineffective-but-reactive,reply,2,83,62,77,74,82,90,77,assertion/anecdote/authority/speculation carries substantial weight,standalone-final-ledger
218,mcgrath-oconnor-new-atheism-failure-2023,Has New Atheism Failed? Alister McGrath vs. Alex O'Connor (2023),theist,pro,Alister McGrath,pro-polemics-create-division,reply,3,78,51,83,84,78,62,73,assertion/anecdote/authority/speculation carries substantial weight,standalone-final-ledger
218,mcgrath-oconnor-new-atheism-failure-2023,Has New Atheism Failed? Alister McGrath vs. Alex O'Connor (2023),non_theist,con,Alex O'Connor,con-legitimate-religious-harms-remain,reply,3,85,62,86,84,82,89,81,assertion/anecdote/authority/speculation carries substantial weight,standalone-final-ledger
218,mcgrath-oconnor-new-atheism-failure-2023,Has New Atheism Failed? Alister McGrath vs. Alex O'Connor (2023),theist,pro,Alister McGrath,pro-institutional-failure-not-uniquely-religious,reply,2,78,65,75,74,73,79,74,assertion/anecdote/authority/speculation carries substantial weight,standalone-final-ledger
218,mcgrath-oconnor-new-atheism-failure-2023,Has New Atheism Failed? Alister McGrath vs. Alex O'Connor (2023),theist,pro,Alister McGrath,pro-conversions-show-counterproductive-impact,constructive,3,84,72,82,81,87,93,82,material warrant or verification step compressed,standalone-final-ledger
218,mcgrath-oconnor-new-atheism-failure-2023,Has New Atheism Failed? Alister McGrath vs. Alex O'Connor (2023),theist,pro,Alister McGrath,pro-narratives-reveal-reasoning-depth,constructive,2,76,62,77,69,80,88,74,assertion/anecdote/authority/speculation carries substantial weight,standalone-final-ledger
218,mcgrath-oconnor-new-atheism-failure-2023,Has New Atheism Failed? Alister McGrath vs. Alex O'Connor (2023),non_theist,con,Alex O'Connor,con-conversion-stories-target-dawkins-not-atheism,reply,3,90,79,92,89,89,89,88,material warrant or verification step compressed,standalone-final-ledger
218,mcgrath-oconnor-new-atheism-failure-2023,Has New Atheism Failed? Alister McGrath vs. Alex O'Connor (2023),non_theist,con,Alex O'Connor,con-god-delusion-insufficient-not-theism-refuted,reply,3,88,71,90,87,89,93,85,material warrant or verification step compressed,standalone-final-ledger
218,mcgrath-oconnor-new-atheism-failure-2023,Has New Atheism Failed? Alister McGrath vs. Alex O'Connor (2023),non_theist,con,Alex O'Connor,con-religious-experience-private-not-public-proof,reply,2,88,72,89,85,91,94,85,material warrant or verification step compressed,standalone-final-ledger
218,mcgrath-oconnor-new-atheism-failure-2023,Has New Atheism Failed? Alister McGrath vs. Alex O'Connor (2023),non_theist,con,Alex O'Connor,con-selective-experience-strengthens-hiddenness,reply,3,82,67,88,88,75,87,81,assertion/anecdote/authority/speculation carries substantial weight,standalone-final-ledger
219,shermer-mcgrath-god-imagination-2017,Is God a Figment of Our Imagination? Michael Shermer vs. Alister McGrath (2017),theist,con,Alister McGrath,shared-risk-of-wishful-belief,constructive,2,78,62,82,78,81,87,77,assertion/anecdote/authority/speculation carries substantial weight,standalone-final-ledger
219,shermer-mcgrath-god-imagination-2017,Is God a Figment of Our Imagination? Michael Shermer vs. Alister McGrath (2017),theist,con,Alister McGrath,science-and-faith-enrich,constructive,2,72,55,76,71,74,81,70,assertion/anecdote/authority/speculation carries substantial weight,standalone-final-ledger
219,shermer-mcgrath-god-imagination-2017,Is God a Figment of Our Imagination? Michael Shermer vs. Alister McGrath (2017),theist,con,Alister McGrath,ultimate-beliefs-beyond-proof,constructive,3,60,52,77,77,65,60,65,assertion/anecdote/authority/speculation carries substantial weight,standalone-final-ledger
219,shermer-mcgrath-god-imagination-2017,Is God a Figment of Our Imagination? Michael Shermer vs. Alister McGrath (2017),non_theist,pro,Michael Shermer,expected-world-evidence-of-absence,reply,3,72,58,81,78,62,72,71,assertion/anecdote/authority/speculation carries substantial weight,standalone-final-ledger
219,shermer-mcgrath-god-imagination-2017,Is God a Figment of Our Imagination? Michael Shermer vs. Alister McGrath (2017),non_theist,pro,Michael Shermer,many-gods-one-further,constructive,3,69,65,82,82,77,65,73,assertion/anecdote/authority/speculation carries substantial weight,standalone-final-ledger
219,shermer-mcgrath-god-imagination-2017,Is God a Figment of Our Imagination? Michael Shermer vs. Alister McGrath (2017),non_theist,pro,Michael Shermer,believer-bears-proof-burden,reply,3,82,72,87,85,79,76,81,material warrant or verification step compressed,standalone-final-ledger
219,shermer-mcgrath-god-imagination-2017,Is God a Figment of Our Imagination? Michael Shermer vs. Alister McGrath (2017),non_theist,pro,Michael Shermer,religion-as-internal-validation,reply,2,82,70,87,83,85,87,82,material warrant or verification step compressed,standalone-final-ledger
219,shermer-mcgrath-god-imagination-2017,Is God a Figment of Our Imagination? Michael Shermer vs. Alister McGrath (2017),non_theist,pro,Michael Shermer,resurrection-needs-proportional-evidence,constructive,3,80,68,85,84,81,74,79,assertion/anecdote/authority/speculation carries substantial weight,standalone-final-ledger
219,shermer-mcgrath-god-imagination-2017,Is God a Figment of Our Imagination? Michael Shermer vs. Alister McGrath (2017),non_theist,pro,Michael Shermer,recurring-resurrection-myths,constructive,3,74,57,82,80,70,67,72,assertion/anecdote/authority/speculation carries substantial weight,standalone-final-ledger
219,shermer-mcgrath-god-imagination-2017,Is God a Figment of Our Imagination? Michael Shermer vs. Alister McGrath (2017),non_theist,pro,Michael Shermer,storytelling-species-explains-parallels,constructive,3,76,64,86,88,76,75,77,assertion/anecdote/authority/speculation carries substantial weight,standalone-final-ledger
219,shermer-mcgrath-god-imagination-2017,Is God a Figment of Our Imagination? Michael Shermer vs. Alister McGrath (2017),theist,con,Alister McGrath,scientific-theories-change,reply,2,69,66,74,76,77,76,72,assertion/anecdote/authority/speculation carries substantial weight,standalone-final-ledger
219,shermer-mcgrath-god-imagination-2017,Is God a Figment of Our Imagination? Michael Shermer vs. Alister McGrath (2017),non_theist,pro,Michael Shermer,cumulative-evidence-stabilizes-science,reply,2,83,71,87,81,78,90,81,material warrant or verification step compressed,standalone-final-ledger
219,shermer-mcgrath-god-imagination-2017,Is God a Figment of Our Imagination? Michael Shermer vs. Alister McGrath (2017),theist,con,Alister McGrath,ungrounded-values-reflect-society,reply,3,68,55,77,80,65,63,68,assertion/anecdote/authority/speculation carries substantial weight,standalone-final-ledger
219,shermer-mcgrath-god-imagination-2017,Is God a Figment of Our Imagination? Michael Shermer vs. Alister McGrath (2017),non_theist,pro,Michael Shermer,values-from-social-evolution,reply,3,77,71,82,82,77,82,78,material warrant or verification step compressed,standalone-final-ledger
219,shermer-mcgrath-god-imagination-2017,Is God a Figment of Our Imagination? Michael Shermer vs. Alister McGrath (2017),theist,con,Alister McGrath,secular-values-risk-projection,reply,3,82,65,89,85,79,87,81,assertion/anecdote/authority/speculation carries substantial weight,standalone-final-ledger
219,shermer-mcgrath-god-imagination-2017,Is God a Figment of Our Imagination? Michael Shermer vs. Alister McGrath (2017),non_theist,pro,Michael Shermer,science-corrects-belief-distortion,reply,3,76,71,74,77,79,81,76,material warrant or verification step compressed,standalone-final-ledger
219,shermer-mcgrath-god-imagination-2017,Is God a Figment of Our Imagination? Michael Shermer vs. Alister McGrath (2017),non_theist,pro,Michael Shermer,meaning-available-without-religion,reply,3,81,65,86,85,81,89,80,assertion/anecdote/authority/speculation carries substantial weight,standalone-final-ledger
219,shermer-mcgrath-god-imagination-2017,Is God a Figment of Our Imagination? Michael Shermer vs. Alister McGrath (2017),theist,con,Alister McGrath,christianity-confronts-suffering-tension,constructive,3,81,71,85,77,81,92,80,material warrant or verification step compressed,standalone-final-ledger
219,shermer-mcgrath-god-imagination-2017,Is God a Figment of Our Imagination? Michael Shermer vs. Alister McGrath (2017),non_theist,pro,Michael Shermer,evil-challenges-divine-power,reply,3,77,66,87,84,72,66,76,assertion/anecdote/authority/speculation carries substantial weight,standalone-final-ledger
219,shermer-mcgrath-god-imagination-2017,Is God a Figment of Our Imagination? Michael Shermer vs. Alister McGrath (2017),theist,con,Alister McGrath,faith-motivates-relief,reply,2,78,64,63,71,81,86,72,assertion/anecdote/authority/speculation carries substantial weight,standalone-final-ledger
219,shermer-mcgrath-god-imagination-2017,Is God a Figment of Our Imagination? Michael Shermer vs. Alister McGrath (2017),non_theist,pro,Michael Shermer,selective-credit-defies-falsification,reply,3,86,73,82,88,85,71,81,material warrant or verification step compressed,standalone-final-ledger
219,shermer-mcgrath-god-imagination-2017,Is God a Figment of Our Imagination? Michael Shermer vs. Alister McGrath (2017),non_theist,pro,Michael Shermer,old-resurrection-story-insulated,reply,2,76,58,80,79,72,66,72,assertion/anecdote/authority/speculation carries substantial weight,standalone-final-ledger
219,shermer-mcgrath-god-imagination-2017,Is God a Figment of Our Imagination? Michael Shermer vs. Alister McGrath (2017),theist,con,Alister McGrath,jesus-claimed-historically-reliable,reply,3,65,43,59,69,70,83,62,effectively unsupported,standalone-final-ledger
219,shermer-mcgrath-god-imagination-2017,Is God a Figment of Our Imagination? Michael Shermer vs. Alister McGrath (2017),non_theist,pro,Michael Shermer,meaning-without-jesus,reply,2,81,69,83,80,81,87,79,assertion/anecdote/authority/speculation carries substantial weight,standalone-final-ledger
219,shermer-mcgrath-god-imagination-2017,Is God a Figment of Our Imagination? Michael Shermer vs. Alister McGrath (2017),theist,con,Alister McGrath,incarnation-places-god-in-history,reply,3,79,53,77,79,83,91,75,assertion/anecdote/authority/speculation carries substantial weight,standalone-final-ledger
219,shermer-mcgrath-god-imagination-2017,Is God a Figment of Our Imagination? Michael Shermer vs. Alister McGrath (2017),non_theist,pro,Michael Shermer,comparative-worldviews-break-bubble,reply,3,70,65,83,84,76,73,75,assertion/anecdote/authority/speculation carries substantial weight,standalone-final-ledger
219,shermer-mcgrath-god-imagination-2017,Is God a Figment of Our Imagination? Michael Shermer vs. Alister McGrath (2017),theist,con,Alister McGrath,science-does-not-answer-why,reply,3,77,62,82,80,82,88,77,assertion/anecdote/authority/speculation carries substantial weight,standalone-final-ledger
219,shermer-mcgrath-god-imagination-2017,Is God a Figment of Our Imagination? Michael Shermer vs. Alister McGrath (2017),theist,con,Alister McGrath,morality-needs-beyond-us-framework,constructive,3,67,51,79,80,71,76,69,assertion/anecdote/authority/speculation carries substantial weight,standalone-final-ledger
219,shermer-mcgrath-god-imagination-2017,Is God a Figment of Our Imagination? Michael Shermer vs. Alister McGrath (2017),non_theist,pro,Michael Shermer,sentient-flourishing-moral-standard,reply,3,78,71,85,85,83,84,80,material warrant or verification step compressed,standalone-final-ledger
219,shermer-mcgrath-god-imagination-2017,Is God a Figment of Our Imagination? Michael Shermer vs. Alister McGrath (2017),non_theist,pro,Michael Shermer,science-reason-closing-synthesis,constructive,3,75,64,81,81,79,73,75,assertion/anecdote/authority/speculation carries substantial weight,standalone-final-ledger
219,shermer-mcgrath-god-imagination-2017,Is God a Figment of Our Imagination? Michael Shermer vs. Alister McGrath (2017),theist,con,Alister McGrath,faith-motivates-good-closing,constructive,3,69,56,77,75,74,81,71,assertion/anecdote/authority/speculation carries substantial weight,standalone-final-ledger
220,hirsi-ali-oconnor-christian-conversion-2024,Does Christian Conversion Establish Truth? Ayaan Hirsi Ali vs. Alex O'Connor (2024),theist,pro,Ayaan Hirsi Ali,pro-01-peace-and-connection,constructive,3,79,66,83,78,83,79,77,assertion/anecdote/authority/speculation carries substantial weight,standalone-final-ledger
220,hirsi-ali-oconnor-christian-conversion-2024,Does Christian Conversion Establish Truth? Ayaan Hirsi Ali vs. Alex O'Connor (2024),non_theist,con,Alex O'Connor,con-01-political-instrumentalization,constructive,2,79,68,79,72,84,84,77,assertion/anecdote/authority/speculation carries substantial weight,standalone-final-ledger
220,hirsi-ali-oconnor-christian-conversion-2024,Does Christian Conversion Establish Truth? Ayaan Hirsi Ali vs. Alex O'Connor (2024),theist,pro,Ayaan Hirsi Ali,pro-02-humility-not-pedestal,reply,2,77,68,76,72,81,82,75,assertion/anecdote/authority/speculation carries substantial weight,standalone-final-ledger
220,hirsi-ali-oconnor-christian-conversion-2024,Does Christian Conversion Establish Truth? Ayaan Hirsi Ali vs. Alex O'Connor (2024),non_theist,con,Alex O'Connor,con-02-source-of-conversion,constructive,3,85,77,88,84,88,89,85,material warrant or verification step compressed,standalone-final-ledger
220,hirsi-ali-oconnor-christian-conversion-2024,Does Christian Conversion Establish Truth? Ayaan Hirsi Ali vs. Alex O'Connor (2024),theist,pro,Ayaan Hirsi Ali,pro-03-personal-crisis,reply,3,82,72,89,75,86,81,81,material warrant or verification step compressed,standalone-final-ledger
220,hirsi-ali-oconnor-christian-conversion-2024,Does Christian Conversion Establish Truth? Ayaan Hirsi Ali vs. Alex O'Connor (2024),theist,pro,Ayaan Hirsi Ali,pro-04-faith-and-reason-coexist,reply,3,68,55,76,74,70,79,69,assertion/anecdote/authority/speculation carries substantial weight,standalone-final-ledger
220,hirsi-ali-oconnor-christian-conversion-2024,Does Christian Conversion Establish Truth? Ayaan Hirsi Ali vs. Alex O'Connor (2024),non_theist,con,Alex O'Connor,con-03-politics-versus-doctrinal-truth,constructive,3,91,84,93,94,91,90,90,stronger support,standalone-final-ledger
220,hirsi-ali-oconnor-christian-conversion-2024,Does Christian Conversion Establish Truth? Ayaan Hirsi Ali vs. Alex O'Connor (2024),theist,pro,Ayaan Hirsi Ali,pro-05-explicit-truth-belief,reply,3,61,43,61,63,58,75,59,effectively unsupported,standalone-final-ledger
220,hirsi-ali-oconnor-christian-conversion-2024,Does Christian Conversion Establish Truth? Ayaan Hirsi Ali vs. Alex O'Connor (2024),theist,pro,Ayaan Hirsi Ali,pro-06-scripture-and-apologetics-study,reply,2,76,68,70,70,84,85,74,assertion/anecdote/authority/speculation carries substantial weight,standalone-final-ledger
220,hirsi-ali-oconnor-christian-conversion-2024,Does Christian Conversion Establish Truth? Ayaan Hirsi Ali vs. Alex O'Connor (2024),non_theist,con,Alex O'Connor,con-04-atheism-as-minimal-disbelief,constructive,2,87,79,86,76,87,86,83,material warrant or verification step compressed,standalone-final-ledger
220,hirsi-ali-oconnor-christian-conversion-2024,Does Christian Conversion Establish Truth? Ayaan Hirsi Ali vs. Alex O'Connor (2024),theist,pro,Ayaan Hirsi Ali,pro-08-new-atheism-hardened,reply,2,81,60,86,69,81,62,74,assertion/anecdote/authority/speculation carries substantial weight,standalone-final-ledger
220,hirsi-ali-oconnor-christian-conversion-2024,Does Christian Conversion Establish Truth? Ayaan Hirsi Ali vs. Alex O'Connor (2024),theist,pro,Ayaan Hirsi Ali,pro-09-religions-not-equivalent,constructive,3,83,64,80,71,77,66,74,assertion/anecdote/authority/speculation carries substantial weight,standalone-final-ledger
220,hirsi-ali-oconnor-christian-conversion-2024,Does Christian Conversion Establish Truth? Ayaan Hirsi Ali vs. Alex O'Connor (2024),non_theist,con,Alex O'Connor,con-05-scriptural-moral-objections,constructive,3,86,73,88,87,83,78,83,material warrant or verification step compressed,standalone-final-ledger
220,hirsi-ali-oconnor-christian-conversion-2024,Does Christian Conversion Establish Truth? Ayaan Hirsi Ali vs. Alex O'Connor (2024),theist,pro,Ayaan Hirsi Ali,pro-10-curious-developmental-reading,reply,2,67,57,61,65,69,83,65,assertion/anecdote/authority/speculation carries substantial weight,standalone-final-ledger
220,hirsi-ali-oconnor-christian-conversion-2024,Does Christian Conversion Establish Truth? Ayaan Hirsi Ali vs. Alex O'Connor (2024),theist,pro,Ayaan Hirsi Ali,pro-11-scriptural-wisdom,reply,2,71,58,56,69,72,76,66,assertion/anecdote/authority/speculation carries substantial weight,standalone-final-ledger
220,hirsi-ali-oconnor-christian-conversion-2024,Does Christian Conversion Establish Truth? Ayaan Hirsi Ali vs. Alex O'Connor (2024),non_theist,con,Alex O'Connor,con-06-original-sin-and-atonement,constructive,3,85,73,88,87,85,71,82,material warrant or verification step compressed,standalone-final-ledger
220,hirsi-ali-oconnor-christian-conversion-2024,Does Christian Conversion Establish Truth? Ayaan Hirsi Ali vs. Alex O'Connor (2024),theist,pro,Ayaan Hirsi Ali,pro-12-theological-limit-concession,reply,2,86,80,52,57,86,93,74,stronger support,standalone-final-ledger
220,hirsi-ali-oconnor-christian-conversion-2024,Does Christian Conversion Establish Truth? Ayaan Hirsi Ali vs. Alex O'Connor (2024),theist,pro,Ayaan Hirsi Ali,pro-13-freedom-and-forgiveness,reply,3,74,61,65,75,81,79,71,assertion/anecdote/authority/speculation carries substantial weight,standalone-final-ledger
220,hirsi-ali-oconnor-christian-conversion-2024,Does Christian Conversion Establish Truth? Ayaan Hirsi Ali vs. Alex O'Connor (2024),non_theist,con,Alex O'Connor,con-07-celestial-dictator,reply,2,80,63,84,79,82,63,76,assertion/anecdote/authority/speculation carries substantial weight,standalone-final-ledger
220,hirsi-ali-oconnor-christian-conversion-2024,Does Christian Conversion Establish Truth? Ayaan Hirsi Ali vs. Alex O'Connor (2024),non_theist,con,Alex O'Connor,con-08-atheist-justification-standard,constructive,2,85,68,84,77,84,77,79,assertion/anecdote/authority/speculation carries substantial weight,standalone-final-ledger
220,hirsi-ali-oconnor-christian-conversion-2024,Does Christian Conversion Establish Truth? Ayaan Hirsi Ali vs. Alex O'Connor (2024),theist,pro,Ayaan Hirsi Ali,pro-14-apologetics-and-doubt,reply,2,79,64,78,73,77,82,75,assertion/anecdote/authority/speculation carries substantial weight,standalone-final-ledger
220,hirsi-ali-oconnor-christian-conversion-2024,Does Christian Conversion Establish Truth? Ayaan Hirsi Ali vs. Alex O'Connor (2024),non_theist,con,Alex O'Connor,con-09-dogmatism-on-both-sides,reply,2,85,66,88,79,84,90,81,assertion/anecdote/authority/speculation carries substantial weight,standalone-final-ledger
220,hirsi-ali-oconnor-christian-conversion-2024,Does Christian Conversion Establish Truth? Ayaan Hirsi Ali vs. Alex O'Connor (2024),theist,pro,Ayaan Hirsi Ali,pro-15-activist-atheist-certainty,reply,2,75,56,79,67,77,69,70,assertion/anecdote/authority/speculation carries substantial weight,standalone-final-ledger
220,hirsi-ali-oconnor-christian-conversion-2024,Does Christian Conversion Establish Truth? Ayaan Hirsi Ali vs. Alex O'Connor (2024),non_theist,con,Alex O'Connor,con-10-christian-certainty-counterexample,reply,2,86,68,91,80,86,79,82,assertion/anecdote/authority/speculation carries substantial weight,standalone-final-ledger
220,hirsi-ali-oconnor-christian-conversion-2024,Does Christian Conversion Establish Truth? Ayaan Hirsi Ali vs. Alex O'Connor (2024),theist,pro,Ayaan Hirsi Ali,pro-16-concedes-some-christian-certainty,reply,2,81,70,78,69,82,90,77,material warrant or verification step compressed,standalone-final-ledger
220,hirsi-ali-oconnor-christian-conversion-2024,Does Christian Conversion Establish Truth? Ayaan Hirsi Ali vs. Alex O'Connor (2024),theist,pro,Ayaan Hirsi Ali,assurance-prompts-inquiry,reply,2,74,58,81,74,77,77,73,assertion/anecdote/authority/speculation carries substantial weight,standalone-final-ledger
220,hirsi-ali-oconnor-christian-conversion-2024,Does Christian Conversion Establish Truth? Ayaan Hirsi Ali vs. Alex O'Connor (2024),non_theist,con,Alex O'Connor,extraordinary-factual-assent,reply,3,91,83,92,92,89,87,89,stronger support,standalone-final-ledger
220,hirsi-ali-oconnor-christian-conversion-2024,Does Christian Conversion Establish Truth? Ayaan Hirsi Ali vs. Alex O'Connor (2024),non_theist,con,Alex O'Connor,benefit-truth-gap,reply,3,93,86,94,95,90,89,91,stronger support,standalone-final-ledger
220,hirsi-ali-oconnor-christian-conversion-2024,Does Christian Conversion Establish Truth? Ayaan Hirsi Ali vs. Alex O'Connor (2024),theist,pro,Ayaan Hirsi Ali,pro-17-experience-reading-and-miracles,reply,3,56,45,60,65,71,77,60,effectively unsupported,standalone-final-ledger
220,hirsi-ali-oconnor-christian-conversion-2024,Does Christian Conversion Establish Truth? Ayaan Hirsi Ali vs. Alex O'Connor (2024),theist,pro,Ayaan Hirsi Ali,pro-18-fruits-as-empirical-testament,reply,3,63,49,65,74,68,61,63,effectively unsupported,standalone-final-ledger
220,hirsi-ali-oconnor-christian-conversion-2024,Does Christian Conversion Establish Truth? Ayaan Hirsi Ali vs. Alex O'Connor (2024),non_theist,con,Alex O'Connor,con-12-truth-claim-confirmation,reply,2,85,77,88,83,84,91,84,material warrant or verification step compressed,standalone-final-ledger
220,hirsi-ali-oconnor-christian-conversion-2024,Does Christian Conversion Establish Truth? Ayaan Hirsi Ali vs. Alex O'Connor (2024),theist,pro,Ayaan Hirsi Ali,pro-19-explicit-resurrection-belief,reply,3,75,44,92,69,86,74,72,effectively unsupported,standalone-final-ledger
220,hirsi-ali-oconnor-christian-conversion-2024,Does Christian Conversion Establish Truth? Ayaan Hirsi Ali vs. Alex O'Connor (2024),non_theist,con,Alex O'Connor,con-13-trump-humility-tension,constructive,2,84,67,85,74,83,83,79,assertion/anecdote/authority/speculation carries substantial weight,standalone-final-ledger
220,hirsi-ali-oconnor-christian-conversion-2024,Does Christian Conversion Establish Truth? Ayaan Hirsi Ali vs. Alex O'Connor (2024),theist,pro,Ayaan Hirsi Ali,pro-20-policy-over-rhetoric,reply,2,80,66,77,70,81,84,76,assertion/anecdote/authority/speculation carries substantial weight,standalone-final-ledger
220,hirsi-ali-oconnor-christian-conversion-2024,Does Christian Conversion Establish Truth? Ayaan Hirsi Ali vs. Alex O'Connor (2024),non_theist,con,Alex O'Connor,con-14-immigration-universal-love-tension,constructive,2,85,74,86,78,80,82,81,material warrant or verification step compressed,standalone-final-ledger
220,hirsi-ali-oconnor-christian-conversion-2024,Does Christian Conversion Establish Truth? Ayaan Hirsi Ali vs. Alex O'Connor (2024),theist,pro,Ayaan Hirsi Ali,pro-21-immigration-as-exploitation,reply,2,80,58,78,74,73,65,72,assertion/anecdote/authority/speculation carries substantial weight,standalone-final-ledger
220,hirsi-ali-oconnor-christian-conversion-2024,Does Christian Conversion Establish Truth? Ayaan Hirsi Ali vs. Alex O'Connor (2024),theist,pro,Ayaan Hirsi Ali,pro-22-cultural-source-conclusion,constructive,3,68,51,77,77,70,60,67,assertion/anecdote/authority/speculation carries substantial weight,standalone-final-ledger
222,lennox-shermer-god-existence-2008,Does God Exist? John Lennox vs. Michael Shermer (2008),non_theist,con,Michael Shermer,con-01,constructive,2,78,67,81,74,82,66,75,assertion/anecdote/authority/speculation carries substantial weight,standalone-final-ledger
222,lennox-shermer-god-existence-2008,Does God Exist? John Lennox vs. Michael Shermer (2008),non_theist,con,Michael Shermer,con-02,constructive,2,66,59,78,73,82,59,69,assertion/anecdote/authority/speculation carries substantial weight,standalone-final-ledger
222,lennox-shermer-god-existence-2008,Does God Exist? John Lennox vs. Michael Shermer (2008),non_theist,con,Michael Shermer,con-03,constructive,3,89,84,91,91,94,92,90,stronger support,standalone-final-ledger
222,lennox-shermer-god-existence-2008,Does God Exist? John Lennox vs. Michael Shermer (2008),non_theist,con,Michael Shermer,con-04,constructive,3,63,60,80,81,72,64,70,assertion/anecdote/authority/speculation carries substantial weight,standalone-final-ledger
222,lennox-shermer-god-existence-2008,Does God Exist? John Lennox vs. Michael Shermer (2008),non_theist,con,Michael Shermer,con-05,constructive,3,84,76,88,87,87,73,83,material warrant or verification step compressed,standalone-final-ledger
222,lennox-shermer-god-existence-2008,Does God Exist? John Lennox vs. Michael Shermer (2008),non_theist,con,Michael Shermer,con-06,constructive,3,87,78,86,86,88,87,85,material warrant or verification step compressed,standalone-final-ledger
222,lennox-shermer-god-existence-2008,Does God Exist? John Lennox vs. Michael Shermer (2008),non_theist,con,Michael Shermer,con-07,constructive,2,72,59,78,76,79,82,73,assertion/anecdote/authority/speculation carries substantial weight,standalone-final-ledger
222,lennox-shermer-god-existence-2008,Does God Exist? John Lennox vs. Michael Shermer (2008),non_theist,con,Michael Shermer,con-08,constructive,3,83,74,85,83,84,82,82,material warrant or verification step compressed,standalone-final-ledger
222,lennox-shermer-god-existence-2008,Does God Exist? John Lennox vs. Michael Shermer (2008),non_theist,con,Michael Shermer,con-09,constructive,3,85,68,87,84,80,71,80,assertion/anecdote/authority/speculation carries substantial weight,standalone-final-ledger
222,lennox-shermer-god-existence-2008,Does God Exist? John Lennox vs. Michael Shermer (2008),non_theist,con,Michael Shermer,con-10,constructive,3,86,77,89,87,88,76,84,material warrant or verification step compressed,standalone-final-ledger
222,lennox-shermer-god-existence-2008,Does God Exist? John Lennox vs. Michael Shermer (2008),non_theist,con,Michael Shermer,con-11,constructive,3,81,75,87,87,83,76,82,material warrant or verification step compressed,standalone-final-ledger
222,lennox-shermer-god-existence-2008,Does God Exist? John Lennox vs. Michael Shermer (2008),theist,pro,John Lennox,pro-01,constructive,3,79,66,84,83,85,84,79,assertion/anecdote/authority/speculation carries substantial weight,standalone-final-ledger
222,lennox-shermer-god-existence-2008,Does God Exist? John Lennox vs. Michael Shermer (2008),theist,pro,John Lennox,pro-02,reply,3,65,56,70,78,78,67,68,assertion/anecdote/authority/speculation carries substantial weight,standalone-final-ledger
222,lennox-shermer-god-existence-2008,Does God Exist? John Lennox vs. Michael Shermer (2008),theist,pro,John Lennox,pro-03,constructive,2,63,58,75,68,74,62,66,assertion/anecdote/authority/speculation carries substantial weight,standalone-final-ledger
222,lennox-shermer-god-existence-2008,Does God Exist? John Lennox vs. Michael Shermer (2008),theist,pro,John Lennox,pro-04,reply,3,66,60,70,80,76,62,68,assertion/anecdote/authority/speculation carries substantial weight,standalone-final-ledger
222,lennox-shermer-god-existence-2008,Does God Exist? John Lennox vs. Michael Shermer (2008),theist,pro,John Lennox,pro-05,reply,3,81,68,88,85,88,90,82,assertion/anecdote/authority/speculation carries substantial weight,standalone-final-ledger
222,lennox-shermer-god-existence-2008,Does God Exist? John Lennox vs. Michael Shermer (2008),theist,pro,John Lennox,pro-06,constructive,3,73,62,76,70,86,74,72,assertion/anecdote/authority/speculation carries substantial weight,standalone-final-ledger
222,lennox-shermer-god-existence-2008,Does God Exist? John Lennox vs. Michael Shermer (2008),theist,pro,John Lennox,pro-07,reply,3,78,64,83,87,86,83,79,assertion/anecdote/authority/speculation carries substantial weight,standalone-final-ledger
222,lennox-shermer-god-existence-2008,Does God Exist? John Lennox vs. Michael Shermer (2008),theist,pro,John Lennox,pro-08,constructive,3,59,55,74,72,75,58,65,assertion/anecdote/authority/speculation carries substantial weight,standalone-final-ledger
222,lennox-shermer-god-existence-2008,Does God Exist? John Lennox vs. Michael Shermer (2008),theist,pro,John Lennox,pro-09,constructive,3,61,56,75,79,75,54,66,assertion/anecdote/authority/speculation carries substantial weight,standalone-final-ledger
222,lennox-shermer-god-existence-2008,Does God Exist? John Lennox vs. Michael Shermer (2008),theist,pro,John Lennox,pro-10,reply,3,77,63,72,79,84,84,75,assertion/anecdote/authority/speculation carries substantial weight,standalone-final-ledger
222,lennox-shermer-god-existence-2008,Does God Exist? John Lennox vs. Michael Shermer (2008),theist,pro,John Lennox,pro-11,constructive,3,89,79,87,84,84,91,86,material warrant or verification step compressed,standalone-final-ledger
222,lennox-shermer-god-existence-2008,Does God Exist? John Lennox vs. Michael Shermer (2008),non_theist,con,Michael Shermer,con-12,constructive,3,69,60,82,80,80,57,71,assertion/anecdote/authority/speculation carries substantial weight,standalone-final-ledger
222,lennox-shermer-god-existence-2008,Does God Exist? John Lennox vs. Michael Shermer (2008),theist,pro,John Lennox,pro-12,reply,3,66,58,79,77,76,60,69,assertion/anecdote/authority/speculation carries substantial weight,standalone-final-ledger
222,lennox-shermer-god-existence-2008,Does God Exist? John Lennox vs. Michael Shermer (2008),theist,pro,John Lennox,pro-13,constructive,3,71,67,81,77,88,69,75,assertion/anecdote/authority/speculation carries substantial weight,standalone-final-ledger
222,lennox-shermer-god-existence-2008,Does God Exist? John Lennox vs. Michael Shermer (2008),non_theist,con,Michael Shermer,con-13,reply,3,81,85,85,83,87,62,82,stronger support,standalone-final-ledger
222,lennox-shermer-god-existence-2008,Does God Exist? John Lennox vs. Michael Shermer (2008),theist,pro,John Lennox,pro-14,reply,3,88,78,91,85,91,88,86,material warrant or verification step compressed,standalone-final-ledger
222,lennox-shermer-god-existence-2008,Does God Exist? John Lennox vs. Michael Shermer (2008),non_theist,con,Michael Shermer,con-14,reply,3,87,77,91,88,88,85,86,material warrant or verification step compressed,standalone-final-ledger
222,lennox-shermer-god-existence-2008,Does God Exist? John Lennox vs. Michael Shermer (2008),theist,pro,John Lennox,pro-15,reply,3,77,64,75,79,84,87,76,assertion/anecdote/authority/speculation carries substantial weight,standalone-final-ledger
222,lennox-shermer-god-existence-2008,Does God Exist? John Lennox vs. Michael Shermer (2008),non_theist,con,Michael Shermer,con-15,reply,3,89,81,91,86,91,92,88,stronger support,standalone-final-ledger
222,lennox-shermer-god-existence-2008,Does God Exist? John Lennox vs. Michael Shermer (2008),theist,pro,John Lennox,pro-16,reply,2,85,80,90,80,89,91,85,stronger support,standalone-final-ledger
222,lennox-shermer-god-existence-2008,Does God Exist? John Lennox vs. Michael Shermer (2008),non_theist,con,Michael Shermer,con-17,reply,3,87,81,74,82,89,68,81,stronger support,standalone-final-ledger
222,lennox-shermer-god-existence-2008,Does God Exist? John Lennox vs. Michael Shermer (2008),non_theist,con,Michael Shermer,con-18,reply,3,84,72,76,78,84,78,79,material warrant or verification step compressed,standalone-final-ledger
222,lennox-shermer-god-existence-2008,Does God Exist? John Lennox vs. Michael Shermer (2008),theist,pro,John Lennox,pro-17,reply,3,72,66,75,80,83,69,73,assertion/anecdote/authority/speculation carries substantial weight,standalone-final-ledger
222,lennox-shermer-god-existence-2008,Does God Exist? John Lennox vs. Michael Shermer (2008),non_theist,con,Michael Shermer,con-19,reply,2,83,68,86,73,80,77,78,assertion/anecdote/authority/speculation carries substantial weight,standalone-final-ledger
222,lennox-shermer-god-existence-2008,Does God Exist? John Lennox vs. Michael Shermer (2008),theist,pro,John Lennox,pro-18,constructive,2,88,82,85,72,90,92,84,stronger support,standalone-final-ledger
222,lennox-shermer-god-existence-2008,Does God Exist? John Lennox vs. Michael Shermer (2008),theist,pro,John Lennox,pro-19,reply,3,84,74,90,79,87,88,83,material warrant or verification step compressed,standalone-final-ledger
222,lennox-shermer-god-existence-2008,Does God Exist? John Lennox vs. Michael Shermer (2008),theist,pro,John Lennox,pro-20,reply,3,88,77,91,83,89,82,85,material warrant or verification step compressed,standalone-final-ledger
222,lennox-shermer-god-existence-2008,Does God Exist? John Lennox vs. Michael Shermer (2008),theist,pro,John Lennox,pro-21,reply,3,81,66,84,80,86,71,78,assertion/anecdote/authority/speculation carries substantial weight,standalone-final-ledger
222,lennox-shermer-god-existence-2008,Does God Exist? John Lennox vs. Michael Shermer (2008),theist,pro,John Lennox,pro-22,constructive,3,79,68,85,88,84,84,80,assertion/anecdote/authority/speculation carries substantial weight,standalone-final-ledger
222,lennox-shermer-god-existence-2008,Does God Exist? John Lennox vs. Michael Shermer (2008),non_theist,con,Michael Shermer,con-20,reply,3,89,80,88,90,91,92,88,stronger support,standalone-final-ledger
223,collins-dawkins-science-belief-god-2022,Science and Belief in God: Francis Collins vs. Richard Dawkins (2022),non_theist,con,Richard Dawkins,con-darwin-replaced-design,constructive,3,84,75,87,89,88,85,84,material warrant or verification step compressed,standalone-final-ledger
223,collins-dawkins-science-belief-god-2022,Science and Belief in God: Francis Collins vs. Richard Dawkins (2022),theist,pro,Francis Collins,pro-science-leaves-existential-questions,constructive,2,79,69,84,78,89,88,80,assertion/anecdote/authority/speculation carries substantial weight,standalone-final-ledger
223,collins-dawkins-science-belief-god-2022,Science and Belief in God: Francis Collins vs. Richard Dawkins (2022),theist,pro,Francis Collins,pro-comparative-inquiry-supported-faith,constructive,2,73,61,77,72,80,85,73,assertion/anecdote/authority/speculation carries substantial weight,standalone-final-ledger
223,collins-dawkins-science-belief-god-2022,Science and Belief in God: Francis Collins vs. Richard Dawkins (2022),theist,pro,Francis Collins,pro-evolution-compatible-with-plan,constructive,3,84,79,89,87,90,94,86,material warrant or verification step compressed,standalone-final-ledger
223,collins-dawkins-science-belief-god-2022,Science and Belief in God: Francis Collins vs. Richard Dawkins (2022),theist,pro,Francis Collins,pro-evolution-as-divine-means,constructive,2,77,61,83,79,82,83,76,assertion/anecdote/authority/speculation carries substantial weight,standalone-final-ledger
223,collins-dawkins-science-belief-god-2022,Science and Belief in God: Francis Collins vs. Richard Dawkins (2022),non_theist,con,Richard Dawkins,con-evolution-waste-and-redundancy,reply,3,78,74,91,88,86,74,82,material warrant or verification step compressed,standalone-final-ledger
223,collins-dawkins-science-belief-god-2022,Science and Belief in God: Francis Collins vs. Richard Dawkins (2022),non_theist,con,Richard Dawkins,con-selection-suffering,constructive,2,81,84,79,76,87,93,82,stronger support,standalone-final-ledger
223,collins-dawkins-science-belief-god-2022,Science and Belief in God: Francis Collins vs. Richard Dawkins (2022),theist,pro,Francis Collins,pro-timelessness-answers-duration,reply,2,77,61,71,73,84,78,73,assertion/anecdote/authority/speculation carries substantial weight,standalone-final-ledger
223,collins-dawkins-science-belief-god-2022,Science and Belief in God: Francis Collins vs. Richard Dawkins (2022),non_theist,con,Richard Dawkins,con-bottom-up-explanation-removes-design,reply,3,86,84,92,92,89,78,87,stronger support,standalone-final-ledger
223,collins-dawkins-science-belief-god-2022,Science and Belief in God: Francis Collins vs. Richard Dawkins (2022),theist,pro,Francis Collins,pro-laws-remain-unexplained,reply,3,80,70,84,82,90,91,81,material warrant or verification step compressed,standalone-final-ledger
223,collins-dawkins-science-belief-god-2022,Science and Belief in God: Francis Collins vs. Richard Dawkins (2022),non_theist,con,Richard Dawkins,con-constants-near-good-argument,reply,3,86,74,90,85,88,96,85,material warrant or verification step compressed,standalone-final-ledger
223,collins-dawkins-science-belief-god-2022,Science and Belief in God: Francis Collins vs. Richard Dawkins (2022),non_theist,con,Richard Dawkins,con-constant-sensitivity,constructive,2,86,80,86,79,84,91,84,stronger support,standalone-final-ledger
223,collins-dawkins-science-belief-god-2022,Science and Belief in God: Francis Collins vs. Richard Dawkins (2022),non_theist,con,Richard Dawkins,con-fine-tuner-does-not-explain,reply,3,82,71,90,89,87,71,82,material warrant or verification step compressed,standalone-final-ledger
223,collins-dawkins-science-belief-god-2022,Science and Belief in God: Francis Collins vs. Richard Dawkins (2022),theist,pro,Francis Collins,pro-multiverse-also-evidential-leap,constructive,3,81,68,86,84,87,80,80,assertion/anecdote/authority/speculation carries substantial weight,standalone-final-ledger
223,collins-dawkins-science-belief-god-2022,Science and Belief in God: Francis Collins vs. Richard Dawkins (2022),theist,pro,Francis Collins,pro-timeless-god-stops-regress,reply,3,74,59,74,76,80,76,72,assertion/anecdote/authority/speculation carries substantial weight,standalone-final-ledger
223,collins-dawkins-science-belief-god-2022,Science and Belief in God: Francis Collins vs. Richard Dawkins (2022),theist,pro,Francis Collins,pro-god-rational-not-proof,constructive,3,78,67,88,89,92,95,83,assertion/anecdote/authority/speculation carries substantial weight,standalone-final-ledger
223,collins-dawkins-science-belief-god-2022,Science and Belief in God: Francis Collins vs. Richard Dawkins (2022),non_theist,con,Richard Dawkins,con-multiverse-not-ad-hoc,reply,2,83,72,89,83,85,95,83,material warrant or verification step compressed,standalone-final-ledger
223,collins-dawkins-science-belief-god-2022,Science and Belief in God: Francis Collins vs. Richard Dawkins (2022),theist,pro,Francis Collins,pro-priors-mediate-explanations,reply,3,82,70,87,83,83,91,82,material warrant or verification step compressed,standalone-final-ledger
223,collins-dawkins-science-belief-god-2022,Science and Belief in God: Francis Collins vs. Richard Dawkins (2022),non_theist,con,Richard Dawkins,con-simple-to-complex-presupposition,constructive,2,83,72,83,77,87,95,82,material warrant or verification step compressed,standalone-final-ledger
223,collins-dawkins-science-belief-god-2022,Science and Belief in God: Francis Collins vs. Richard Dawkins (2022),non_theist,con,Richard Dawkins,con-complex-god-disrupts-explanation,constructive,3,76,67,84,86,83,70,77,assertion/anecdote/authority/speculation carries substantial weight,standalone-final-ledger
223,collins-dawkins-science-belief-god-2022,Science and Belief in God: Francis Collins vs. Richard Dawkins (2022),non_theist,con,Richard Dawkins,con-divine-simplicity-implausible,constructive,2,75,63,84,82,84,59,75,assertion/anecdote/authority/speculation carries substantial weight,standalone-final-ledger
223,collins-dawkins-science-belief-god-2022,Science and Belief in God: Francis Collins vs. Richard Dawkins (2022),theist,pro,Francis Collins,pro-transcendent-mind-exceeds-concepts,reply,2,67,56,63,67,69,82,66,assertion/anecdote/authority/speculation carries substantial weight,standalone-final-ledger
223,collins-dawkins-science-belief-god-2022,Science and Belief in God: Francis Collins vs. Richard Dawkins (2022),non_theist,con,Richard Dawkins,con-god-as-scientific-question,constructive,2,75,62,82,78,70,84,75,assertion/anecdote/authority/speculation carries substantial weight,standalone-final-ledger
223,collins-dawkins-science-belief-god-2022,Science and Belief in God: Francis Collins vs. Richard Dawkins (2022),theist,pro,Francis Collins,pro-science-cannot-prove-transcendent,reply,3,82,70,90,87,90,93,84,material warrant or verification step compressed,standalone-final-ledger
223,collins-dawkins-science-belief-god-2022,Science and Belief in God: Francis Collins vs. Richard Dawkins (2022),theist,pro,Francis Collins,pro-human-capacities-fit-purpose,constructive,3,73,64,81,81,83,71,75,assertion/anecdote/authority/speculation carries substantial weight,standalone-final-ledger
223,collins-dawkins-science-belief-god-2022,Science and Belief in God: Francis Collins vs. Richard Dawkins (2022),non_theist,con,Richard Dawkins,con-natural-harms-challenge-purpose,reply,3,85,86,94,88,87,83,87,stronger support,standalone-final-ledger
223,collins-dawkins-science-belief-god-2022,Science and Belief in God: Francis Collins vs. Richard Dawkins (2022),theist,pro,Francis Collins,pro-lawful-creation-entails-harms,reply,3,76,68,86,82,76,79,78,assertion/anecdote/authority/speculation carries substantial weight,standalone-final-ledger
223,collins-dawkins-science-belief-god-2022,Science and Belief in God: Francis Collins vs. Richard Dawkins (2022),non_theist,con,Richard Dawkins,con-miracles-conflict-with-nonintervention,reply,3,86,78,94,90,88,80,86,material warrant or verification step compressed,standalone-final-ledger
223,collins-dawkins-science-belief-god-2022,Science and Belief in God: Francis Collins vs. Richard Dawkins (2022),theist,pro,Francis Collins,pro-rare-miracles-convey-message,reply,3,80,60,88,82,84,80,78,assertion/anecdote/authority/speculation carries substantial weight,standalone-final-ledger
223,collins-dawkins-science-belief-god-2022,Science and Belief in God: Francis Collins vs. Richard Dawkins (2022),non_theist,con,Richard Dawkins,con-selective-miracles-inconsistent,reply,3,87,78,94,91,88,83,87,material warrant or verification step compressed,standalone-final-ledger
223,collins-dawkins-science-belief-god-2022,Science and Belief in God: Francis Collins vs. Richard Dawkins (2022),theist,pro,Francis Collins,pro-constant-intervention-destroys-order,reply,2,78,66,74,78,81,75,75,assertion/anecdote/authority/speculation carries substantial weight,standalone-final-ledger
223,collins-dawkins-science-belief-god-2022,Science and Belief in God: Francis Collins vs. Richard Dawkins (2022),non_theist,con,Richard Dawkins,con-jesus-miracle-cluster-inconsistent,reply,2,83,68,88,84,82,78,81,assertion/anecdote/authority/speculation carries substantial weight,standalone-final-ledger
223,collins-dawkins-science-belief-god-2022,Science and Belief in God: Francis Collins vs. Richard Dawkins (2022),non_theist,con,Richard Dawkins,con-altruism-gap-does-not-imply-god,constructive,2,84,77,86,84,84,92,84,material warrant or verification step compressed,standalone-final-ledger
223,collins-dawkins-science-belief-god-2022,Science and Belief in God: Francis Collins vs. Richard Dawkins (2022),non_theist,con,Richard Dawkins,con-evolved-generalized-altruism-rule,constructive,3,84,74,87,87,87,84,83,material warrant or verification step compressed,standalone-final-ledger
223,collins-dawkins-science-belief-god-2022,Science and Belief in God: Francis Collins vs. Richard Dawkins (2022),theist,pro,Francis Collins,pro-nobility-exceeds-misfiring-description,reply,2,60,64,73,68,80,63,67,assertion/anecdote/authority/speculation carries substantial weight,standalone-final-ledger
223,collins-dawkins-science-belief-god-2022,Science and Belief in God: Francis Collins vs. Richard Dawkins (2022),non_theist,con,Richard Dawkins,con-explanation-does-not-dismiss-altruism,reply,3,90,82,95,88,94,94,90,stronger support,standalone-final-ledger
223,collins-dawkins-science-belief-god-2022,Science and Belief in God: Francis Collins vs. Richard Dawkins (2022),non_theist,con,Richard Dawkins,con-moral-terms-need-no-spirit,constructive,2,61,55,71,70,73,72,65,assertion/anecdote/authority/speculation carries substantial weight,standalone-final-ledger
223,collins-dawkins-science-belief-god-2022,Science and Belief in God: Francis Collins vs. Richard Dawkins (2022),non_theist,con,Richard Dawkins,con-beauty-has-natural-analogy,constructive,2,77,74,80,77,80,87,78,material warrant or verification step compressed,standalone-final-ledger
223,collins-dawkins-science-belief-god-2022,Science and Belief in God: Francis Collins vs. Richard Dawkins (2022),theist,pro,Francis Collins,pro-morality-signposts-holy-god,reply,3,69,65,78,81,78,87,75,assertion/anecdote/authority/speculation carries substantial weight,standalone-final-ledger
223,collins-dawkins-science-belief-god-2022,Science and Belief in God: Francis Collins vs. Richard Dawkins (2022),theist,pro,Francis Collins,pro-beauty-lacks-obvious-fitness-value,reply,2,71,69,84,75,84,83,76,assertion/anecdote/authority/speculation carries substantial weight,standalone-final-ledger
223,collins-dawkins-science-belief-god-2022,Science and Belief in God: Francis Collins vs. Richard Dawkins (2022),theist,pro,Francis Collins,pro-joy-suggests-transcendence,reply,2,67,62,77,75,81,76,72,assertion/anecdote/authority/speculation carries substantial weight,standalone-final-ledger
223,collins-dawkins-science-belief-god-2022,Science and Belief in God: Francis Collins vs. Richard Dawkins (2022),non_theist,con,Richard Dawkins,con-neural-explanation-preserves-beauty,reply,3,90,80,94,88,92,95,89,stronger support,standalone-final-ledger
